timestamp,open,high,low,close,volume
2021-11-12 00:00:00+00:00,64774.25,64946.78,64605.51,64808.14,1250.71711
2021-11-12 01:00:00+00:00,64808.14,65365.97,64052.0,65103.56,2384.12655
2021-11-12 02:00:00+00:00,65103.56,65450.7,64920.08,65010.42,1200.26704
2021-11-12 03:00:00+00:00,65010.42,65061.6,64696.5,64826.63,1149.36438
2021-11-12 04:00:00+00:00,64826.63,65075.79,64698.52,64978.99,1035.19464
2021-11-12 05:00:00+00:00,64979.0,65018.54,64664.21,64676.39,712.61516
2021-11-12 06:00:00+00:00,64676.39,64840.44,64444.0,64502.41,898.39786
2021-11-12 07:00:00+00:00,64502.43,64637.15,64202.68,64488.12,1415.95519
2021-11-12 08:00:00+00:00,64488.11,64957.97,64200.0,64890.64,1650.38641
2021-11-12 09:00:00+00:00,64890.63,64897.13,63622.28,63801.48,4005.81423
2021-11-12 10:00:00+00:00,63801.48,64212.98,63522.28,63651.68,2489.62998
2021-11-12 11:00:00+00:00,63651.67,64039.05,63501.0,63753.19,1637.27889
2021-11-12 12:00:00+00:00,63753.19,64199.0,63333.33,63814.04,2203.47537
2021-11-12 13:00:00+00:00,63814.03,64071.43,63244.24,63982.09,2044.13416
2021-11-12 14:00:00+00:00,63980.26,64200.0,63453.38,63467.18,2802.01504
2021-11-12 15:00:00+00:00,63467.18,63568.0,62900.0,63155.94,3315.88975
2021-11-12 16:00:00+00:00,63155.95,63361.12,62278.0,63082.75,4881.12046
2021-11-12 17:00:00+00:00,63082.75,63614.39,62909.31,63578.0,1940.49034
2021-11-12 18:00:00+00:00,63578.0,64089.99,63520.79,63872.36,1929.35803
2021-11-12 19:00:00+00:00,63872.36,63906.01,63539.41,63845.01,951.51556
2021-11-12 20:00:00+00:00,63845.0,64890.0,63833.49,64119.43,1797.41506
2021-11-12 21:00:00+00:00,64119.43,64502.79,63948.74,64070.56,1146.10277
2021-11-12 22:00:00+00:00,64070.56,64195.98,63704.8,63914.33,764.18064
2021-11-12 23:00:00+00:00,63914.34,64367.72,63822.11,64122.23,884.66354
2021-11-13 00:00:00+00:00,64122.22,64455.0,64115.41,64348.69,846.03331
2021-11-13 01:00:00+00:00,64348.7,64412.94,63806.82,63846.58,942.5714
2021-11-13 02:00:00+00:00,63846.57,64017.32,63576.1,63702.78,838.44027
2021-11-13 03:00:00+00:00,63702.78,63880.0,63600.0,63773.94,659.86764
2021-11-13 04:00:00+00:00,63773.93,63922.99,63555.0,63704.67,694.29456
2021-11-13 05:00:00+00:00,63704.66,63846.93,63510.0,63597.54,640.36123
2021-11-13 06:00:00+00:00,63597.54,63866.76,63581.34,63844.16,686.09782
2021-11-13 07:00:00+00:00,63844.16,64123.0,63700.92,64029.99,781.9308
2021-11-13 08:00:00+00:00,64029.99,64081.5,63738.18,63807.29,655.04407
2021-11-13 09:00:00+00:00,63807.28,63883.53,63360.22,63453.16,1354.30489
2021-11-13 10:00:00+00:00,63453.17,63737.81,63373.34,63707.03,751.26069
2021-11-13 11:00:00+00:00,63707.03,63807.91,63502.26,63554.23,688.7827
2021-11-13 12:00:00+00:00,63554.23,63811.71,63427.86,63530.26,982.02587
2021-11-13 13:00:00+00:00,63530.26,63750.0,63462.0,63594.82,909.36653
2021-11-13 14:00:00+00:00,63594.83,64843.0,63543.23,64725.78,3121.44962
2021-11-13 15:00:00+00:00,64725.77,64790.5,64523.76,64688.99,1030.99168
2021-11-13 16:00:00+00:00,64689.0,65000.0,64600.0,64616.64,1718.24918
2021-11-13 17:00:00+00:00,64616.65,64692.16,64500.0,64659.02,728.22041
2021-11-13 18:00:00+00:00,64659.03,64689.82,63920.0,64134.69,1438.77451
2021-11-13 19:00:00+00:00,64134.68,64200.0,63829.01,63941.65,781.2445
2021-11-13 20:00:00+00:00,63941.65,64438.81,63918.89,64359.29,629.17701
2021-11-13 21:00:00+00:00,64359.3,64391.43,64113.0,64365.82,580.99379
2021-11-13 22:00:00+00:00,64365.82,64418.97,64116.0,64275.24,572.08908
2021-11-13 23:00:00+00:00,64275.24,64550.5,64220.7,64380.0,473.40227
2021-11-14 00:00:00+00:00,64380.01,65320.0,64380.0,64974.06,2003.82749
2021-11-14 01:00:00+00:00,64974.05,65079.99,64616.17,64789.04,807.45372
2021-11-14 02:00:00+00:00,64789.04,64925.07,64611.11,64629.99,639.41547
2021-11-14 03:00:00+00:00,64629.98,64838.6,64530.61,64637.81,733.63741
2021-11-14 04:00:00+00:00,64637.81,65014.79,64636.79,64748.66,650.54381
2021-11-14 05:00:00+00:00,64748.65,65046.52,64400.0,64898.4,1038.73314
2021-11-14 06:00:00+00:00,64898.39,65201.72,64700.0,64800.01,989.53371
2021-11-14 07:00:00+00:00,64800.01,64887.42,64439.73,64627.58,999.35912
2021-11-14 08:00:00+00:00,64627.58,64800.0,64056.0,64301.7,1272.25739
2021-11-14 09:00:00+00:00,64301.7,64400.15,64100.0,64251.49,813.42171
2021-11-14 10:00:00+00:00,64251.49,64500.0,64186.23,64380.11,762.60173
2021-11-14 11:00:00+00:00,64380.11,64478.69,64162.48,64445.07,776.88486
2021-11-14 12:00:00+00:00,64445.07,64758.76,64235.84,64600.52,892.72065
2021-11-14 13:00:00+00:00,64600.51,64799.0,64499.9,64630.66,856.55006
2021-11-14 14:00:00+00:00,64630.66,64662.66,64148.27,64354.39,1031.53443
2021-11-14 15:00:00+00:00,64354.39,64354.39,64000.0,64070.41,924.99579
2021-11-14 16:00:00+00:00,64070.41,64211.0,63576.27,63705.58,1772.9945
2021-11-14 17:00:00+00:00,63705.58,64240.0,63601.81,64192.28,1246.64911
2021-11-14 18:00:00+00:00,64188.62,64422.35,63830.0,64028.34,961.11469
2021-11-14 19:00:00+00:00,64028.34,64209.07,63872.46,64170.0,895.51018
2021-11-14 20:00:00+00:00,64169.99,64500.0,64040.47,64221.78,993.10978
2021-11-14 21:00:00+00:00,64221.78,64500.0,64050.0,64308.59,780.83326
2021-11-14 22:00:00+00:00,64308.58,64900.0,64284.79,64520.0,1044.8013
2021-11-14 23:00:00+00:00,64520.01,65550.51,64341.77,65519.1,2816.59016
2021-11-15 00:00:00+00:00,65519.11,66200.0,65519.1,65875.17,4092.34168
2021-11-15 01:00:00+00:00,65875.18,65948.0,65535.0,65896.22,1606.24838
2021-11-15 02:00:00+00:00,65896.23,65942.76,65646.61,65677.44,1076.91135
2021-11-15 03:00:00+00:00,65677.45,65995.0,65600.0,65712.65,950.19905
2021-11-15 04:00:00+00:00,65712.66,66000.0,65698.01,65766.41,1099.06219
2021-11-15 05:00:00+00:00,65766.41,65913.86,65666.42,65696.49,709.98983
2021-11-15 06:00:00+00:00,65696.5,65834.0,65610.0,65666.01,682.52593
2021-11-15 07:00:00+00:00,65666.0,65738.04,65475.01,65579.71,814.90438
2021-11-15 08:00:00+00:00,65579.71,65835.0,65244.47,65735.32,1620.09103
2021-11-15 09:00:00+00:00,65735.33,66401.82,65663.47,65975.13,1884.02134
2021-11-15 10:00:00+00:00,65975.13,66045.0,65726.92,65921.36,888.26185
2021-11-15 11:00:00+00:00,65920.0,65948.83,65624.15,65733.06,935.5819
2021-11-15 12:00:00+00:00,65734.45,65946.63,65537.99,65663.19,1525.18476
2021-11-15 13:00:00+00:00,65663.19,65760.0,65349.0,65489.09,2098.28965
2021-11-15 14:00:00+00:00,65489.09,65493.2,64770.0,64851.0,2074.83406
2021-11-15 15:00:00+00:00,64851.0,64899.4,63993.17,64288.16,3983.29447
2021-11-15 16:00:00+00:00,64288.16,64444.18,63900.0,64275.7,2423.38125
2021-11-15 17:00:00+00:00,64273.15,64444.61,64006.34,64036.99,1550.72297
2021-11-15 18:00:00+00:00,64037.0,64182.25,63624.54,63812.79,1618.35413
2021-11-15 19:00:00+00:00,63812.79,64320.33,63650.54,64265.9,1389.79013
2021-11-15 20:00:00+00:00,64265.91,64265.91,63766.89,63903.43,1274.25829
2021-11-15 21:00:00+00:00,63903.43,64012.29,63400.0,63878.3,1504.12178
2021-11-15 22:00:00+00:00,63880.41,64025.48,63411.38,63989.25,1133.77844
2021-11-15 23:00:00+00:00,63989.24,63998.69,63500.0,63606.74,893.2224
2021-11-16 00:00:00+00:00,63606.73,63617.31,62462.91,62540.03,4765.151
2021-11-16 01:00:00+00:00,62540.02,62636.16,60980.0,62110.1,7766.01382
2021-11-16 02:00:00+00:00,62110.09,62206.8,61500.0,61620.62,2064.41123
2021-11-16 03:00:00+00:00,61620.62,61806.95,60422.2,60907.41,5486.38687
2021-11-16 04:00:00+00:00,60907.4,61600.0,60322.2,61211.43,4081.02324
2021-11-16 05:00:00+00:00,61205.75,61523.55,60742.92,60927.51,3537.29426
2021-11-16 06:00:00+00:00,60927.5,60997.98,60293.06,60830.44,2938.99684
2021-11-16 07:00:00+00:00,60830.43,61054.4,60414.08,60805.27,2262.33608
2021-11-16 08:00:00+00:00,60804.07,61062.76,60573.51,61000.63,2092.30543
2021-11-16 09:00:00+00:00,61000.63,61470.41,60200.0,60200.0,4402.28156
2021-11-16 10:00:00+00:00,60200.0,60288.19,58574.07,60160.0,11141.19679
2021-11-16 11:00:00+00:00,60160.0,60656.95,60011.0,60574.49,3348.41779
2021-11-16 12:00:00+00:00,60576.76,60883.05,60020.0,60038.95,2921.50849
2021-11-16 13:00:00+00:00,60038.94,60776.04,60031.95,60534.45,1994.34783
2021-11-16 14:00:00+00:00,60534.44,61427.0,60452.09,60903.26,3197.58926
2021-11-16 15:00:00+00:00,60902.33,61087.29,60568.95,60669.14,1657.60044
2021-11-16 16:00:00+00:00,60669.15,60923.18,60350.01,60647.89,1742.61945
2021-11-16 17:00:00+00:00,60647.89,60784.3,60160.01,60460.0,1421.27444
2021-11-16 18:00:00+00:00,60460.0,60637.0,59810.0,59900.01,1542.50059
2021-11-16 19:00:00+00:00,59900.01,60612.19,59728.27,60204.47,1857.01542
2021-11-16 20:00:00+00:00,60204.47,60292.69,59105.26,59719.92,2721.92255
2021-11-16 21:00:00+00:00,59720.76,60914.81,59645.28,60453.49,2281.36693
2021-11-16 22:00:00+00:00,60453.5,61199.65,60369.15,60569.46,1166.17851
2021-11-16 23:00:00+00:00,60568.38,60673.99,60000.0,60058.87,1065.41727
2021-11-17 00:00:00+00:00,60058.87,60437.68,59450.0,59712.06,2290.4343
2021-11-17 01:00:00+00:00,59712.06,60275.44,59230.76,59317.37,2180.24673
2021-11-17 02:00:00+00:00,59317.38,59737.62,59082.21,59371.88,2442.80294
2021-11-17 03:00:00+00:00,59371.88,59770.0,58553.12,59039.99,3516.9732
2021-11-17 04:00:00+00:00,59042.0,59495.53,58580.0,59417.21,2120.49328
2021-11-17 05:00:00+00:00,59417.22,59820.99,59243.03,59594.03,1384.83102
2021-11-17 06:00:00+00:00,59594.04,59797.57,59288.16,59607.99,1239.02806
2021-11-17 07:00:00+00:00,59607.99,60142.85,59350.0,59688.0,1948.05945
2021-11-17 08:00:00+00:00,59691.9,60023.0,59570.01,59586.18,1749.51744
2021-11-17 09:00:00+00:00,59586.19,59591.93,58800.0,58926.02,2304.00574
2021-11-17 10:00:00+00:00,58926.02,60601.03,58373.0,60508.03,4350.33059
2021-11-17 11:00:00+00:00,60514.99,60840.23,60315.04,60762.83,3339.49527
2021-11-17 12:00:00+00:00,60762.33,60822.27,60417.64,60455.91,1328.25921
2021-11-17 13:00:00+00:00,60455.92,60600.0,60001.77,60103.08,1303.42551
2021-11-17 14:00:00+00:00,60103.12,60458.38,59582.37,59612.55,2071.93023
2021-11-17 15:00:00+00:00,59612.55,59800.0,59334.23,59664.49,1778.56225
2021-11-17 16:00:00+00:00,59664.5,60449.75,59404.75,60388.99,2418.06083
2021-11-17 17:00:00+00:00,60389.0,60484.32,59990.0,60236.02,1349.13107
2021-11-17 18:00:00+00:00,60232.98,60642.85,60206.92,60470.65,1398.0545
2021-11-17 19:00:00+00:00,60470.65,60672.13,60092.86,60212.49,1016.93935
2021-11-17 20:00:00+00:00,60212.48,60575.08,60021.0,60395.51,1306.43396
2021-11-17 21:00:00+00:00,60395.51,60405.81,59738.4,60098.62,1437.6212
2021-11-17 22:00:00+00:00,60098.62,60125.9,59620.66,59969.01,965.38246
2021-11-17 23:00:00+00:00,59969.02,60494.04,59784.81,60344.87,1049.36632
2021-11-18 00:00:00+00:00,60344.86,60740.46,60125.17,60490.37,1378.35606
2021-11-18 01:00:00+00:00,60490.37,60976.0,60076.98,60569.74,2047.90279
2021-11-18 02:00:00+00:00,60569.73,60802.58,60389.22,60655.42,1320.77286
2021-11-18 03:00:00+00:00,60655.43,60672.53,59840.0,59840.01,1951.91154
2021-11-18 04:00:00+00:00,59840.01,60096.12,59631.74,59676.05,2375.13586
2021-11-18 05:00:00+00:00,59676.05,59906.85,59550.15,59801.2,1372.17654
2021-11-18 06:00:00+00:00,59801.19,60035.46,59584.25,59827.82,1384.35141
2021-11-18 07:00:00+00:00,59827.82,59886.33,59500.0,59734.2,1605.6113
2021-11-18 08:00:00+00:00,59734.21,59840.89,59470.0,59659.74,1114.32964
2021-11-18 09:00:00+00:00,59659.74,59742.73,58962.77,59274.49,2389.89861
2021-11-18 10:00:00+00:00,59274.49,59845.1,58981.18,59789.23,1939.26855
2021-11-18 11:00:00+00:00,59789.23,59970.82,59153.05,59213.49,1715.67129
2021-11-18 12:00:00+00:00,59213.49,59935.0,59001.0,59124.66,2872.57459
2021-11-18 13:00:00+00:00,59124.67,59764.59,58740.63,59191.62,3233.03958
2021-11-18 14:00:00+00:00,59191.64,59292.96,58770.0,58906.65,2055.78248
2021-11-18 15:00:00+00:00,58906.26,59486.0,57650.0,58100.04,8415.94766
2021-11-18 16:00:00+00:00,58100.05,58486.09,57215.38,57276.9,6057.82475
2021-11-18 17:00:00+00:00,57276.9,58077.7,56592.06,57540.2,6421.29177
2021-11-18 18:00:00+00:00,57540.2,58200.0,57501.0,57996.84,1901.06758
2021-11-18 19:00:00+00:00,58004.08,58328.27,57744.0,57928.0,2017.51455
2021-11-18 20:00:00+00:00,57928.0,58484.94,57600.0,57961.23,2084.56995
2021-11-18 21:00:00+00:00,57964.94,58238.09,57400.0,57551.52,1461.34242
2021-11-18 22:00:00+00:00,57551.52,57651.68,56525.0,56613.3,2477.29513
2021-11-18 23:00:00+00:00,56613.3,56987.57,56474.26,56891.62,2553.3624
2021-11-19 00:00:00+00:00,56891.62,57500.0,56674.0,57486.87,2527.51271
2021-11-19 01:00:00+00:00,57486.87,57517.14,56625.8,56694.97,1792.32
2021-11-19 02:00:00+00:00,56694.96,56943.0,55822.92,56101.79,3899.5785
2021-11-19 03:00:00+00:00,56106.34,56212.64,55600.0,55900.0,3043.7131
2021-11-19 04:00:00+00:00,55900.0,56313.0,55817.79,56251.65,1974.93007
2021-11-19 05:00:00+00:00,56251.65,56498.0,56017.87,56404.75,1990.26489
2021-11-19 06:00:00+00:00,56404.75,56460.03,56111.7,56284.49,1557.59046
2021-11-19 07:00:00+00:00,56284.49,56442.72,55853.7,55987.83,1820.56503
2021-11-19 08:00:00+00:00,55987.83,57394.28,55986.05,57024.56,3123.02266
2021-11-19 09:00:00+00:00,57024.55,57487.2,56945.24,56989.77,2334.65204
2021-11-19 10:00:00+00:00,56989.78,57043.86,56682.75,56882.76,1801.90676
2021-11-19 11:00:00+00:00,56882.76,57185.61,56480.59,56989.59,1971.43661
2021-11-19 12:00:00+00:00,56987.25,57349.07,56838.43,56876.39,2099.04122
2021-11-19 13:00:00+00:00,56875.73,57697.3,56700.0,57605.78,3123.84002
2021-11-19 14:00:00+00:00,57605.77,58087.0,57525.76,57994.61,3067.96051
2021-11-19 15:00:00+00:00,57994.61,58173.94,57613.96,57887.98,2542.81595
2021-11-19 16:00:00+00:00,57887.96,58229.0,57734.13,58151.12,3102.61286
2021-11-19 17:00:00+00:00,58151.13,58320.0,57932.96,57971.77,2126.86775
2021-11-19 18:00:00+00:00,57971.77,58078.0,57766.0,57879.47,1426.21909
2021-11-19 19:00:00+00:00,57879.46,58084.54,57599.57,58033.05,1352.41578
2021-11-19 20:00:00+00:00,58033.06,58118.37,57680.01,57767.88,1275.4401
2021-11-19 21:00:00+00:00,57767.87,57943.24,57531.13,57806.94,1111.64168
2021-11-19 22:00:00+00:00,57806.94,58000.0,57690.02,57813.57,737.61429
2021-11-19 23:00:00+00:00,57813.57,58120.0,57723.29,58052.24,911.92518
2021-11-20 00:00:00+00:00,58057.1,58563.33,57932.61,58233.37,1565.89198
2021-11-20 01:00:00+00:00,58233.37,58864.13,58169.33,58790.94,1653.66013
2021-11-20 02:00:00+00:00,58790.94,58979.97,58730.0,58784.38,1456.88613
2021-11-20 03:00:00+00:00,58784.38,58839.76,58431.57,58513.1,1422.9682
2021-11-20 04:00:00+00:00,58513.1,58596.78,58344.45,58486.71,1040.95912
2021-11-20 05:00:00+00:00,58486.71,58556.62,58230.0,58400.07,941.6355
2021-11-20 06:00:00+00:00,58400.07,58849.63,58306.48,58635.06,1120.69233
2021-11-20 07:00:00+00:00,58635.07,58700.0,58350.01,58380.06,872.30752
2021-11-20 08:00:00+00:00,58380.06,58648.96,58315.75,58461.93,879.5715
2021-11-20 09:00:00+00:00,58461.93,58650.0,58367.01,58490.19,876.12555
2021-11-20 10:00:00+00:00,58490.18,58800.0,58350.0,58479.5,1099.28571
2021-11-20 11:00:00+00:00,58479.49,58674.55,58354.12,58625.67,1037.80448
2021-11-20 12:00:00+00:00,58625.67,58834.98,58460.0,58562.1,1073.55279
2021-11-20 13:00:00+00:00,58562.09,58678.0,58373.0,58467.96,946.67832
2021-11-20 14:00:00+00:00,58467.96,58698.0,58317.9,58340.41,1090.59659
2021-11-20 15:00:00+00:00,58337.69,58403.0,57483.42,57588.37,3368.42458
2021-11-20 16:00:00+00:00,57588.38,57870.5,57353.0,57771.68,1724.66219
2021-11-20 17:00:00+00:00,57771.68,57942.64,57600.0,57914.49,1143.87602
2021-11-20 18:00:00+00:00,57914.5,59625.0,57813.49,59411.47,4627.29226
2021-11-20 19:00:00+00:00,59411.47,59496.89,59207.37,59430.04,1482.20753
2021-11-20 20:00:00+00:00,59430.04,59538.18,59308.09,59408.03,1135.46499
2021-11-20 21:00:00+00:00,59408.02,59650.0,59357.21,59592.71,1007.5917
2021-11-20 22:00:00+00:00,59592.71,59729.68,59504.95,59683.58,968.35346
2021-11-20 23:00:00+00:00,59683.58,59845.0,59480.86,59707.51,1275.10152
2021-11-21 00:00:00+00:00,59707.52,59770.78,59276.77,59352.22,1276.16333
2021-11-21 01:00:00+00:00,59352.22,59461.82,59237.75,59327.87,876.21392
2021-11-21 02:00:00+00:00,59327.86,59349.99,58688.93,59040.09,1592.01567
2021-11-21 03:00:00+00:00,59034.94,59183.59,58500.0,58674.67,1396.08199
2021-11-21 04:00:00+00:00,58674.67,58958.87,58562.3,58600.01,949.48141
2021-11-21 05:00:00+00:00,58600.0,59017.58,58555.0,59017.58,889.82855
2021-11-21 06:00:00+00:00,59017.58,59238.32,58830.0,59203.41,1207.66245
2021-11-21 07:00:00+00:00,59203.41,59214.61,58949.47,58982.74,929.46751
2021-11-21 08:00:00+00:00,58982.74,59102.23,58604.52,58731.45,1246.16774
2021-11-21 09:00:00+00:00,58731.46,58954.99,58693.08,58902.48,1147.03559
2021-11-21 10:00:00+00:00,58906.68,58970.53,58486.65,58811.02,1240.11388
2021-11-21 11:00:00+00:00,58811.03,59409.61,58550.0,58692.91,1802.29164
2021-11-21 12:00:00+00:00,58692.91,59288.61,58657.22,59058.0,1546.87839
2021-11-21 13:00:00+00:00,59057.99,59083.45,58796.64,58833.25,1259.49142
2021-11-21 14:00:00+00:00,58833.26,59040.71,58690.43,58895.0,1371.53812
2021-11-21 15:00:00+00:00,58895.0,59294.88,58800.0,59199.26,1336.37745
2021-11-21 16:00:00+00:00,59199.26,59983.11,59122.38,59857.69,2871.0975
2021-11-21 17:00:00+00:00,59857.68,60029.76,59403.91,59469.6,1875.76459
2021-11-21 18:00:00+00:00,59469.59,59543.92,59270.0,59436.01,1294.14742
2021-11-21 19:00:00+00:00,59436.02,59576.93,59212.5,59314.13,1066.41137
2021-11-21 20:00:00+00:00,59314.12,59696.69,59256.99,59585.0,1025.2967
2021-11-21 21:00:00+00:00,59587.98,59652.93,59347.63,59472.09,860.88515
2021-11-21 22:00:00+00:00,59472.1,59515.04,58901.01,59110.33,1120.65451
2021-11-21 23:00:00+00:00,59110.33,59262.61,58500.0,58622.02,1721.16155
2021-11-22 00:00:00+00:00,58617.7,58757.14,57963.03,58118.54,3112.00775
2021-11-22 01:00:00+00:00,58118.54,58244.99,57600.0,58032.61,2069.24922
2021-11-22 02:00:00+00:00,58032.6,58108.9,57305.0,57683.97,2300.15463
2021-11-22 03:00:00+00:00,57683.97,57803.23,56959.07,57383.39,2715.11092
2021-11-22 04:00:00+00:00,57383.4,57527.76,57018.82,57047.46,1517.92417
2021-11-22 05:00:00+00:00,57050.66,57457.43,56766.58,57455.19,1977.2645
2021-11-22 06:00:00+00:00,57455.19,57473.3,57055.0,57307.63,1355.71506
2021-11-22 07:00:00+00:00,57307.63,57780.0,57250.34,57259.54,1437.64078
2021-11-22 08:00:00+00:00,57259.54,57577.43,57236.52,57341.46,1129.83564
2021-11-22 09:00:00+00:00,57341.47,57830.99,57130.26,57131.02,1297.46769
2021-11-22 10:00:00+00:00,57131.02,57396.65,56952.35,57362.38,1186.51836
2021-11-22 11:00:00+00:00,57362.38,57540.66,57141.71,57180.51,1054.67692
2021-11-22 12:00:00+00:00,57180.52,58063.84,57050.0,57159.42,2584.89032
2021-11-22 13:00:00+00:00,57159.42,59444.0,56580.01,58853.92,6278.57949
2021-11-22 14:00:00+00:00,58853.92,59023.98,58130.0,58244.41,2517.35914
2021-11-22 15:00:00+00:00,58247.28,58457.76,57937.03,58194.79,1818.42684
2021-11-22 16:00:00+00:00,58194.78,58250.0,57620.0,57716.56,1961.24426
2021-11-22 17:00:00+00:00,57716.56,57776.88,57288.48,57439.62,1520.69259
2021-11-22 18:00:00+00:00,57439.62,57439.62,56404.66,56440.81,2684.62461
2021-11-22 19:00:00+00:00,56440.81,57082.99,55800.0,55993.03,4075.77189
2021-11-22 20:00:00+00:00,55993.04,56354.65,55680.0,55850.59,2289.42998
2021-11-22 21:00:00+00:00,55850.6,56430.66,55610.0,56240.0,2324.39614
2021-11-22 22:00:00+00:00,56240.01,56711.96,56080.0,56700.02,1315.86097
2021-11-22 23:00:00+00:00,56700.02,56700.02,56218.06,56247.18,1199.4786
2021-11-23 00:00:00+00:00,56243.83,56833.74,55971.97,56596.01,1852.75142
2021-11-23 01:00:00+00:00,56596.0,56989.17,56437.65,56870.87,2076.08424
2021-11-23 02:00:00+00:00,56870.87,57001.73,56641.09,56921.71,1968.20676
2021-11-23 03:00:00+00:00,56921.7,57258.56,56800.0,56947.82,1460.37818
2021-11-23 04:00:00+00:00,56947.82,57037.06,56773.99,56792.04,1057.82978
2021-11-23 05:00:00+00:00,56792.03,56866.53,56358.41,56556.02,1815.08993
2021-11-23 06:00:00+00:00,56556.03,56666.13,56204.0,56392.17,1420.15845
2021-11-23 07:00:00+00:00,56392.17,56412.18,55809.45,56006.74,3212.05963
2021-11-23 08:00:00+00:00,56006.74,56416.84,55691.0,56274.3,2408.41195
2021-11-23 09:00:00+00:00,56274.29,57345.0,55317.0,56622.78,5247.22278
2021-11-23 10:00:00+00:00,56622.77,58009.99,56249.2,56335.53,4891.81813
2021-11-23 11:00:00+00:00,56341.08,56575.63,55944.06,56149.51,1842.51936
2021-11-23 12:00:00+00:00,56147.19,56447.36,56093.55,56313.84,1430.6086
2021-11-23 13:00:00+00:00,56314.66,56937.3,56301.37,56789.71,1929.83376
2021-11-23 14:00:00+00:00,56794.64,57688.0,56595.44,57677.51,3227.24275
2021-11-23 15:00:00+00:00,57677.52,57749.5,56827.37,56883.07,2527.61612
2021-11-23 16:00:00+00:00,56883.07,57589.0,56883.06,57458.78,2387.00028
2021-11-23 17:00:00+00:00,57458.79,57725.0,57217.0,57245.04,1895.056
2021-11-23 18:00:00+00:00,57245.03,57580.1,57110.0,57421.01,1211.34748
2021-11-23 19:00:00+00:00,57421.0,57854.39,57224.13,57778.2,1611.78212
2021-11-23 20:00:00+00:00,57778.21,57850.01,57380.49,57831.77,1573.18627
2021-11-23 21:00:00+00:00,57831.77,57849.97,57511.1,57676.06,1027.12397
2021-11-23 22:00:00+00:00,57676.05,57720.0,57411.36,57561.23,988.51183
2021-11-23 23:00:00+00:00,57561.23,57735.0,57445.14,57541.27,856.01038
2021-11-24 00:00:00+00:00,57541.26,57735.0,57438.63,57493.89,1156.36576
2021-11-24 01:00:00+00:00,57493.9,57559.01,57000.19,57038.74,1820.40285
2021-11-24 02:00:00+00:00,57040.17,57121.2,56136.0,56258.79,2185.23773
2021-11-24 03:00:00+00:00,56258.78,56468.05,56217.47,56399.99,1204.80887
2021-11-24 04:00:00+00:00,56399.99,56766.48,56332.33,56560.02,1118.27504
2021-11-24 05:00:00+00:00,56560.01,56790.76,56483.12,56596.36,1112.2309
2021-11-24 06:00:00+00:00,56596.36,56797.02,56214.85,56607.0,1505.3257
2021-11-24 07:00:00+00:00,56607.0,56702.47,56389.0,56497.47,1238.54469
2021-11-24 08:00:00+00:00,56497.46,57560.0,56389.0,56849.02,2582.79378
2021-11-24 09:00:00+00:00,56849.01,56996.47,56649.93,56682.55,1314.82999
2021-11-24 10:00:00+00:00,56682.55,56895.64,56408.46,56427.82,1540.59845
2021-11-24 11:00:00+00:00,56427.82,56759.45,56311.0,56613.63,1169.48957
2021-11-24 12:00:00+00:00,56613.64,56740.78,56398.87,56436.02,1485.18527
2021-11-24 13:00:00+00:00,56436.02,56859.48,56004.59,56025.8,2699.32042
2021-11-24 14:00:00+00:00,56025.8,56350.0,55837.0,56134.95,2888.60209
2021-11-24 15:00:00+00:00,56134.95,57166.23,56072.66,56727.53,3011.10236
2021-11-24 16:00:00+00:00,56727.53,56866.75,56552.22,56608.82,1590.9396
2021-11-24 17:00:00+00:00,56608.81,56776.42,56477.01,56546.03,1196.56829
2021-11-24 18:00:00+00:00,56546.04,57116.46,56512.81,56799.99,1622.16497
2021-11-24 19:00:00+00:00,56799.98,56893.0,56571.42,56825.13,1199.71656
2021-11-24 20:00:00+00:00,56825.13,57429.0,56722.0,57388.78,1998.99184
2021-11-24 21:00:00+00:00,57388.78,57476.03,57180.0,57308.82,1518.79604
2021-11-24 22:00:00+00:00,57308.82,57450.0,56833.0,56989.83,1226.49314
2021-11-24 23:00:00+00:00,56989.84,57233.99,56957.65,57138.29,1225.26573
2021-11-25 00:00:00+00:00,57138.29,58270.0,57108.74,58008.06,3694.0173
2021-11-25 01:00:00+00:00,58008.06,58270.0,57600.0,57740.4,1881.15163
2021-11-25 02:00:00+00:00,57740.39,57987.97,57372.15,57717.22,1445.6886
2021-11-25 03:00:00+00:00,57717.22,57800.0,57504.76,57749.99,928.82042
2021-11-25 04:00:00+00:00,57749.99,57825.0,57157.89,57237.75,1525.55781
2021-11-25 05:00:00+00:00,57237.75,57290.9,57000.0,57106.01,1318.25906
2021-11-25 06:00:00+00:00,57105.48,57350.0,57078.66,57249.4,1375.57486
2021-11-25 07:00:00+00:00,57249.39,57705.47,57242.45,57648.89,1250.26029
2021-11-25 08:00:00+00:00,57648.9,57925.4,57562.0,57568.07,1393.10366
2021-11-25 09:00:00+00:00,57568.07,57800.0,57329.75,57760.0,1480.25271
2021-11-25 10:00:00+00:00,57760.01,58482.66,57720.09,57987.51,3306.92273
2021-11-25 11:00:00+00:00,57987.5,58094.63,57818.11,58009.99,1985.69666
2021-11-25 12:00:00+00:00,58009.99,58712.0,57900.16,58654.91,2702.16511
2021-11-25 13:00:00+00:00,58654.92,58879.99,58414.3,58548.62,2683.36358
2021-11-25 14:00:00+00:00,58548.62,58775.47,58456.9,58712.1,1593.39424
2021-11-25 15:00:00+00:00,58712.11,59137.76,58578.07,59048.5,2230.11041
2021-11-25 16:00:00+00:00,59048.5,59390.0,58832.36,58985.85,2964.02603
2021-11-25 17:00:00+00:00,58985.86,59268.28,58974.88,59157.42,1703.30427
2021-11-25 18:00:00+00:00,59157.43,59244.24,58999.03,59116.69,1021.82175
2021-11-25 19:00:00+00:00,59116.7,59265.12,58667.01,58853.83,1423.34848
2021-11-25 20:00:00+00:00,58853.84,59088.69,58806.53,58864.05,1196.70072
2021-11-25 21:00:00+00:00,58864.05,59050.03,58702.96,58809.31,932.08404
2021-11-25 22:00:00+00:00,58809.31,58900.01,58519.54,58874.34,917.85548
2021-11-25 23:00:00+00:00,58874.33,59398.9,58778.59,58960.36,1200.03538
2021-11-26 00:00:00+00:00,58960.37,59150.0,58645.56,58698.42,1514.24122
2021-11-26 01:00:00+00:00,58694.35,58886.74,58582.28,58597.1,1376.0873
2021-11-26 02:00:00+00:00,58597.11,58636.82,58141.93,58188.05,1610.32964
2021-11-26 03:00:00+00:00,58188.05,58215.85,57857.0,57900.91,2223.90693
2021-11-26 04:00:00+00:00,57900.9,58013.39,57669.39,57819.58,1548.95546
2021-11-26 05:00:00+00:00,57819.58,57860.85,57478.62,57839.05,1301.79382
2021-11-26 06:00:00+00:00,57839.05,57920.75,57429.74,57586.52,1107.43218
2021-11-26 07:00:00+00:00,57586.53,57652.07,56636.57,56957.86,3040.29803
2021-11-26 08:00:00+00:00,56966.32,56966.32,54350.0,55210.9,13418.6549
2021-11-26 09:00:00+00:00,55210.9,55472.54,54580.01,54874.23,5013.20061
2021-11-26 10:00:00+00:00,54874.24,54904.0,54304.6,54393.79,4185.29175
2021-11-26 11:00:00+00:00,54393.79,54826.8,53680.45,53719.3,5594.04115
2021-11-26 12:00:00+00:00,53719.31,54371.77,53500.0,54299.98,4962.65077
2021-11-26 13:00:00+00:00,54299.99,54641.71,53960.29,54595.12,2735.58695
2021-11-26 14:00:00+00:00,54596.7,54878.38,54288.47,54644.69,3187.71462
2021-11-26 15:00:00+00:00,54644.68,54644.69,54212.0,54341.55,1902.39676
2021-11-26 16:00:00+00:00,54341.54,54567.95,54019.16,54275.13,1943.23159
2021-11-26 17:00:00+00:00,54274.0,54648.93,54150.0,54212.92,1524.94501
2021-11-26 18:00:00+00:00,54212.92,54337.07,53927.44,54081.76,1505.6253
2021-11-26 19:00:00+00:00,54081.76,54446.82,54000.0,54326.76,1140.28048
2021-11-26 20:00:00+00:00,54326.77,54584.74,54209.86,54515.7,988.35147
2021-11-26 21:00:00+00:00,54515.7,54568.99,53959.99,53973.04,1161.71683
2021-11-26 22:00:00+00:00,53973.04,54398.99,53800.0,54062.75,1200.55026
2021-11-26 23:00:00+00:00,54062.76,54203.76,53521.0,53726.53,1740.58763
2021-11-27 00:00:00+00:00,53723.72,54641.99,53610.0,54082.72,1882.51474
2021-11-27 01:00:00+00:00,54082.72,54340.21,53901.0,54146.25,1568.3346
2021-11-27 02:00:00+00:00,54146.25,54512.17,54113.0,54374.25,1251.1652
2021-11-27 03:00:00+00:00,54374.25,54608.22,54262.83,54347.07,1581.79161
2021-11-27 04:00:00+00:00,54347.06,54613.84,54261.76,54476.58,1269.76452
2021-11-27 05:00:00+00:00,54476.58,54540.02,54250.0,54250.01,848.28401
2021-11-27 06:00:00+00:00,54250.01,54479.69,54200.0,54235.55,913.17755
2021-11-27 07:00:00+00:00,54235.55,54462.08,54208.78,54394.56,836.07262
2021-11-27 08:00:00+00:00,54394.55,55280.0,54394.55,55055.65,2506.45456
2021-11-27 09:00:00+00:00,55055.64,55169.86,54582.55,54585.65,1353.56659
2021-11-27 10:00:00+00:00,54585.65,54917.15,54300.0,54725.62,1196.79012
2021-11-27 11:00:00+00:00,54725.62,54984.34,54524.0,54605.73,1012.59435
2021-11-27 12:00:00+00:00,54605.73,54832.14,54500.0,54725.73,802.60931
2021-11-27 13:00:00+00:00,54725.73,55207.54,54659.78,54979.92,1256.63115
2021-11-27 14:00:00+00:00,54979.92,55223.0,54685.1,54718.45,1168.25558
2021-11-27 15:00:00+00:00,54718.46,55009.81,54612.74,54898.22,830.29361
2021-11-27 16:00:00+00:00,54898.23,55224.44,54802.2,54902.02,1308.09152
2021-11-27 17:00:00+00:00,54902.02,55123.01,54812.01,54900.66,1447.66435
2021-11-27 18:00:00+00:00,54900.66,55045.61,54651.0,54976.9,1240.52654
2021-11-27 19:00:00+00:00,54976.9,54999.0,54832.01,54935.91,571.96144
2021-11-27 20:00:00+00:00,54935.91,55065.0,54134.59,54254.59,1706.93376
2021-11-27 21:00:00+00:00,54254.59,54677.0,54011.01,54571.62,1515.40471
2021-11-27 22:00:00+00:00,54571.62,54961.38,54504.24,54835.45,759.0484
2021-11-27 23:00:00+00:00,54835.44,54895.05,54360.79,54721.03,889.06873
2021-11-28 00:00:00+00:00,54716.47,54821.0,54268.77,54660.03,1468.12328
2021-11-28 01:00:00+00:00,54660.03,54724.99,54097.5,54220.21,1685.46794
2021-11-28 02:00:00+00:00,54220.21,54379.31,53666.6,54357.95,2696.78471
2021-11-28 03:00:00+00:00,54357.95,54433.49,54020.06,54137.31,1194.16491
2021-11-28 04:00:00+00:00,54137.31,54207.72,53923.04,54049.56,1094.45882
2021-11-28 05:00:00+00:00,54047.46,54387.15,53970.58,54377.42,870.19017
2021-11-28 06:00:00+00:00,54377.42,54590.48,54173.81,54475.96,787.06509
2021-11-28 07:00:00+00:00,54475.97,54636.65,54396.33,54515.61,985.20489
2021-11-28 08:00:00+00:00,54515.6,54682.9,54231.92,54396.2,823.84063
2021-11-28 09:00:00+00:00,54393.87,54475.0,54130.72,54335.8,765.6928
2021-11-28 10:00:00+00:00,54335.8,54933.8,54184.6,54718.15,1028.53328
2021-11-28 11:00:00+00:00,54718.15,54875.0,54425.27,54493.09,1030.39011
2021-11-28 12:00:00+00:00,54493.1,54635.52,54263.16,54356.62,909.92581
2021-11-28 13:00:00+00:00,54356.62,54396.33,54203.13,54274.2,777.65959
2021-11-28 14:00:00+00:00,54274.2,54555.0,54029.99,54365.0,1130.33676
2021-11-28 15:00:00+00:00,54365.0,54450.0,54169.84,54296.14,753.76788
2021-11-28 16:00:00+00:00,54296.14,54373.0,53942.01,54188.43,1277.09931
2021-11-28 17:00:00+00:00,54188.43,54287.25,53800.0,53896.37,1358.34476
2021-11-28 18:00:00+00:00,53896.36,54186.17,53256.64,54108.99,2958.1331
2021-11-28 19:00:00+00:00,54108.99,54967.5,54044.98,54617.85,2249.22593
2021-11-28 20:00:00+00:00,54617.85,55149.99,54617.84,54918.51,1304.77195
2021-11-28 21:00:00+00:00,54918.51,56390.0,54863.01,56273.23,3117.97195
2021-11-28 22:00:00+00:00,56273.23,56729.72,56023.01,56029.82,2427.7725
2021-11-28 23:00:00+00:00,56029.81,57445.05,56000.0,57274.88,3468.78753
2021-11-29 00:00:00+00:00,57274.89,58000.15,57136.56,57765.73,3073.53448
2021-11-29 01:00:00+00:00,57765.73,58242.09,57501.99,57639.76,2729.83473
2021-11-29 02:00:00+00:00,57643.14,57715.42,57269.72,57309.25,1769.14605
2021-11-29 03:00:00+00:00,57309.26,57426.95,57176.0,57359.02,1648.17893
2021-11-29 04:00:00+00:00,57359.02,57642.93,57232.0,57249.58,1358.97577
2021-11-29 05:00:00+00:00,57249.58,57384.99,57200.0,57325.75,801.75118
2021-11-29 06:00:00+00:00,57325.76,57500.63,57309.65,57426.91,1002.852
2021-11-29 07:00:00+00:00,57426.92,57688.0,57390.0,57515.13,1047.26743
2021-11-29 08:00:00+00:00,57512.17,57642.85,57167.14,57250.09,1016.75223
2021-11-29 09:00:00+00:00,57250.09,57400.0,56666.67,56871.48,1680.13956
2021-11-29 10:00:00+00:00,56871.48,57387.87,56800.0,57170.5,1569.1619
2021-11-29 11:00:00+00:00,57170.49,57300.0,56861.82,56883.29,1116.22353
2021-11-29 12:00:00+00:00,56883.29,57100.0,56850.0,56900.01,1089.55474
2021-11-29 13:00:00+00:00,56900.01,57500.0,56860.0,57293.88,2107.54097
2021-11-29 14:00:00+00:00,57293.87,57430.0,56931.92,57031.09,1233.61584
2021-11-29 15:00:00+00:00,57031.09,57140.0,56799.21,57125.93,1264.98031
2021-11-29 16:00:00+00:00,57125.93,57492.32,57000.01,57467.8,1508.57424
2021-11-29 17:00:00+00:00,57467.79,58776.98,57407.26,58621.72,5092.74673
2021-11-29 18:00:00+00:00,58621.73,58865.97,58479.79,58633.12,1676.96101
2021-11-29 19:00:00+00:00,58633.12,58654.55,57777.14,57880.67,2189.10131
2021-11-29 20:00:00+00:00,57880.67,58249.99,57703.57,58038.63,1210.67577
2021-11-29 21:00:00+00:00,58034.21,58400.0,57987.82,58247.18,1430.54047
2021-11-29 22:00:00+00:00,58247.17,58353.01,58020.25,58048.28,1303.51091
2021-11-29 23:00:00+00:00,58048.27,58099.64,57667.0,57776.25,1203.66
2021-11-30 00:00:00+00:00,57776.25,57964.18,57515.38,57707.38,1404.65505
2021-11-30 01:00:00+00:00,57707.38,57775.7,57036.54,57260.06,2307.00578
2021-11-30 02:00:00+00:00,57260.05,57512.41,57215.13,57357.85,1058.06476
2021-11-30 03:00:00+00:00,57357.86,57414.11,56770.01,57092.92,1577.44633
2021-11-30 04:00:00+00:00,57092.91,57277.33,56983.97,57205.0,928.50736
2021-11-30 05:00:00+00:00,57205.0,57282.11,56280.37,56286.07,1646.18148
2021-11-30 06:00:00+00:00,56297.88,56561.36,55875.55,56534.19,2129.37603
2021-11-30 07:00:00+00:00,56534.2,56767.78,56212.12,56510.08,1453.39744
2021-11-30 08:00:00+00:00,56510.08,57386.58,56236.54,56762.0,2150.46777
2021-11-30 09:00:00+00:00,56762.0,57001.77,56260.0,56729.15,1429.42164
2021-11-30 10:00:00+00:00,56729.15,57224.13,56561.44,57141.94,1468.39214
2021-11-30 11:00:00+00:00,57141.94,57713.91,56904.61,57602.45,2371.43591
2021-11-30 12:00:00+00:00,57602.45,58314.2,57596.74,57819.22,2886.71124
2021-11-30 13:00:00+00:00,57819.22,58349.87,57613.79,58316.91,2358.88823
2021-11-30 14:00:00+00:00,58316.91,58545.41,58039.61,58397.74,2915.21447
2021-11-30 15:00:00+00:00,58397.74,59176.99,57102.05,57238.84,5729.92201
2021-11-30 16:00:00+00:00,57233.8,57749.99,56506.72,56777.38,5851.47177
2021-11-30 17:00:00+00:00,56777.38,57598.22,56500.0,57370.94,1892.02116
2021-11-30 18:00:00+00:00,57370.95,58380.41,57197.06,58319.92,1763.41739
2021-11-30 19:00:00+00:00,58319.92,58334.0,57381.62,57629.99,1454.49978
2021-11-30 20:00:00+00:00,57629.99,57754.63,57193.17,57400.41,1104.11329
2021-11-30 21:00:00+00:00,57400.41,57786.08,56850.0,57097.79,1452.77571
2021-11-30 22:00:00+00:00,57097.8,57534.54,57000.78,57267.91,723.32185
2021-11-30 23:00:00+00:00,57267.9,57424.23,56762.39,56950.56,1104.34335
2021-12-01 00:00:00+00:00,56950.56,57686.12,56630.0,57577.07,1693.73069
2021-12-01 01:00:00+00:00,57577.07,57577.08,56920.0,56994.58,1421.09313
2021-12-01 02:00:00+00:00,56990.52,57362.68,56800.0,57261.52,1374.00141
2021-12-01 03:00:00+00:00,57261.51,57390.0,57001.0,57362.01,1450.97727
2021-12-01 04:00:00+00:00,57362.04,57415.16,56977.59,57054.36,1196.44262
2021-12-01 05:00:00+00:00,57054.35,57130.76,56725.0,56782.01,1092.52965
2021-12-01 06:00:00+00:00,56782.0,57098.93,56666.66,56933.02,984.42796
2021-12-01 07:00:00+00:00,56933.02,57300.0,56819.0,57163.87,1602.92155
2021-12-01 08:00:00+00:00,57163.87,57850.0,56800.0,56901.64,2926.22235
2021-12-01 09:00:00+00:00,56907.34,57182.99,56717.22,57099.39,1670.94948
2021-12-01 10:00:00+00:00,57099.38,57176.52,56821.63,56963.48,1504.19776
2021-12-01 11:00:00+00:00,56963.49,57223.01,56758.87,57157.93,1693.80067
2021-12-01 12:00:00+00:00,57160.66,57384.75,57000.0,57100.2,1270.35169
2021-12-01 13:00:00+00:00,57100.2,57925.0,57038.64,57646.5,2362.16573
2021-12-01 14:00:00+00:00,57646.49,58743.4,57639.62,58536.42,4327.73583
2021-12-01 15:00:00+00:00,58536.41,58819.45,58275.03,58614.49,2819.95517
2021-12-01 16:00:00+00:00,58614.49,59053.55,58400.0,58430.46,2823.23899
2021-12-01 17:00:00+00:00,58430.45,58587.13,57958.02,57994.96,1727.5404
2021-12-01 18:00:00+00:00,57994.97,58107.0,57400.0,57461.32,2227.49797
2021-12-01 19:00:00+00:00,57461.32,57693.0,57000.89,57427.9,2195.92568
2021-12-01 20:00:00+00:00,57427.91,57459.36,56618.72,56788.54,2491.72332
2021-12-01 21:00:00+00:00,56788.54,57030.14,56458.01,56987.82,2077.66375
2021-12-01 22:00:00+00:00,56987.82,57140.06,56633.32,57057.38,1171.0012
2021-12-01 23:00:00+00:00,57057.39,57244.11,56977.7,57184.07,850.54229
2021-12-02 00:00:00+00:00,57184.07,57195.67,56686.0,57009.29,1637.92321
2021-12-02 01:00:00+00:00,57009.3,57375.47,56780.0,57201.41,1307.32909
2021-12-02 02:00:00+00:00,57201.4,57221.73,56821.65,56950.36,1361.92224
2021-12-02 03:00:00+00:00,56954.34,56954.34,55777.77,56300.12,4289.531
2021-12-02 04:00:00+00:00,56300.12,56666.0,56219.58,56475.01,1376.15536
2021-12-02 05:00:00+00:00,56475.0,56976.25,56465.08,56907.99,1483.14396
2021-12-02 06:00:00+00:00,56907.99,56908.0,56341.3,56653.05,1376.65045
2021-12-02 07:00:00+00:00,56653.05,56961.43,56592.34,56810.43,1021.63219
2021-12-02 08:00:00+00:00,56810.42,57175.65,56738.92,56944.94,1422.86646
2021-12-02 09:00:00+00:00,56944.93,57088.3,56567.97,56683.64,1432.37223
2021-12-02 10:00:00+00:00,56683.64,56788.0,56420.83,56553.26,940.37011
2021-12-02 11:00:00+00:00,56547.88,56638.07,56038.15,56314.2,1961.97943
2021-12-02 12:00:00+00:00,56309.51,56590.02,56012.82,56521.12,1431.97974
2021-12-02 13:00:00+00:00,56521.13,56629.04,56062.0,56450.65,1485.36138
2021-12-02 14:00:00+00:00,56450.66,57188.32,56306.0,57097.76,2053.82858
2021-12-02 15:00:00+00:00,57097.77,57367.67,56105.59,56520.81,2509.35757
2021-12-02 16:00:00+00:00,56516.95,56719.02,56001.0,56329.0,2264.38213
2021-12-02 17:00:00+00:00,56329.0,56668.0,56265.0,56576.78,1470.92783
2021-12-02 18:00:00+00:00,56576.77,56737.99,56133.07,56719.45,1309.16626
2021-12-02 19:00:00+00:00,56719.46,56945.52,56501.41,56616.28,1369.1762
2021-12-02 20:00:00+00:00,56616.27,57221.0,56540.0,57028.13,1528.94011
2021-12-02 21:00:00+00:00,57028.12,57034.2,56772.16,56858.71,811.28852
2021-12-02 22:00:00+00:00,56858.7,56918.35,56601.0,56841.7,699.4926
2021-12-02 23:00:00+00:00,56841.7,56917.3,56365.0,56480.34,1028.28311
2021-12-03 00:00:00+00:00,56484.26,56772.24,56419.09,56513.44,847.92592
2021-12-03 01:00:00+00:00,56513.44,56727.18,56354.68,56494.53,1051.81425
2021-12-03 02:00:00+00:00,56494.53,56576.52,56050.81,56257.75,1394.465
2021-12-03 03:00:00+00:00,56257.74,56528.81,56089.0,56323.01,1113.47353
2021-12-03 04:00:00+00:00,56318.89,56700.0,56229.98,56587.4,1318.86346
2021-12-03 05:00:00+00:00,56587.4,57045.44,56407.0,56725.86,1601.70588
2021-12-03 06:00:00+00:00,56725.86,56967.17,56664.71,56847.26,1231.23571
2021-12-03 07:00:00+00:00,56847.27,56971.05,56616.97,56733.69,1048.6481
2021-12-03 08:00:00+00:00,56733.7,56808.87,56454.47,56581.05,1091.51342
2021-12-03 09:00:00+00:00,56581.05,56849.58,56426.35,56815.6,993.93002
2021-12-03 10:00:00+00:00,56815.6,57330.0,56664.27,56826.79,2310.33268
2021-12-03 11:00:00+00:00,56826.8,57155.7,56800.0,56959.77,1353.2559
2021-12-03 12:00:00+00:00,56959.77,57187.63,56747.36,56789.77,1454.34552
2021-12-03 13:00:00+00:00,56789.76,57600.0,56731.09,56863.2,2579.64507
2021-12-03 14:00:00+00:00,56863.2,56944.52,56162.03,56239.08,2381.18845
2021-12-03 15:00:00+00:00,56239.08,56351.17,55722.0,55975.32,3168.36913
2021-12-03 16:00:00+00:00,55975.33,55975.33,54853.21,55000.0,5694.93316
2021-12-03 17:00:00+00:00,54997.17,55084.27,54600.0,54982.31,2899.04525
2021-12-03 18:00:00+00:00,54982.31,55151.94,54451.11,54881.62,2043.24565
2021-12-03 19:00:00+00:00,54881.63,54910.0,53750.0,53838.65,3887.71959
2021-12-03 20:00:00+00:00,53838.66,54251.0,51680.0,53454.0,13628.1541
2021-12-03 21:00:00+00:00,53453.99,54045.42,53333.33,53610.01,2836.73847
2021-12-03 22:00:00+00:00,53610.0,53738.2,53029.98,53409.48,1927.67043
2021-12-03 23:00:00+00:00,53409.48,53833.82,53310.55,53601.05,1069.47158
2021-12-04 00:00:00+00:00,53601.05,53859.1,53000.0,53041.32,1888.59161
2021-12-04 01:00:00+00:00,53041.33,53200.0,52555.0,52982.51,2021.53188
2021-12-04 02:00:00+00:00,52982.5,53120.01,52711.51,53112.4,1295.4639
2021-12-04 03:00:00+00:00,53112.4,53122.86,52000.0,52000.0,2076.11805
2021-12-04 04:00:00+00:00,52000.01,52606.98,49188.0,50256.61,8188.973908
2021-12-04 05:00:00+00:00,50256.61,50537.85,42000.3,47538.03,31612.36861
2021-12-04 06:00:00+00:00,47538.02,48016.9,46779.07,47482.79,11101.96249
2021-12-04 07:00:00+00:00,47482.79,47585.5,46550.0,47242.74,6916.65333
2021-12-04 08:00:00+00:00,47242.75,47918.05,46958.83,47500.58,5176.13873
2021-12-04 09:00:00+00:00,47500.58,47691.97,47283.06,47475.49,3847.61208
2021-12-04 10:00:00+00:00,47475.49,47585.65,46784.43,47370.52,4862.55738
2021-12-04 11:00:00+00:00,47370.51,47394.34,46131.71,46489.67,4155.69845
2021-12-04 12:00:00+00:00,46489.66,47582.71,46489.66,47053.32,3197.57348
2021-12-04 13:00:00+00:00,47053.32,47444.44,46694.26,47387.01,2899.21294
2021-12-04 14:00:00+00:00,47387.01,47872.47,47251.02,47828.29,3265.95713
2021-12-04 15:00:00+00:00,47828.28,48573.78,47752.4,48203.73,4313.45686
2021-12-04 16:00:00+00:00,48203.74,48480.51,47742.09,47842.97,2980.03624
2021-12-04 17:00:00+00:00,47842.98,48388.0,47779.71,48241.05,1840.32245
2021-12-04 18:00:00+00:00,48241.04,48877.0,48154.71,48866.12,2315.71546
2021-12-04 19:00:00+00:00,48866.13,49444.0,48628.25,49250.0,2716.54868
2021-12-04 20:00:00+00:00,49249.99,49480.0,48939.38,49251.94,2552.19552
2021-12-04 21:00:00+00:00,49256.25,49358.24,48447.5,48705.09,1935.92908
2021-12-04 22:00:00+00:00,48705.09,49299.22,48603.87,49207.84,1309.76231
2021-12-04 23:00:00+00:00,49207.85,49487.76,48809.99,49152.47,1732.99318
2021-12-05 00:00:00+00:00,49152.46,49699.0,48315.41,48941.95,3965.68202
2021-12-05 01:00:00+00:00,48944.69,49253.94,48641.19,49017.79,1546.53036
2021-12-05 02:00:00+00:00,49017.8,49111.0,48791.53,49056.98,1297.9506
2021-12-05 03:00:00+00:00,49056.97,49375.0,48843.81,49170.79,1473.77201
2021-12-05 04:00:00+00:00,49170.78,49259.12,48831.61,48948.98,984.83228
2021-12-05 05:00:00+00:00,48948.98,49447.88,48857.99,49424.0,1040.55992
2021-12-05 06:00:00+00:00,49424.0,49598.51,49234.77,49464.64,1856.45015
2021-12-05 07:00:00+00:00,49464.63,49666.94,49229.44,49289.18,1834.47398
2021-12-05 08:00:00+00:00,49289.17,49573.23,49143.12,49474.55,1461.07943
2021-12-05 09:00:00+00:00,49474.55,49474.55,48700.0,48990.84,1976.01031
2021-12-05 10:00:00+00:00,48990.83,49416.38,48838.0,49233.73,1205.28758
2021-12-05 11:00:00+00:00,49233.73,49397.3,48972.64,49242.58,1231.66606
2021-12-05 12:00:00+00:00,49236.24,49699.05,49065.07,49382.34,2038.50363
2021-12-05 13:00:00+00:00,49382.34,49434.99,49135.01,49297.52,1540.13793
2021-12-05 14:00:00+00:00,49297.52,49347.48,48800.0,48926.21,2492.24568
2021-12-05 15:00:00+00:00,48926.21,49133.0,47727.21,47951.57,5477.45332
2021-12-05 16:00:00+00:00,47951.57,48800.0,47894.84,48479.81,3640.86487
2021-12-05 17:00:00+00:00,48488.09,49320.08,48368.96,49262.21,2418.98344
2021-12-05 18:00:00+00:00,49262.21,49351.29,49065.04,49089.18,1121.97362
2021-12-05 19:00:00+00:00,49089.19,49129.56,48279.05,48902.45,1593.65064
2021-12-05 20:00:00+00:00,48902.44,49027.01,48531.59,48814.66,1040.89658
2021-12-05 21:00:00+00:00,48814.67,49225.38,48498.45,49158.83,1655.54592
2021-12-05 22:00:00+00:00,49158.84,49225.2,48773.03,49214.1,1203.29932
2021-12-05 23:00:00+00:00,49214.1,49546.69,49000.14,49396.33,1482.97047
2021-12-06 00:00:00+00:00,49396.32,49438.18,48400.0,48743.61,2057.42448
2021-12-06 01:00:00+00:00,48743.61,48992.98,48273.58,48804.19,2305.0046
2021-12-06 02:00:00+00:00,48804.2,49150.0,48722.56,48862.09,1423.96728
2021-12-06 03:00:00+00:00,48862.09,49187.88,48810.73,49018.47,1358.07646
2021-12-06 04:00:00+00:00,49018.46,49258.44,48955.0,48979.66,1113.13657
2021-12-06 05:00:00+00:00,48979.66,49084.61,48678.54,48678.54,998.37176
2021-12-06 06:00:00+00:00,48678.55,48754.56,48035.01,48168.04,1708.61083
2021-12-06 07:00:00+00:00,48166.51,48433.0,47731.0,48412.66,2701.85588
2021-12-06 08:00:00+00:00,48412.66,49409.79,47828.48,48157.0,4798.68537
2021-12-06 09:00:00+00:00,48160.15,48327.4,47100.0,47428.17,4152.07642
2021-12-06 10:00:00+00:00,47428.18,47890.0,47287.35,47483.23,3143.89888
2021-12-06 11:00:00+00:00,47483.23,48712.79,47200.1,48577.78,5775.33945
2021-12-06 12:00:00+00:00,48577.78,48810.0,48301.27,48465.49,2400.09294
2021-12-06 13:00:00+00:00,48465.49,48699.0,48022.39,48312.0,1955.07209
2021-12-06 14:00:00+00:00,48312.0,48563.19,47822.39,48198.01,2357.3062
2021-12-06 15:00:00+00:00,48198.01,48967.98,48005.24,48942.68,2910.35366
2021-12-06 16:00:00+00:00,48942.67,49188.39,48653.05,49129.72,2772.97669
2021-12-06 17:00:00+00:00,49130.62,49256.36,48872.99,48961.23,1961.85694
2021-12-06 18:00:00+00:00,48961.23,49232.0,48780.0,49174.27,1736.74302
2021-12-06 19:00:00+00:00,49174.26,49366.0,49060.85,49103.0,1440.35674
2021-12-06 20:00:00+00:00,49103.0,49227.9,48760.0,48834.1,1057.56578
2021-12-06 21:00:00+00:00,48834.34,50669.24,48800.68,50059.22,3881.4827
2021-12-06 22:00:00+00:00,50059.22,50891.11,50047.01,50739.91,2886.39192
2021-12-06 23:00:00+00:00,50746.48,50857.63,50267.0,50441.92,1674.56909
2021-12-07 00:00:00+00:00,50441.91,50750.0,50332.62,50634.58,1533.73366
2021-12-07 01:00:00+00:00,50634.59,51430.0,50337.01,50615.67,2622.47355
2021-12-07 02:00:00+00:00,50615.67,50855.09,50500.79,50635.25,1161.74003
2021-12-07 03:00:00+00:00,50635.25,51206.32,50588.37,50945.03,1266.95497
2021-12-07 04:00:00+00:00,50945.02,51188.0,50797.86,50914.61,1490.99037
2021-12-07 05:00:00+00:00,50914.61,51200.0,50821.2,50872.92,1016.79911
2021-12-07 06:00:00+00:00,50872.92,51200.0,50865.61,51148.2,992.81175
2021-12-07 07:00:00+00:00,51148.2,51335.16,50811.44,50907.27,1301.08953
2021-12-07 08:00:00+00:00,50907.27,51256.0,50810.03,51203.11,1426.27045
2021-12-07 09:00:00+00:00,51203.11,51500.0,51001.41,51260.17,2058.93551
2021-12-07 10:00:00+00:00,51260.16,51383.91,51109.0,51309.09,1230.51656
2021-12-07 11:00:00+00:00,51309.1,51500.0,51250.0,51456.2,1269.78585
2021-12-07 12:00:00+00:00,51456.21,51542.0,50611.04,50912.07,3083.94084
2021-12-07 13:00:00+00:00,50911.41,51080.0,50811.11,50912.54,1537.93905
2021-12-07 14:00:00+00:00,50912.54,51500.0,50821.87,51463.66,1628.27167
2021-12-07 15:00:00+00:00,51463.67,51936.33,51345.55,51734.15,2768.30368
2021-12-07 16:00:00+00:00,51734.15,51866.88,51071.0,51358.51,2173.12358
2021-12-07 17:00:00+00:00,51353.22,51372.76,50850.0,50999.97,1427.28582
2021-12-07 18:00:00+00:00,50999.97,51200.0,50900.0,50921.61,1096.36955
2021-12-07 19:00:00+00:00,50921.61,51204.77,50666.0,50884.48,1312.9336
2021-12-07 20:00:00+00:00,50884.49,51006.2,50150.0,50441.59,2194.52091
2021-12-07 21:00:00+00:00,50441.59,50856.46,50358.99,50489.92,1468.15088
2021-12-07 22:00:00+00:00,50489.93,50626.43,50039.74,50245.25,1362.13177
2021-12-07 23:00:00+00:00,50245.25,50710.99,50141.6,50588.95,828.39608
2021-12-08 00:00:00+00:00,50588.95,50744.17,50319.49,50722.23,1065.20082
2021-12-08 01:00:00+00:00,50721.91,50795.45,50342.07,50424.32,1465.02332
2021-12-08 02:00:00+00:00,50424.32,50696.76,50300.58,50332.01,732.70459
2021-12-08 03:00:00+00:00,50332.01,50469.65,50100.0,50110.91,1078.31216
2021-12-08 04:00:00+00:00,50110.9,50413.56,50077.0,50236.03,1067.879
2021-12-08 05:00:00+00:00,50236.03,50555.0,50122.85,50404.9,761.36708
2021-12-08 06:00:00+00:00,50404.89,50700.0,50392.21,50613.15,851.68711
2021-12-08 07:00:00+00:00,50613.15,50652.68,50385.95,50480.93,893.17336
2021-12-08 08:00:00+00:00,50480.92,50620.2,50277.04,50411.62,1062.52629
2021-12-08 09:00:00+00:00,50411.63,50526.38,50100.0,50117.09,1265.11526
2021-12-08 10:00:00+00:00,50117.09,50324.09,49162.87,49223.47,3531.93595
2021-12-08 11:00:00+00:00,49223.47,49509.75,48824.69,49186.51,3216.74252
2021-12-08 12:00:00+00:00,49186.5,49300.39,48600.0,49239.99,2400.12315
2021-12-08 13:00:00+00:00,49240.0,49384.71,48977.65,49047.53,1712.80791
2021-12-08 14:00:00+00:00,49047.54,51050.0,48932.15,50731.52,5282.12016
2021-12-08 15:00:00+00:00,50731.53,51200.0,50457.0,50640.1,2483.05236
2021-12-08 16:00:00+00:00,50640.09,50807.94,50163.24,50439.61,1671.19847
2021-12-08 17:00:00+00:00,50439.6,50490.96,50171.02,50264.0,1115.40482
2021-12-08 18:00:00+00:00,50269.67,50670.77,50052.12,50548.7,1241.05988
2021-12-08 19:00:00+00:00,50548.71,50865.8,50315.78,50423.21,1310.99047
2021-12-08 20:00:00+00:00,50423.2,50896.08,50318.55,50689.01,1294.19176
2021-12-08 21:00:00+00:00,50689.01,50827.39,50474.37,50589.94,871.90891
2021-12-08 22:00:00+00:00,50589.93,50822.17,50079.78,50224.42,1079.50101
2021-12-08 23:00:00+00:00,50224.42,50575.81,50165.31,50471.19,971.8983
2021-12-09 00:00:00+00:00,50471.19,50797.76,50323.83,50399.83,1165.14158
2021-12-09 01:00:00+00:00,50399.84,50483.68,50147.89,50182.7,871.61111
2021-12-09 02:00:00+00:00,50182.71,50276.81,49620.62,49886.02,1628.84987
2021-12-09 03:00:00+00:00,49886.02,49934.12,49425.74,49513.35,951.66432
2021-12-09 04:00:00+00:00,49517.0,49821.01,49420.33,49816.07,1052.17101
2021-12-09 05:00:00+00:00,49816.07,49887.2,49627.0,49767.78,732.01913
2021-12-09 06:00:00+00:00,49767.77,49874.47,49477.0,49620.68,1150.77841
2021-12-09 07:00:00+00:00,49620.69,50350.0,49184.49,50016.89,1981.99757
2021-12-09 08:00:00+00:00,50016.86,50016.89,49215.74,49511.54,1339.34458
2021-12-09 09:00:00+00:00,49511.54,49540.01,48898.0,49206.95,2016.55157
2021-12-09 10:00:00+00:00,49206.95,49408.78,48905.36,49312.05,1549.04156
2021-12-09 11:00:00+00:00,49312.05,49420.01,49036.36,49160.53,1010.60945
2021-12-09 12:00:00+00:00,49160.54,49670.5,48942.85,49405.0,1560.77678
2021-12-09 13:00:00+00:00,49405.0,49415.38,49050.63,49338.38,1095.5444
2021-12-09 14:00:00+00:00,49338.38,49447.93,48500.0,48569.16,2323.47738
2021-12-09 15:00:00+00:00,48569.16,48781.8,48048.0,48464.09,3470.18542
2021-12-09 16:00:00+00:00,48462.08,48838.29,48150.61,48504.98,1739.97337
2021-12-09 17:00:00+00:00,48504.97,48705.15,48125.0,48171.65,1218.86239
2021-12-09 18:00:00+00:00,48171.66,48363.42,47500.0,47753.24,3177.29724
2021-12-09 19:00:00+00:00,47751.87,48018.63,47552.0,47613.53,1598.6556
2021-12-09 20:00:00+00:00,47615.89,47724.39,47320.0,47683.61,1874.89405
2021-12-09 21:00:00+00:00,47683.61,48141.18,47563.45,47980.29,1698.29772
2021-12-09 22:00:00+00:00,47975.5,48468.11,47670.01,47945.2,1374.78005
2021-12-09 23:00:00+00:00,47945.2,48258.37,47505.0,47545.59,1110.16209
2021-12-10 00:00:00+00:00,47535.9,48788.29,47439.29,48017.68,2449.42072
2021-12-10 01:00:00+00:00,48017.68,48565.3,47764.86,48412.2,1594.49584
2021-12-10 02:00:00+00:00,48412.2,48780.0,48290.9,48530.32,1385.84243
2021-12-10 03:00:00+00:00,48525.57,48572.19,48220.5,48373.48,757.8992
2021-12-10 04:00:00+00:00,48373.48,48573.77,48162.58,48165.71,1015.4238
2021-12-10 05:00:00+00:00,48170.66,48359.35,48051.08,48246.57,827.39761
2021-12-10 06:00:00+00:00,48249.78,48430.0,47810.81,47847.59,1296.18883
2021-12-10 07:00:00+00:00,47847.59,48037.48,47550.0,47694.62,2299.85298
2021-12-10 08:00:00+00:00,47694.62,48169.06,47587.39,48090.35,1371.25447
2021-12-10 09:00:00+00:00,48090.35,48495.0,47869.8,48366.37,1232.30238
2021-12-10 10:00:00+00:00,48366.36,48495.22,48131.52,48208.23,1227.90194
2021-12-10 11:00:00+00:00,48208.23,48728.0,48190.47,48711.0,1547.11902
2021-12-10 12:00:00+00:00,48711.0,49233.49,48655.33,49086.58,2355.60044
2021-12-10 13:00:00+00:00,49092.2,50125.0,48850.0,49610.99,3660.60271
2021-12-10 14:00:00+00:00,49611.0,49839.65,48126.0,48275.5,3760.96141
2021-12-10 15:00:00+00:00,48275.5,48604.44,47744.19,47979.22,3260.50106
2021-12-10 16:00:00+00:00,47979.23,48002.35,47251.06,47533.58,3732.90429
2021-12-10 17:00:00+00:00,47535.98,47750.1,47291.78,47713.65,1868.14639
2021-12-10 18:00:00+00:00,47713.65,48326.05,47630.57,47822.77,1750.26547
2021-12-10 19:00:00+00:00,47822.76,48204.18,47438.96,48098.84,1259.57385
2021-12-10 20:00:00+00:00,48098.84,48464.48,48084.06,48430.69,1044.17494
2021-12-10 21:00:00+00:00,48430.69,48522.5,47800.0,47922.24,1197.0791
2021-12-10 22:00:00+00:00,47914.83,48100.0,47450.01,47528.12,948.47027
2021-12-10 23:00:00+00:00,47528.12,47800.0,46852.0,47140.54,2390.19476
2021-12-11 00:00:00+00:00,47140.54,48444.44,46751.0,47746.28,4037.35492
2021-12-11 01:00:00+00:00,47746.28,48249.97,47655.45,47920.0,1338.10207
2021-12-11 02:00:00+00:00,47919.99,48250.0,47900.0,48249.0,809.48635
2021-12-11 03:00:00+00:00,48249.0,48683.7,48160.77,48296.99,1329.12996
2021-12-11 04:00:00+00:00,48297.0,48609.47,48257.63,48530.63,823.6219
2021-12-11 05:00:00+00:00,48530.63,48586.12,48189.01,48322.46,719.97084
2021-12-11 06:00:00+00:00,48322.46,48881.99,48008.03,48042.18,1584.51332
2021-12-11 07:00:00+00:00,48040.5,48165.18,47765.33,48021.76,1944.7745
2021-12-11 08:00:00+00:00,48021.75,48900.0,47843.1,48391.51,1994.80663
2021-12-11 09:00:00+00:00,48391.51,48627.0,48120.09,48529.7,840.81984
2021-12-11 10:00:00+00:00,48529.71,48582.71,48314.58,48385.53,747.82363
2021-12-11 11:00:00+00:00,48385.53,48458.57,48158.24,48240.44,683.23234
2021-12-11 12:00:00+00:00,48240.43,48571.42,48186.38,48517.58,887.01485
2021-12-11 13:00:00+00:00,48517.58,48943.92,48200.0,48353.48,1395.45396
2021-12-11 14:00:00+00:00,48353.48,48554.99,48160.0,48465.0,815.34531
2021-12-11 15:00:00+00:00,48465.0,48771.72,48429.02,48747.02,870.45019
2021-12-11 16:00:00+00:00,48745.11,49276.0,48678.18,48983.91,1936.7472
2021-12-11 17:00:00+00:00,48983.9,49044.38,48569.0,48700.0,1270.8191
2021-12-11 18:00:00+00:00,48699.99,48863.26,48568.7,48671.6,695.85621
2021-12-11 19:00:00+00:00,48671.6,48792.11,48385.98,48407.25,708.39378
2021-12-11 20:00:00+00:00,48407.25,48736.94,48391.68,48564.07,636.46533
2021-12-11 21:00:00+00:00,48564.06,48839.95,48390.22,48782.79,693.14915
2021-12-11 22:00:00+00:00,48779.31,49146.21,48628.36,48826.36,821.94948
2021-12-11 23:00:00+00:00,48826.36,49485.71,48793.65,49389.99,1303.91272
2021-12-12 00:00:00+00:00,49389.99,49699.95,49208.8,49326.62,1860.27056
2021-12-12 01:00:00+00:00,49326.63,49472.78,49038.85,49181.33,1071.67221
2021-12-12 02:00:00+00:00,49181.32,49350.8,49022.9,49044.38,646.25491
2021-12-12 03:00:00+00:00,49044.36,49394.5,49030.0,49305.7,738.23985
2021-12-12 04:00:00+00:00,49305.71,49347.53,48824.09,48865.16,959.70111
2021-12-12 05:00:00+00:00,48865.16,49078.91,48832.58,48979.22,492.1433
2021-12-12 06:00:00+00:00,48979.22,49239.21,48941.58,49159.83,448.46543
2021-12-12 07:00:00+00:00,49159.82,49359.86,49082.3,49301.21,509.32565
2021-12-12 08:00:00+00:00,49301.2,49376.79,48943.37,48965.02,870.05521
2021-12-12 09:00:00+00:00,48965.01,49150.0,48710.66,48806.4,944.37254
2021-12-12 10:00:00+00:00,48806.39,48953.26,48638.0,48917.02,863.26599
2021-12-12 11:00:00+00:00,48917.01,49299.59,48824.0,49124.33,841.97478
2021-12-12 12:00:00+00:00,49124.33,49632.87,49107.33,49513.38,1887.23756
2021-12-12 13:00:00+00:00,49513.38,49889.0,49491.76,49795.44,1617.8614
2021-12-12 14:00:00+00:00,49795.43,49934.59,49507.09,49862.78,1183.58819
2021-12-12 15:00:00+00:00,49862.79,49910.0,49572.38,49623.26,786.98028
2021-12-12 16:00:00+00:00,49623.26,49893.88,49501.69,49875.08,836.52665
2021-12-12 17:00:00+00:00,49871.31,50490.0,49739.47,50251.94,3048.42506
2021-12-12 18:00:00+00:00,50251.94,50777.0,50251.93,50468.71,2022.38063
2021-12-12 19:00:00+00:00,50468.71,50600.0,50014.48,50221.05,1283.562
2021-12-12 20:00:00+00:00,50221.05,50547.07,50147.8,50270.58,762.99289
2021-12-12 21:00:00+00:00,50266.13,50317.77,49862.75,49950.05,917.78949
2021-12-12 22:00:00+00:00,49950.05,50298.99,49920.03,50272.02,749.98746
2021-12-12 23:00:00+00:00,50272.02,50358.24,49950.0,50053.9,674.86106
2021-12-13 00:00:00+00:00,50053.9,50189.97,49540.0,49630.66,1333.10089
2021-12-13 01:00:00+00:00,49630.66,49630.66,48557.73,48597.51,2701.53721
2021-12-13 02:00:00+00:00,48597.51,48930.56,48430.13,48770.42,1537.92901
2021-12-13 03:00:00+00:00,48770.42,49076.74,48691.08,48873.19,1053.46168
2021-12-13 04:00:00+00:00,48873.2,49100.0,48751.96,49025.08,783.08517
2021-12-13 05:00:00+00:00,49026.65,49350.9,48851.47,49238.03,1076.26977
2021-12-13 06:00:00+00:00,49238.03,49304.0,48872.46,48936.88,905.81189
2021-12-13 07:00:00+00:00,48936.88,48995.94,48554.77,48740.01,1284.61901
2021-12-13 08:00:00+00:00,48740.01,49171.57,48145.0,49015.0,1996.57085
2021-12-13 09:00:00+00:00,49015.0,49035.87,48700.89,48859.29,863.05186
2021-12-13 10:00:00+00:00,48859.29,48909.35,48502.0,48688.03,818.76152
2021-12-13 11:00:00+00:00,48688.03,48904.9,48560.85,48847.26,862.51194
2021-12-13 12:00:00+00:00,48845.0,49000.0,48530.32,48588.51,1047.54794
2021-12-13 13:00:00+00:00,48588.51,48644.35,48149.63,48420.97,1598.26464
2021-12-13 14:00:00+00:00,48420.97,48426.2,47700.81,47958.62,2860.91865
2021-12-13 15:00:00+00:00,47960.09,47960.69,47012.03,47252.02,4018.43951
2021-12-13 16:00:00+00:00,47252.02,47559.37,46653.0,47141.41,4670.06575
2021-12-13 17:00:00+00:00,47141.41,47932.19,47070.01,47513.15,2916.45194
2021-12-13 18:00:00+00:00,47513.16,47684.55,47305.0,47444.56,1045.85113
2021-12-13 19:00:00+00:00,47444.55,47444.55,45672.75,46739.36,9568.79079
2021-12-13 20:00:00+00:00,46739.35,46974.91,46342.69,46659.99,3158.43506
2021-12-13 21:00:00+00:00,46660.0,46900.0,46214.13,46791.74,1815.30642
2021-12-13 22:00:00+00:00,46791.74,47288.19,46677.43,46889.28,1754.38097
2021-12-13 23:00:00+00:00,46887.34,47059.55,46555.01,46702.75,1198.35733
2021-12-14 00:00:00+00:00,46702.76,47226.32,46290.0,47000.01,1757.07383
2021-12-14 01:00:00+00:00,47000.0,47108.23,46580.0,46868.28,1050.4912
2021-12-14 02:00:00+00:00,46868.27,47074.79,46677.9,47029.66,1010.55788
2021-12-14 03:00:00+00:00,47029.65,47117.64,46752.31,46952.0,949.54617
2021-12-14 04:00:00+00:00,46952.01,47176.22,46861.8,46989.67,1274.66918
2021-12-14 05:00:00+00:00,46989.68,47133.99,46675.0,46701.26,1209.30338
2021-12-14 06:00:00+00:00,46701.26,46961.14,46306.8,46670.32,1672.77134
2021-12-14 07:00:00+00:00,46670.32,47050.0,46506.38,47000.0,1246.92289
2021-12-14 08:00:00+00:00,46999.99,47516.25,46968.24,47462.0,2292.92478
2021-12-14 09:00:00+00:00,47462.0,47498.66,46789.69,46832.65,1844.99023
2021-12-14 10:00:00+00:00,46833.11,47383.88,46800.0,47345.5,1654.1727
2021-12-14 11:00:00+00:00,47345.5,47740.0,47178.66,47622.0,1848.51791
2021-12-14 12:00:00+00:00,47617.99,47959.77,47505.91,47508.31,2248.9458
2021-12-14 13:00:00+00:00,47508.31,47679.46,46980.94,47168.15,2092.8322
2021-12-14 14:00:00+00:00,47168.15,47333.33,46814.27,47281.94,1847.79492
2021-12-14 15:00:00+00:00,47281.93,47517.27,46617.25,46853.86,2245.26816
2021-12-14 16:00:00+00:00,46853.87,47148.0,46532.35,46737.53,2027.82043
2021-12-14 17:00:00+00:00,46739.58,47100.01,46543.0,46622.03,1558.66499
2021-12-14 18:00:00+00:00,46622.02,46946.15,46429.88,46646.68,1459.37371
2021-12-14 19:00:00+00:00,46646.68,47074.44,46631.84,46859.4,1102.35018
2021-12-14 20:00:00+00:00,46859.42,47900.0,46839.78,47785.2,2355.65086
2021-12-14 21:00:00+00:00,47786.13,48700.41,47746.19,48283.5,2992.57045
2021-12-14 22:00:00+00:00,48283.49,48468.18,48000.0,48268.0,1117.84794
2021-12-14 23:00:00+00:00,48268.01,48440.0,48144.18,48343.28,1094.92332
2021-12-15 00:00:00+00:00,48336.95,48761.0,48067.04,48136.92,1962.15338
2021-12-15 01:00:00+00:00,48136.93,48180.58,47901.0,48073.46,1235.00149
2021-12-15 02:00:00+00:00,48073.47,48095.45,47836.0,47997.58,970.64786
2021-12-15 03:00:00+00:00,47997.57,48299.99,47899.95,48262.41,957.58234
2021-12-15 04:00:00+00:00,48262.4,48444.18,48075.77,48244.14,1742.5507
2021-12-15 05:00:00+00:00,48244.13,48328.37,48045.8,48120.88,1137.24945
2021-12-15 06:00:00+00:00,48120.88,48323.85,48004.41,48057.66,1000.63
2021-12-15 07:00:00+00:00,48057.65,48450.0,47928.64,48209.51,1057.34298
2021-12-15 08:00:00+00:00,48209.51,48850.0,48207.5,48573.09,1651.35961
2021-12-15 09:00:00+00:00,48573.1,48600.73,48377.25,48494.44,1100.57469
2021-12-15 10:00:00+00:00,48494.45,48607.7,48176.57,48247.69,1560.28626
2021-12-15 11:00:00+00:00,48247.69,48348.26,48069.68,48132.54,1257.70436
2021-12-15 12:00:00+00:00,48132.54,48300.0,47517.65,47588.42,2072.69341
2021-12-15 13:00:00+00:00,47588.42,47813.98,47422.87,47652.58,1561.55374
2021-12-15 14:00:00+00:00,47652.58,47790.0,47212.87,47370.0,1531.94997
2021-12-15 15:00:00+00:00,47369.99,47496.83,46587.0,46632.31,3359.91366
2021-12-15 16:00:00+00:00,46632.3,47048.54,46547.0,47004.32,2248.77374
2021-12-15 17:00:00+00:00,47004.32,47365.97,46861.49,47086.3,1800.49956
2021-12-15 18:00:00+00:00,47086.3,48249.96,47011.29,47829.99,3131.12703
2021-12-15 19:00:00+00:00,47830.0,49259.98,47212.0,48674.9,10878.1214
2021-12-15 20:00:00+00:00,48674.9,49500.0,48527.01,49211.84,4690.61661
2021-12-15 21:00:00+00:00,49211.83,49358.75,48865.94,49168.89,2276.03432
2021-12-15 22:00:00+00:00,49168.89,49235.38,48653.0,48747.3,1159.5972
2021-12-15 23:00:00+00:00,48747.31,48974.09,48700.19,48864.98,1285.21724
2021-12-16 00:00:00+00:00,48864.98,49269.03,48723.89,49052.45,1429.90981
2021-12-16 01:00:00+00:00,49052.45,49140.0,48830.13,49027.01,1022.03367
2021-12-16 02:00:00+00:00,49027.01,49069.6,48869.0,49009.12,775.15627
2021-12-16 03:00:00+00:00,49009.13,49053.35,48709.7,48819.6,883.00997
2021-12-16 04:00:00+00:00,48819.59,48888.87,48550.0,48743.17,1070.39618
2021-12-16 05:00:00+00:00,48743.17,48811.13,48502.26,48513.9,883.13902
2021-12-16 06:00:00+00:00,48519.31,48923.47,48504.07,48894.65,1091.46152
2021-12-16 07:00:00+00:00,48894.65,49072.3,48689.65,48712.23,1329.50233
2021-12-16 08:00:00+00:00,48712.23,48976.65,48608.62,48765.39,1199.03574
2021-12-16 09:00:00+00:00,48765.39,48975.0,48730.0,48948.88,870.47531
2021-12-16 10:00:00+00:00,48948.88,49239.05,48902.08,49147.66,1141.24127
2021-12-16 11:00:00+00:00,49147.65,49436.43,48864.47,49207.79,1523.47036
2021-12-16 12:00:00+00:00,49207.79,49213.74,48609.2,48689.45,2098.42985
2021-12-16 13:00:00+00:00,48689.45,49266.6,48378.65,49006.79,1896.88528
2021-12-16 14:00:00+00:00,49006.79,49013.25,48509.01,48536.66,1486.43845
2021-12-16 15:00:00+00:00,48536.65,48718.59,48243.58,48585.81,1926.76748
2021-12-16 16:00:00+00:00,48578.61,48717.43,48302.49,48506.58,1778.62433
2021-12-16 17:00:00+00:00,48506.57,48520.73,48060.0,48084.14,1593.51908
2021-12-16 18:00:00+00:00,48084.15,48313.29,47862.6,47983.5,1434.94112
2021-12-16 19:00:00+00:00,47983.49,48129.67,47666.0,47866.01,1763.75104
2021-12-16 20:00:00+00:00,47866.01,48387.54,47832.34,47929.53,1510.25811
2021-12-16 21:00:00+00:00,47929.53,48167.75,47900.0,48089.61,766.62189
2021-12-16 22:00:00+00:00,48089.61,48167.84,47511.0,47821.27,1428.35052
2021-12-16 23:00:00+00:00,47821.27,47821.27,47532.86,47632.38,1046.44879
2021-12-17 00:00:00+00:00,47632.38,47987.95,47390.43,47789.74,1660.09591
2021-12-17 01:00:00+00:00,47789.74,47995.96,47705.87,47848.33,663.92448
2021-12-17 02:00:00+00:00,47848.33,47876.28,47632.33,47810.01,610.47672
2021-12-17 03:00:00+00:00,47810.02,47813.58,47650.0,47766.07,565.46767
2021-12-17 04:00:00+00:00,47766.07,47950.0,47742.53,47913.02,655.02044
2021-12-17 05:00:00+00:00,47913.02,47953.22,47575.76,47702.81,798.74138
2021-12-17 06:00:00+00:00,47702.81,47738.07,47411.0,47419.95,872.46207
2021-12-17 07:00:00+00:00,47419.95,47430.26,46749.55,47007.25,3210.23622
2021-12-17 08:00:00+00:00,47007.25,47195.0,46900.0,47136.35,1352.88765
2021-12-17 09:00:00+00:00,47136.34,47288.27,46964.72,47228.94,1501.11062
2021-12-17 10:00:00+00:00,47228.95,47247.83,46769.89,46954.96,1783.33015
2021-12-17 11:00:00+00:00,46954.96,47298.54,46880.5,47112.43,1466.92351
2021-12-17 12:00:00+00:00,47112.43,47363.36,46924.99,47039.43,1313.16795
2021-12-17 13:00:00+00:00,47039.43,47242.47,46888.0,46950.03,1101.96482
2021-12-17 14:00:00+00:00,46950.02,46999.99,45750.0,45971.01,6567.83547
2021-12-17 15:00:00+00:00,45971.02,46615.96,45456.0,46528.83,5536.45529
2021-12-17 16:00:00+00:00,46528.83,47440.1,46400.0,47077.3,3904.78593
2021-12-17 17:00:00+00:00,47077.29,47085.22,46625.0,46761.71,1221.67911
2021-12-17 18:00:00+00:00,46761.71,47063.88,46616.99,46989.28,1078.55038
2021-12-17 19:00:00+00:00,46989.28,47111.0,46685.67,46765.66,1066.09261
2021-12-17 20:00:00+00:00,46765.66,46841.24,46157.56,46183.92,1566.14788
2021-12-17 21:00:00+00:00,46183.93,47093.16,46111.12,46852.91,1374.598
2021-12-17 22:00:00+00:00,46852.9,46965.58,45565.58,46555.42,2349.76861
2021-12-17 23:00:00+00:00,46555.42,46568.43,46090.21,46131.2,882.76583
2021-12-18 00:00:00+00:00,46133.83,46380.1,45777.45,46314.87,1690.65423
2021-12-18 01:00:00+00:00,46314.88,46362.47,45629.68,45661.11,1518.51151
2021-12-18 02:00:00+00:00,45662.95,45983.78,45500.0,45696.23,1168.64532
2021-12-18 03:00:00+00:00,45696.22,46545.83,45666.01,46283.05,1396.14327
2021-12-18 04:00:00+00:00,46283.04,46500.0,46072.33,46395.9,1033.28922
2021-12-18 05:00:00+00:00,46395.89,46858.27,46203.11,46592.29,1153.22623
2021-12-18 06:00:00+00:00,46592.29,46770.9,46265.94,46332.38,1034.72929
2021-12-18 07:00:00+00:00,46332.39,46468.98,46310.29,46364.08,656.85305
2021-12-18 08:00:00+00:00,46364.09,46662.96,46194.44,46335.69,1167.00547
2021-12-18 09:00:00+00:00,46335.69,46854.28,46328.4,46841.63,1023.84548
2021-12-18 10:00:00+00:00,46841.62,47392.37,46705.6,47309.57,1749.89596
2021-12-18 11:00:00+00:00,47309.56,47359.04,46930.46,47070.44,1008.64958
2021-12-18 12:00:00+00:00,47070.43,47168.74,46886.18,47035.5,808.18668
2021-12-18 13:00:00+00:00,47035.51,47085.1,46560.83,46639.22,1032.54688
2021-12-18 14:00:00+00:00,46639.22,47045.73,46600.0,47009.02,934.66406
2021-12-18 15:00:00+00:00,47009.03,47219.16,46825.33,46858.55,919.10574
2021-12-18 16:00:00+00:00,46858.56,46992.14,46756.28,46799.94,837.22386
2021-12-18 17:00:00+00:00,46795.0,46862.12,46593.9,46665.13,1321.02112
2021-12-18 18:00:00+00:00,46665.13,46777.84,46620.1,46726.37,660.74307
2021-12-18 19:00:00+00:00,46726.37,46774.44,46325.61,46643.68,1109.88266
2021-12-18 20:00:00+00:00,46643.68,46899.22,46525.0,46864.56,647.99698
2021-12-18 21:00:00+00:00,46864.55,46980.0,46740.9,46948.38,803.65536
2021-12-18 22:00:00+00:00,46948.37,47100.0,46666.67,46773.84,762.23854
2021-12-18 23:00:00+00:00,46773.85,47000.77,46639.7,46834.48,581.33915
2021-12-19 00:00:00+00:00,46834.47,46887.69,46550.0,46664.34,881.73769
2021-12-19 01:00:00+00:00,46664.33,46820.64,46406.91,46579.22,863.54041
2021-12-19 02:00:00+00:00,46579.21,47180.76,46527.76,47150.01,1361.88714
2021-12-19 03:00:00+00:00,47150.01,47990.75,47126.01,47712.38,2633.08777
2021-12-19 04:00:00+00:00,47714.61,48074.16,47712.0,47892.73,1247.47767
2021-12-19 05:00:00+00:00,47892.73,48011.68,47534.8,47600.0,1309.58546
2021-12-19 06:00:00+00:00,47599.99,47673.77,47447.62,47484.32,869.13874
2021-12-19 07:00:00+00:00,47484.33,47736.0,47445.16,47515.09,839.62779
2021-12-19 08:00:00+00:00,47515.09,47641.77,47405.0,47473.06,687.24313
2021-12-19 09:00:00+00:00,47473.03,47560.65,47000.0,47102.02,1635.40195
2021-12-19 10:00:00+00:00,47102.02,47222.0,46807.27,47125.01,1077.84148
2021-12-19 11:00:00+00:00,47125.01,47200.26,46964.46,47152.72,767.31963
2021-12-19 12:00:00+00:00,47155.24,47300.0,46867.01,47256.64,1111.78869
2021-12-19 13:00:00+00:00,47256.64,47777.0,46894.75,47629.95,1648.29469
2021-12-19 14:00:00+00:00,47629.95,48300.01,47000.0,47393.2,3709.81424
2021-12-19 15:00:00+00:00,47393.21,47470.01,47150.0,47239.8,786.11137
2021-12-19 16:00:00+00:00,47239.81,47500.0,47146.0,47162.04,780.38559
2021-12-19 17:00:00+00:00,47162.03,47237.92,47023.71,47141.22,791.62551
2021-12-19 18:00:00+00:00,47141.22,47178.91,46880.0,47121.57,751.59703
2021-12-19 19:00:00+00:00,47117.22,47153.79,46580.0,46673.93,1487.72658
2021-12-19 20:00:00+00:00,46673.94,46902.27,46482.9,46776.39,1033.95367
2021-12-19 21:00:00+00:00,46776.38,46884.95,46631.33,46730.35,597.90587
2021-12-19 22:00:00+00:00,46730.36,47550.0,46657.96,47296.66,1150.0924
2021-12-19 23:00:00+00:00,47296.66,47432.53,46600.0,46681.23,1282.52215
2021-12-20 00:00:00+00:00,46681.24,46900.0,46220.0,46880.83,1733.03255
2021-12-20 01:00:00+00:00,46880.83,47200.0,46493.19,46619.56,1539.83912
2021-12-20 02:00:00+00:00,46619.55,46831.57,46459.36,46731.84,980.7049
2021-12-20 03:00:00+00:00,46731.85,46846.0,46484.99,46687.22,1036.19149
2021-12-20 04:00:00+00:00,46687.22,47032.87,46659.82,46967.48,873.9888
2021-12-20 05:00:00+00:00,46967.48,47049.87,46376.02,46433.18,1375.30955
2021-12-20 06:00:00+00:00,46433.17,46664.96,46250.0,46557.32,1477.90081
2021-12-20 07:00:00+00:00,46557.32,46557.32,46103.0,46429.19,1340.34779
2021-12-20 08:00:00+00:00,46429.19,46554.0,46141.64,46283.24,1265.59991
2021-12-20 09:00:00+00:00,46278.32,46309.16,45819.02,45839.4,2346.10826
2021-12-20 10:00:00+00:00,45839.4,46142.94,45750.0,45882.54,1435.92368
2021-12-20 11:00:00+00:00,45882.55,46138.06,45822.0,46092.6,1067.69187
2021-12-20 12:00:00+00:00,46092.6,46092.6,45650.0,45721.52,1275.36393
2021-12-20 13:00:00+00:00,45721.52,45999.41,45581.94,45713.94,1317.09398
2021-12-20 14:00:00+00:00,45713.94,46313.89,45558.85,46307.49,2633.54582
2021-12-20 15:00:00+00:00,46307.48,46307.49,45907.81,45974.08,1562.93057
2021-12-20 16:00:00+00:00,45974.09,46499.0,45863.72,46412.41,1636.13153
2021-12-20 17:00:00+00:00,46412.5,46500.0,46101.0,46116.61,1200.80394
2021-12-20 18:00:00+00:00,46116.62,46340.1,46025.01,46268.58,1725.71117
2021-12-20 19:00:00+00:00,46268.58,46690.0,46240.01,46585.55,1717.22917
2021-12-20 20:00:00+00:00,46585.56,47246.0,46585.55,47021.02,2240.77932
2021-12-20 21:00:00+00:00,47020.99,47537.57,46956.89,46961.23,2309.70816
2021-12-20 22:00:00+00:00,46962.64,47108.92,46717.55,46757.69,727.72223
2021-12-20 23:00:00+00:00,46757.7,47096.96,46747.84,46914.16,1028.84754
2021-12-21 00:00:00+00:00,46914.17,47162.27,46754.39,46793.23,1227.99665
2021-12-21 01:00:00+00:00,46793.22,47000.0,46630.0,46946.72,1076.8016
2021-12-21 02:00:00+00:00,46946.72,47098.8,46871.82,46942.54,723.05568
2021-12-21 03:00:00+00:00,46942.54,48085.0,46914.76,47928.47,3002.1863
2021-12-21 04:00:00+00:00,47928.48,48824.16,47927.05,48555.01,4522.30817
2021-12-21 05:00:00+00:00,48555.0,48768.6,48291.36,48600.51,2136.57152
2021-12-21 06:00:00+00:00,48600.5,48704.17,48331.56,48546.88,1481.32305
2021-12-21 07:00:00+00:00,48546.88,48671.56,48412.43,48579.77,1225.43448
2021-12-21 08:00:00+00:00,48579.77,49000.0,48512.0,48566.44,2877.38845
2021-12-21 09:00:00+00:00,48566.43,48699.0,48438.49,48591.72,1258.33927
2021-12-21 10:00:00+00:00,48591.71,48785.16,48568.39,48657.85,838.14217
2021-12-21 11:00:00+00:00,48657.86,48899.0,48623.48,48866.92,1073.64637
2021-12-21 12:00:00+00:00,48866.92,49328.96,48641.35,48735.49,3074.34857
2021-12-21 13:00:00+00:00,48735.49,48970.88,48575.09,48909.49,1564.00435
2021-12-21 14:00:00+00:00,48909.49,48966.2,48520.0,48624.01,1453.20324
2021-12-21 15:00:00+00:00,48624.01,48788.87,48265.24,48418.49,2209.08606
2021-12-21 16:00:00+00:00,48418.48,48746.97,48381.57,48685.19,1137.16935
2021-12-21 17:00:00+00:00,48685.18,48876.94,48570.32,48655.17,938.65985
2021-12-21 18:00:00+00:00,48655.16,48684.93,48402.0,48441.51,963.02756
2021-12-21 19:00:00+00:00,48441.51,48660.92,48332.5,48619.79,863.33488
2021-12-21 20:00:00+00:00,48619.8,48791.95,48461.47,48608.95,813.50308
2021-12-21 21:00:00+00:00,48608.94,49177.0,48528.89,49084.25,1360.5625
2021-12-21 22:00:00+00:00,49084.24,49287.93,48943.61,49287.92,873.50019
2021-12-21 23:00:00+00:00,49287.92,49287.93,48840.01,48889.88,1020.3359
2021-12-22 00:00:00+00:00,48887.59,48992.5,48630.01,48644.13,1027.36177
2021-12-22 01:00:00+00:00,48644.12,48847.14,48600.0,48818.89,742.92826
2021-12-22 02:00:00+00:00,48818.9,49576.13,48727.47,49326.5,1987.96756
2021-12-22 03:00:00+00:00,49327.24,49446.35,49141.15,49249.0,892.82053
2021-12-22 04:00:00+00:00,49249.0,49347.9,49081.78,49312.4,1026.27797
2021-12-22 05:00:00+00:00,49312.4,49331.9,48914.07,48964.88,948.35712
2021-12-22 06:00:00+00:00,48964.87,49230.55,48922.33,49057.21,867.53354
2021-12-22 07:00:00+00:00,49057.22,49300.0,49055.74,49206.42,796.68034
2021-12-22 08:00:00+00:00,49206.43,49535.0,49099.54,49258.01,1573.40629
2021-12-22 09:00:00+00:00,49260.22,49325.0,48830.29,48941.35,1411.98917
2021-12-22 10:00:00+00:00,48941.35,49150.0,48862.74,49084.17,905.76958
2021-12-22 11:00:00+00:00,49084.17,49234.69,48891.63,48981.99,1062.06155
2021-12-22 12:00:00+00:00,48981.98,49123.62,48512.0,48578.37,2018.41743
2021-12-22 13:00:00+00:00,48578.36,48790.95,48421.87,48560.0,1437.56593
2021-12-22 14:00:00+00:00,48560.0,48949.99,48521.18,48805.05,1246.36353
2021-12-22 15:00:00+00:00,48805.04,48906.76,48624.15,48879.28,1011.17956
2021-12-22 16:00:00+00:00,48879.28,49245.81,48757.82,48998.0,1300.45263
2021-12-22 17:00:00+00:00,48998.0,49100.0,48689.65,48702.07,959.87212
2021-12-22 18:00:00+00:00,48702.07,48846.42,48524.98,48576.02,886.56148
2021-12-22 19:00:00+00:00,48576.02,48950.0,48506.01,48931.99,799.48215
2021-12-22 20:00:00+00:00,48931.99,49144.99,48860.47,48974.34,1309.98901
2021-12-22 21:00:00+00:00,48974.33,49139.97,48836.72,49048.84,894.4665
2021-12-22 22:00:00+00:00,49048.83,49084.45,48788.49,48977.21,710.47289
2021-12-22 23:00:00+00:00,48977.21,48995.89,48555.0,48588.16,1186.22529
2021-12-23 00:00:00+00:00,48588.17,48673.13,47920.42,48290.0,2329.67688
2021-12-23 01:00:00+00:00,48289.99,48490.22,48069.51,48469.14,927.9752
2021-12-23 02:00:00+00:00,48469.13,48731.71,48321.09,48355.4,1310.53817
2021-12-23 03:00:00+00:00,48355.39,48555.0,48208.25,48524.11,795.94821
2021-12-23 04:00:00+00:00,48524.11,48584.71,48295.51,48362.41,616.1453
2021-12-23 05:00:00+00:00,48362.41,48567.1,48200.0,48384.52,767.30713
2021-12-23 06:00:00+00:00,48384.53,48499.55,48265.71,48468.92,834.07255
2021-12-23 07:00:00+00:00,48468.93,48500.0,48031.45,48129.6,1148.70861
2021-12-23 08:00:00+00:00,48129.61,48363.0,48060.0,48339.9,998.79131
2021-12-23 09:00:00+00:00,48339.91,48424.97,48149.0,48376.94,881.70746
2021-12-23 10:00:00+00:00,48376.94,48450.0,48211.62,48434.53,807.06689
2021-12-23 11:00:00+00:00,48434.53,48541.86,48227.98,48354.77,1185.40474
2021-12-23 12:00:00+00:00,48354.76,48838.63,48323.98,48616.93,1249.92282
2021-12-23 13:00:00+00:00,48616.94,48859.61,48584.43,48614.97,1384.61313
2021-12-23 14:00:00+00:00,48614.96,48700.0,48464.0,48599.23,997.82265
2021-12-23 15:00:00+00:00,48599.24,48849.66,48578.15,48819.33,992.50872
2021-12-23 16:00:00+00:00,48819.33,49154.0,48677.52,49089.49,2038.16202
2021-12-23 17:00:00+00:00,49089.49,50166.0,49013.0,50060.01,3915.22028
2021-12-23 18:00:00+00:00,50060.01,50776.98,50060.0,50619.98,4053.4834
2021-12-23 19:00:00+00:00,50619.98,51375.0,50500.0,51109.99,2934.34312
2021-12-23 20:00:00+00:00,51110.0,51209.3,50718.66,50929.71,1825.89043
2021-12-23 21:00:00+00:00,50929.71,50980.99,50622.75,50824.37,1290.12677
2021-12-23 22:00:00+00:00,50824.37,50998.72,50706.45,50758.94,858.21201
2021-12-23 23:00:00+00:00,50758.94,50851.11,50501.0,50838.81,1048.89266
2021-12-24 00:00:00+00:00,50838.82,50990.0,50644.48,50877.38,1258.57071
2021-12-24 01:00:00+00:00,50877.38,51375.0,50843.12,51350.01,3037.17958
2021-12-24 02:00:00+00:00,51350.01,51527.58,51015.55,51044.02,2286.33021
2021-12-24 03:00:00+00:00,51044.02,51167.46,50851.02,51029.99,1260.66778
2021-12-24 04:00:00+00:00,51030.0,51109.09,50926.55,50951.41,560.6232
2021-12-24 05:00:00+00:00,50951.41,51026.34,50828.99,51012.73,765.92466
2021-12-24 06:00:00+00:00,51012.72,51012.73,50736.11,50883.73,955.1915
2021-12-24 07:00:00+00:00,50883.73,51076.98,50818.1,50994.75,913.84277
2021-12-24 08:00:00+00:00,50994.75,51198.0,50895.57,51069.18,998.78873
2021-12-24 09:00:00+00:00,51069.18,51300.01,51034.97,51267.12,909.00254
2021-12-24 10:00:00+00:00,51267.13,51271.63,51053.96,51181.29,780.55018
2021-12-24 11:00:00+00:00,51181.29,51550.0,50858.0,50993.88,2212.41929
2021-12-24 12:00:00+00:00,50993.89,51084.41,50823.39,51026.21,982.19209
2021-12-24 13:00:00+00:00,51026.21,51171.74,50870.6,51040.49,971.86647
2021-12-24 14:00:00+00:00,51040.49,51244.22,50668.52,50760.99,1466.83006
2021-12-24 15:00:00+00:00,50760.99,50987.2,50384.43,50956.68,1950.43136
2021-12-24 16:00:00+00:00,50956.68,51220.0,50826.08,50926.97,1619.27325
2021-12-24 17:00:00+00:00,50926.96,51116.31,50735.87,51112.83,684.89831
2021-12-24 18:00:00+00:00,51112.83,51638.0,51072.16,51600.48,1861.91217
2021-12-24 19:00:00+00:00,51600.47,51810.0,51083.58,51126.4,1935.07156
2021-12-24 20:00:00+00:00,51126.4,51236.15,50773.9,51109.18,1640.57091
2021-12-24 21:00:00+00:00,51109.17,51135.26,50847.84,50876.44,598.85044
2021-12-24 22:00:00+00:00,50876.44,50955.53,50570.16,50760.55,1001.76155
2021-12-24 23:00:00+00:00,50760.55,50890.01,50500.0,50820.0,1032.09337
2021-12-25 00:00:00+00:00,50819.99,51066.32,50600.0,51045.25,744.53471
2021-12-25 01:00:00+00:00,51045.25,51090.0,50850.0,50992.54,594.85161
2021-12-25 02:00:00+00:00,50992.55,51131.25,50768.42,50768.43,663.28411
2021-12-25 03:00:00+00:00,50768.42,50932.49,50700.19,50844.14,533.43132
2021-12-25 04:00:00+00:00,50844.13,51054.69,50800.79,50886.42,600.63354
2021-12-25 05:00:00+00:00,50886.42,51010.42,50858.56,50886.99,484.5835
2021-12-25 06:00:00+00:00,50886.99,50986.23,50656.43,50965.88,640.70759
2021-12-25 07:00:00+00:00,50965.89,51084.13,50822.17,50919.17,782.58942
2021-12-25 08:00:00+00:00,50919.18,50968.57,50789.0,50886.35,643.88073
2021-12-25 09:00:00+00:00,50886.35,51009.29,50802.0,50807.4,531.8189
2021-12-25 10:00:00+00:00,50807.39,50841.37,50555.0,50645.41,921.06352
2021-12-25 11:00:00+00:00,50645.41,50816.32,50583.15,50682.97,537.97712
2021-12-25 12:00:00+00:00,50682.97,50934.78,50682.96,50802.76,594.23214
2021-12-25 13:00:00+00:00,50802.76,50900.0,50631.55,50847.48,1030.35323
2021-12-25 14:00:00+00:00,50847.48,50865.55,50650.0,50744.9,688.75155
2021-12-25 15:00:00+00:00,50744.89,50815.54,50650.0,50659.91,848.68752
2021-12-25 16:00:00+00:00,50659.91,50765.32,50444.7,50600.02,1358.0278
2021-12-25 17:00:00+00:00,50600.02,50849.0,50142.32,50781.75,2036.45313
2021-12-25 18:00:00+00:00,50781.74,51156.23,50705.64,50986.34,1095.36984
2021-12-25 19:00:00+00:00,50986.35,51062.1,50816.86,50889.15,477.80948
2021-12-25 20:00:00+00:00,50889.15,50995.75,50732.58,50852.83,549.51431
2021-12-25 21:00:00+00:00,50852.83,51080.0,50820.93,50960.01,677.25602
2021-12-25 22:00:00+00:00,50960.01,50970.48,50554.46,50609.58,797.96415
2021-12-25 23:00:00+00:00,50609.59,50691.17,50335.67,50399.66,1301.74089
2021-12-26 00:00:00+00:00,50399.67,50561.34,50255.0,50378.41,1605.46199
2021-12-26 01:00:00+00:00,50378.41,50672.93,50314.66,50523.25,913.48694
2021-12-26 02:00:00+00:00,50523.26,50557.87,49800.0,50028.5,1962.59558
2021-12-26 03:00:00+00:00,50028.49,50028.5,49610.0,49675.56,1885.43297
2021-12-26 04:00:00+00:00,49675.56,49884.71,49600.95,49867.65,861.16017
2021-12-26 05:00:00+00:00,49867.65,49977.07,49800.0,49862.63,626.04398
2021-12-26 06:00:00+00:00,49862.64,49961.51,49804.58,49904.96,475.21303
2021-12-26 07:00:00+00:00,49904.96,49974.98,49716.17,49930.39,545.66501
2021-12-26 08:00:00+00:00,49930.39,50089.93,49826.01,49881.98,742.58404
2021-12-26 09:00:00+00:00,49881.97,50169.17,49840.2,50012.6,772.37161
2021-12-26 10:00:00+00:00,50012.61,50104.0,49924.02,50079.99,720.51634
2021-12-26 11:00:00+00:00,50080.0,50125.0,49412.0,49748.89,1463.81011
2021-12-26 12:00:00+00:00,49748.89,49964.28,49642.11,49870.53,756.26845
2021-12-26 13:00:00+00:00,49870.52,49984.0,49765.2,49841.99,633.77758
2021-12-26 14:00:00+00:00,49842.0,49950.0,49732.01,49901.56,618.67657
2021-12-26 15:00:00+00:00,49901.57,50281.08,49900.74,50049.34,949.75752
2021-12-26 16:00:00+00:00,50049.34,50400.0,50018.38,50240.53,854.58314
2021-12-26 17:00:00+00:00,50240.53,50386.0,50166.08,50255.17,731.04697
2021-12-26 18:00:00+00:00,50255.17,50399.0,50139.07,50351.1,650.75879
2021-12-26 19:00:00+00:00,50351.1,50465.54,50212.83,50342.51,643.89318
2021-12-26 20:00:00+00:00,50342.51,50382.61,50265.97,50269.44,387.9616
2021-12-26 21:00:00+00:00,50269.44,51040.0,49914.73,50774.16,1890.38608
2021-12-26 22:00:00+00:00,50776.16,51280.0,50772.0,50973.64,1221.97065
2021-12-26 23:00:00+00:00,50973.65,51062.04,50638.16,50775.49,656.46684
2021-12-27 00:00:00+00:00,50775.48,50974.97,50567.6,50622.87,1018.69342
2021-12-27 01:00:00+00:00,50622.86,50816.31,50449.0,50787.94,819.30551
2021-12-27 02:00:00+00:00,50787.93,50940.01,50669.04,50816.24,804.4424
2021-12-27 03:00:00+00:00,50816.19,51150.0,50791.07,51009.02,1109.63762
2021-12-27 04:00:00+00:00,51009.02,51093.86,50870.96,51001.51,1079.85491
2021-12-27 05:00:00+00:00,51001.52,51020.0,50832.72,50853.02,747.07122
2021-12-27 06:00:00+00:00,50853.03,50974.82,50730.53,50935.93,808.85343
2021-12-27 07:00:00+00:00,50935.94,50985.39,50631.0,50694.83,966.63121
2021-12-27 08:00:00+00:00,50694.83,50846.63,50555.0,50555.01,873.45815
2021-12-27 09:00:00+00:00,50555.0,50772.47,50499.77,50755.87,1077.65448
2021-12-27 10:00:00+00:00,50755.87,50900.0,50675.32,50791.11,854.73514
2021-12-27 11:00:00+00:00,50791.1,50875.41,50666.01,50759.45,917.20694
2021-12-27 12:00:00+00:00,50759.46,51200.0,50567.07,51118.83,1798.24962
2021-12-27 13:00:00+00:00,51118.84,51400.0,50979.83,51300.0,1689.5045
2021-12-27 14:00:00+00:00,51299.99,51677.0,51210.0,51502.54,1970.71236
2021-12-27 15:00:00+00:00,51502.55,51655.05,51366.0,51450.57,1137.10818
2021-12-27 16:00:00+00:00,51450.58,51519.97,51210.0,51468.0,1233.70476
2021-12-27 17:00:00+00:00,51468.0,52088.0,51441.67,51853.1,2306.06183
2021-12-27 18:00:00+00:00,51853.1,51932.0,51626.55,51690.69,1296.1781
2021-12-27 19:00:00+00:00,51690.68,51713.64,51200.0,51204.64,1297.9168
2021-12-27 20:00:00+00:00,51204.65,51365.76,50906.32,51225.88,1432.38555
2021-12-27 21:00:00+00:00,51225.88,51298.68,50940.0,50975.61,1083.41873
2021-12-27 22:00:00+00:00,50975.6,51230.43,50702.01,51020.06,1234.48078
2021-12-27 23:00:00+00:00,51020.05,51057.68,50622.0,50701.44,1234.95002
2021-12-28 00:00:00+00:00,50701.44,50704.05,50029.62,50350.23,2914.41578
2021-12-28 01:00:00+00:00,50350.22,50350.23,49580.34,49818.63,2830.99927
2021-12-28 02:00:00+00:00,49818.62,49966.06,49581.0,49775.31,1759.24183
2021-12-28 03:00:00+00:00,49775.31,49889.58,49500.0,49828.06,1863.06312
2021-12-28 04:00:00+00:00,49828.07,49828.07,48657.12,49054.47,4642.00877
2021-12-28 05:00:00+00:00,49050.58,49243.73,48950.0,49200.9,1407.13684
2021-12-28 06:00:00+00:00,49200.9,49343.98,49096.67,49218.49,1104.01703
2021-12-28 07:00:00+00:00,49218.49,49366.0,49037.23,49227.13,1009.49151
2021-12-28 08:00:00+00:00,49227.14,49440.05,49113.7,49377.69,1350.82236
2021-12-28 09:00:00+00:00,49377.69,49444.46,49000.0,49027.44,1526.39111
2021-12-28 10:00:00+00:00,49027.44,49172.49,48755.32,49034.57,3495.57867
2021-12-28 11:00:00+00:00,49034.56,49240.08,48897.22,49200.39,1185.66446
2021-12-28 12:00:00+00:00,49200.39,49371.18,49077.64,49100.37,961.44955
2021-12-28 13:00:00+00:00,49100.37,49284.0,48974.24,49024.57,1357.31811
2021-12-28 14:00:00+00:00,49024.56,49155.92,48301.88,49078.29,3094.23155
2021-12-28 15:00:00+00:00,49078.29,49235.95,48890.01,48937.48,1095.28378
2021-12-28 16:00:00+00:00,48937.47,48974.85,48124.0,48627.97,2568.18511
2021-12-28 17:00:00+00:00,48627.97,48645.23,47650.35,48030.43,3337.20207
2021-12-28 18:00:00+00:00,48030.43,48033.04,47600.0,47792.71,1649.24949
2021-12-28 19:00:00+00:00,47800.31,47813.04,47313.01,47689.46,2058.32621
2021-12-28 20:00:00+00:00,47689.46,48142.78,47567.34,47804.6,1648.54449
2021-12-28 21:00:00+00:00,47804.59,47850.0,47482.14,47556.25,986.60873
2021-12-28 22:00:00+00:00,47556.25,47761.21,47320.0,47680.81,1176.87984
2021-12-28 23:00:00+00:00,47680.81,47803.51,47507.84,47543.74,831.22956
2021-12-29 00:00:00+00:00,47543.74,47851.92,47450.01,47770.12,1052.52366
2021-12-29 01:00:00+00:00,47770.11,47973.9,47691.76,47735.13,1102.03536
2021-12-29 02:00:00+00:00,47735.13,48046.02,47659.06,47987.57,1430.83279
2021-12-29 03:00:00+00:00,47989.91,48139.08,47895.18,48001.01,1290.96759
2021-12-29 04:00:00+00:00,48001.01,48056.28,47767.44,47780.0,1155.15633
2021-12-29 05:00:00+00:00,47780.0,47914.93,47750.0,47898.65,891.54873
2021-12-29 06:00:00+00:00,47898.64,47981.24,47748.0,47851.9,776.08095
2021-12-29 07:00:00+00:00,47851.9,47872.14,47522.89,47570.03,1045.12364
2021-12-29 08:00:00+00:00,47570.03,47839.63,47505.0,47722.2,1177.7796
2021-12-29 09:00:00+00:00,47722.19,48092.1,47398.46,47936.2,2298.02924
2021-12-29 10:00:00+00:00,47936.2,47984.88,47600.0,47696.8,1292.49974
2021-12-29 11:00:00+00:00,47696.79,47760.0,47500.37,47737.95,1092.75996
2021-12-29 12:00:00+00:00,47737.96,47777.77,46661.0,46824.23,4248.68643
2021-12-29 13:00:00+00:00,46824.23,47458.92,46586.62,47402.65,2455.36215
2021-12-29 14:00:00+00:00,47402.65,47888.92,47239.6,47826.0,3243.86459
2021-12-29 15:00:00+00:00,47826.0,48030.05,47721.71,47959.36,2180.51068
2021-12-29 16:00:00+00:00,47959.36,48038.92,47603.0,47727.43,1474.70054
2021-12-29 17:00:00+00:00,47727.44,47737.33,47472.92,47554.91,1074.53226
2021-12-29 18:00:00+00:00,47554.91,47769.01,47393.36,47531.47,1146.30078
2021-12-29 19:00:00+00:00,47531.47,47549.93,47024.27,47148.61,1502.3662
2021-12-29 20:00:00+00:00,47148.62,47709.2,47079.27,47369.97,1190.17644
2021-12-29 21:00:00+00:00,47369.97,47396.66,47053.88,47230.0,1207.14071
2021-12-29 22:00:00+00:00,47230.0,47488.38,47100.0,47274.61,859.77657
2021-12-29 23:00:00+00:00,47274.61,47383.92,46096.99,46464.66,4310.11506
2021-12-30 00:00:00+00:00,46464.66,46844.8,45900.0,46693.1,3078.04395
2021-12-30 01:00:00+00:00,46693.1,46748.99,46433.53,46562.7,1158.75205
2021-12-30 02:00:00+00:00,46562.69,46664.98,46242.25,46661.95,1204.01001
2021-12-30 03:00:00+00:00,46661.94,46710.0,46468.15,46504.0,1036.37002
2021-12-30 04:00:00+00:00,46504.0,46938.76,46490.01,46722.24,1127.4224
2021-12-30 05:00:00+00:00,46722.25,46811.0,46577.0,46759.63,1116.94398
2021-12-30 06:00:00+00:00,46761.93,46959.65,46702.82,46896.5,926.13329
2021-12-30 07:00:00+00:00,46896.0,47105.37,46836.07,46980.71,1350.65584
2021-12-30 08:00:00+00:00,46980.71,47195.07,46765.43,46795.75,1363.55046
2021-12-30 09:00:00+00:00,46795.74,46993.12,46720.51,46753.42,1039.54077
2021-12-30 10:00:00+00:00,46753.42,46962.93,46659.13,46952.91,805.19709
2021-12-30 11:00:00+00:00,46952.91,47566.0,46888.99,47515.45,1578.22049
2021-12-30 12:00:00+00:00,47515.45,47719.37,47400.0,47514.17,2014.69387
2021-12-30 13:00:00+00:00,47514.16,47555.55,47300.0,47321.49,1350.13045
2021-12-30 14:00:00+00:00,47321.5,47437.72,47166.97,47345.03,1333.65225
2021-12-30 15:00:00+00:00,47345.02,47500.0,47118.69,47159.41,1054.54264
2021-12-30 16:00:00+00:00,47159.42,47640.0,47092.13,47578.69,1554.92502
2021-12-30 17:00:00+00:00,47578.69,47770.0,47467.08,47663.51,1127.83834
2021-12-30 18:00:00+00:00,47663.5,47887.07,47474.58,47860.75,1145.17908
2021-12-30 19:00:00+00:00,47860.74,47900.0,47528.49,47558.35,1136.2067
2021-12-30 20:00:00+00:00,47558.35,47682.07,47071.0,47203.16,1456.46283
2021-12-30 21:00:00+00:00,47203.16,47347.84,46919.44,47300.0,890.70108
2021-12-30 22:00:00+00:00,47299.99,47325.33,46729.0,47084.88,792.93614
2021-12-30 23:00:00+00:00,47084.88,47242.6,46940.96,47120.87,710.18694
2021-12-31 00:00:00+00:00,47120.88,47500.0,46826.21,47073.98,1084.11426
2021-12-31 01:00:00+00:00,47073.99,47349.1,46842.28,47121.94,762.07203
2021-12-31 02:00:00+00:00,47121.95,47127.53,46825.38,46994.85,798.66344
2021-12-31 03:00:00+00:00,46994.85,47281.68,46906.7,47201.85,633.32006
2021-12-31 04:00:00+00:00,47201.84,47474.0,47141.8,47344.83,775.29781
2021-12-31 05:00:00+00:00,47344.82,47400.36,47200.0,47280.01,592.96257
2021-12-31 06:00:00+00:00,47280.01,47550.0,47156.07,47385.55,748.27615
2021-12-31 07:00:00+00:00,47385.56,47453.15,46836.86,47191.09,1501.74203
2021-12-31 08:00:00+00:00,47191.08,48548.26,47065.3,48433.9,3907.72398
2021-12-31 09:00:00+00:00,48433.9,48548.26,48203.0,48291.96,1894.65137
2021-12-31 10:00:00+00:00,48291.96,48456.47,47909.56,48027.42,1538.89328
2021-12-31 11:00:00+00:00,48027.42,48212.39,47900.0,47975.76,1200.98299
2021-12-31 12:00:00+00:00,47975.76,48108.6,47830.64,47978.84,1172.64226
2021-12-31 13:00:00+00:00,47978.92,48079.45,47886.0,47936.44,1053.87615
2021-12-31 14:00:00+00:00,47936.44,48170.0,47832.13,47976.51,1376.61691
2021-12-31 15:00:00+00:00,47976.51,48116.94,47861.77,48005.37,1261.41289
2021-12-31 16:00:00+00:00,48005.37,48118.45,47409.77,47471.66,1589.51833
2021-12-31 17:00:00+00:00,47471.67,47550.0,46889.0,47016.57,1962.23708
2021-12-31 18:00:00+00:00,47016.56,47040.52,46500.0,46686.41,1687.72844
2021-12-31 19:00:00+00:00,46686.42,46688.68,45678.96,45728.28,3851.30902
2021-12-31 20:00:00+00:00,45728.28,46211.07,45678.0,45879.24,1831.41202
2021-12-31 21:00:00+00:00,45886.66,46513.67,45766.85,46333.86,1734.69585
2021-12-31 22:00:00+00:00,46333.87,46569.97,46232.36,46303.99,991.85142
2021-12-31 23:00:00+00:00,46303.98,46520.13,46132.04,46216.93,985.99762
2022-01-01 00:00:00+00:00,46216.93,46731.39,46208.37,46656.13,1503.33095
2022-01-01 01:00:00+00:00,46656.14,46949.99,46574.06,46778.14,943.81539
2022-01-01 02:00:00+00:00,46778.14,46928.94,46721.96,46811.77,485.1686
2022-01-01 03:00:00+00:00,46811.77,46916.63,46760.12,46813.2,562.88971
2022-01-01 04:00:00+00:00,46813.21,46887.33,46591.23,46711.05,861.88389
2022-01-01 05:00:00+00:00,46711.05,47555.55,46673.94,47192.55,1400.73642
2022-01-01 06:00:00+00:00,47192.56,47324.42,46940.0,46979.62,613.97776
2022-01-01 07:00:00+00:00,46979.61,47255.85,46864.84,47194.73,646.20081
2022-01-01 08:00:00+00:00,47194.73,47344.69,47075.11,47124.82,532.44767
2022-01-01 09:00:00+00:00,47124.82,47215.56,46933.58,47143.98,541.32491
2022-01-01 10:00:00+00:00,47143.98,47298.75,46715.39,46871.08,923.0176
2022-01-01 11:00:00+00:00,46871.09,47007.73,46756.77,46758.87,732.88793
2022-01-01 12:00:00+00:00,46758.87,47150.48,46756.3,47074.05,582.15009
2022-01-01 13:00:00+00:00,47074.05,47199.67,46935.09,47023.24,454.14412
2022-01-01 14:00:00+00:00,47023.24,47100.0,46850.18,46926.22,503.6622
2022-01-01 15:00:00+00:00,46920.01,47491.14,46871.69,47219.04,1515.95305
2022-01-01 16:00:00+00:00,47219.04,47527.24,47186.07,47268.62,1049.57919
2022-01-01 17:00:00+00:00,47268.61,47954.63,47238.81,47754.48,1320.66577
2022-01-01 18:00:00+00:00,47754.47,47844.97,47420.0,47560.55,860.76025
2022-01-01 19:00:00+00:00,47560.54,47611.84,47292.72,47329.78,830.6716
2022-01-01 20:00:00+00:00,47329.79,47559.03,47250.18,47391.82,717.20792
2022-01-01 21:00:00+00:00,47391.82,47573.05,47268.79,47319.67,809.21927
2022-01-01 22:00:00+00:00,47319.66,47490.98,47222.22,47440.74,466.47861
2022-01-01 23:00:00+00:00,47440.74,47814.0,47277.77,47722.65,746.28954
2022-01-02 00:00:00+00:00,47722.66,47750.0,47381.12,47625.3,1082.50817
2022-01-02 01:00:00+00:00,47625.29,47641.83,47315.38,47377.97,465.7536
2022-01-02 02:00:00+00:00,47377.97,47449.56,47275.5,47370.5,452.39245
2022-01-02 03:00:00+00:00,47370.49,47467.11,47269.47,47329.47,387.25302
2022-01-02 04:00:00+00:00,47329.47,47415.73,46770.23,46910.3,1259.6882
2022-01-02 05:00:00+00:00,46910.3,47089.63,46832.08,47081.28,686.20377
2022-01-02 06:00:00+00:00,47081.28,47244.0,47011.24,47122.61,528.20197
2022-01-02 07:00:00+00:00,47122.6,47300.0,47087.62,47173.45,544.37433
2022-01-02 08:00:00+00:00,47173.44,47247.12,46970.05,47222.4,578.28603
2022-01-02 09:00:00+00:00,47222.4,47499.45,47144.12,47273.24,792.44368
2022-01-02 10:00:00+00:00,47273.23,47348.34,47140.3,47188.89,390.08901
2022-01-02 11:00:00+00:00,47188.88,47400.0,47159.57,47235.5,359.02993
2022-01-02 12:00:00+00:00,47238.89,47447.0,47013.5,47292.95,798.05773
2022-01-02 13:00:00+00:00,47289.67,47300.86,47090.0,47137.35,580.44121
2022-01-02 14:00:00+00:00,47137.35,47202.39,47020.0,47112.55,617.66611
2022-01-02 15:00:00+00:00,47112.54,47390.0,47071.27,47340.47,784.16369
2022-01-02 16:00:00+00:00,47340.47,47886.0,47273.64,47792.3,1367.5695
2022-01-02 17:00:00+00:00,47792.29,47990.0,47317.46,47401.14,1440.59237
2022-01-02 18:00:00+00:00,47401.14,47401.14,46654.0,47058.12,1852.33799
2022-01-02 19:00:00+00:00,47056.43,47217.1,46851.51,46907.68,937.38607
2022-01-02 20:00:00+00:00,46907.67,47050.0,46815.17,47007.14,570.22257
2022-01-02 21:00:00+00:00,47007.14,47187.98,46913.27,47018.03,432.59568
2022-01-02 22:00:00+00:00,47017.98,47398.99,47014.84,47255.38,683.72196
2022-01-02 23:00:00+00:00,47255.39,47469.34,47255.38,47286.18,749.48136
2022-01-03 00:00:00+00:00,47286.18,47289.11,47050.0,47050.08,734.11794
2022-01-03 01:00:00+00:00,47050.09,47138.78,46950.0,47116.71,628.0558
2022-01-03 02:00:00+00:00,47116.22,47116.71,46858.44,46999.98,781.70714
2022-01-03 03:00:00+00:00,46999.98,47084.8,46722.39,46793.26,850.43854
2022-01-03 04:00:00+00:00,46793.27,46944.77,46750.0,46822.26,688.49875
2022-01-03 05:00:00+00:00,46822.26,47211.09,46750.13,47078.64,918.62173
2022-01-03 06:00:00+00:00,47078.64,47100.0,46877.84,46923.75,596.63069
2022-01-03 07:00:00+00:00,46923.75,47080.0,46852.38,47051.37,635.22586
2022-01-03 08:00:00+00:00,47051.36,47135.97,46922.27,46978.82,684.64114
2022-01-03 09:00:00+00:00,46978.81,47109.25,46778.0,46984.55,987.07117
2022-01-03 10:00:00+00:00,46984.56,47251.19,46981.84,47126.02,1138.98932
2022-01-03 11:00:00+00:00,47126.02,47431.67,47125.48,47378.0,1451.6891
2022-01-03 12:00:00+00:00,47378.0,47570.0,47175.01,47194.39,1183.63545
2022-01-03 13:00:00+00:00,47194.39,47495.96,47127.51,47153.5,813.83783
2022-01-03 14:00:00+00:00,47153.5,47285.39,46765.0,46874.53,1711.43
2022-01-03 15:00:00+00:00,46874.53,47018.0,46575.25,46693.45,1754.81723
2022-01-03 16:00:00+00:00,46693.44,46780.0,46263.29,46482.34,3415.75302
2022-01-03 17:00:00+00:00,46482.34,46790.0,46411.78,46577.15,1121.75227
2022-01-03 18:00:00+00:00,46577.16,46740.96,46412.99,46472.73,662.25
2022-01-03 19:00:00+00:00,46475.6,46645.34,46360.0,46360.01,661.7066
2022-01-03 20:00:00+00:00,46360.01,46413.47,45696.0,45922.0,3127.50381
2022-01-03 21:00:00+00:00,45922.01,46260.44,45811.87,45979.01,1055.66747
2022-01-03 22:00:00+00:00,45979.01,46439.97,45961.59,46217.9,1002.70049
2022-01-03 23:00:00+00:00,46217.91,46576.94,46170.64,46446.1,1055.33575
2022-01-04 00:00:00+00:00,46446.1,46549.19,46150.0,46244.37,1055.75335
2022-01-04 01:00:00+00:00,46244.37,46404.94,46040.79,46054.99,771.65428
2022-01-04 02:00:00+00:00,46054.99,46268.72,45934.5,46103.36,1021.46917
2022-01-04 03:00:00+00:00,46103.36,46383.77,46001.23,46313.97,755.88587
2022-01-04 04:00:00+00:00,46313.96,46411.12,45996.26,46100.14,2070.6589
2022-01-04 05:00:00+00:00,46100.14,46292.15,46016.24,46151.66,869.60169
2022-01-04 06:00:00+00:00,46148.23,46390.04,46058.51,46367.53,1240.05303
2022-01-04 07:00:00+00:00,46367.53,46600.21,46322.09,46550.0,1554.0381
2022-01-04 08:00:00+00:00,46549.99,46682.06,46385.61,46489.73,1316.31063
2022-01-04 09:00:00+00:00,46489.72,46599.53,46300.0,46356.21,856.18802
2022-01-04 10:00:00+00:00,46356.21,46772.41,46300.0,46625.37,1162.38531
2022-01-04 11:00:00+00:00,46625.37,46765.05,46616.46,46733.77,1351.64824
2022-01-04 12:00:00+00:00,46733.78,46763.0,46479.25,46641.53,897.32283
2022-01-04 13:00:00+00:00,46641.52,47069.01,46410.0,46955.22,1511.87787
2022-01-04 14:00:00+00:00,46955.22,47500.1,46805.54,47333.38,3051.43768
2022-01-04 15:00:00+00:00,47336.98,47557.54,46850.05,46925.35,2605.26496
2022-01-04 16:00:00+00:00,46925.34,46925.35,46650.0,46767.27,1774.71297
2022-01-04 17:00:00+00:00,46767.28,46984.99,46522.91,46555.01,782.53703
2022-01-04 18:00:00+00:00,46555.0,46719.78,45500.0,45750.0,4580.41041
2022-01-04 19:00:00+00:00,45750.01,46454.86,45580.99,46052.36,2717.79608
2022-01-04 20:00:00+00:00,46052.35,46428.27,45957.52,46264.92,1111.32358
2022-01-04 21:00:00+00:00,46264.92,46322.89,46026.75,46221.89,713.51555
2022-01-04 22:00:00+00:00,46221.89,46262.39,45977.78,46159.91,671.315
2022-01-04 23:00:00+00:00,46159.91,46159.91,45760.05,45832.01,1048.25305
2022-01-05 00:00:00+00:00,45832.01,46298.56,45722.21,46271.57,1006.79621
2022-01-05 01:00:00+00:00,46271.56,46333.22,46111.5,46111.5,726.20925
2022-01-05 02:00:00+00:00,46111.5,46390.15,46111.5,46296.95,639.23432
2022-01-05 03:00:00+00:00,46296.96,46549.0,46296.95,46422.55,662.40091
2022-01-05 04:00:00+00:00,46422.56,46527.39,46350.65,46414.47,508.72042
2022-01-05 05:00:00+00:00,46419.0,46419.0,46246.01,46302.8,494.64292
2022-01-05 06:00:00+00:00,46302.79,46466.65,46251.1,46450.0,608.83518
2022-01-05 07:00:00+00:00,46450.0,46490.2,46333.78,46407.51,572.8358
2022-01-05 08:00:00+00:00,46407.5,46681.61,46250.49,46642.07,961.44434
2022-01-05 09:00:00+00:00,46636.78,46949.0,46575.01,46858.94,1536.64847
2022-01-05 10:00:00+00:00,46858.93,47070.0,46697.79,46818.5,1629.77569
2022-01-05 11:00:00+00:00,46818.5,46869.25,46110.0,46270.99,1495.93677
2022-01-05 12:00:00+00:00,46271.0,46348.2,45803.67,46229.99,1882.06245
2022-01-05 13:00:00+00:00,46229.99,46466.66,46112.59,46440.01,1021.81875
2022-01-05 14:00:00+00:00,46440.0,46822.17,46150.35,46689.52,1923.98717
2022-01-05 15:00:00+00:00,46689.52,46822.16,46368.63,46622.53,1228.3942
2022-01-05 16:00:00+00:00,46622.53,46674.37,46282.05,46301.62,1014.13701
2022-01-05 17:00:00+00:00,46301.62,46469.66,46001.0,46010.72,1192.45603
2022-01-05 18:00:00+00:00,46010.72,46365.68,45550.0,45919.92,3668.50105
2022-01-05 19:00:00+00:00,45919.93,46118.85,44500.0,44685.93,7383.66525
2022-01-05 20:00:00+00:00,44685.93,44847.99,43722.54,43967.01,8054.81116
2022-01-05 21:00:00+00:00,43967.01,44331.42,43422.54,43606.37,3844.19955
2022-01-05 22:00:00+00:00,43602.49,43815.2,42500.0,43437.05,6856.6407
2022-01-05 23:00:00+00:00,43437.04,43709.12,43212.0,43451.13,2869.96497
2022-01-06 00:00:00+00:00,43451.14,43772.41,43261.62,43680.94,2221.24911
2022-01-06 01:00:00+00:00,43680.94,43816.0,43306.48,43542.69,1908.16444
2022-01-06 02:00:00+00:00,43542.69,43618.34,43150.05,43259.54,1450.03547
2022-01-06 03:00:00+00:00,43259.55,43310.69,42803.37,42835.0,2327.84721
2022-01-06 04:00:00+00:00,42835.0,43159.17,42600.05,43029.73,3057.2784
2022-01-06 05:00:00+00:00,43029.73,43246.37,42800.0,43050.01,1649.15193
2022-01-06 06:00:00+00:00,43050.0,43231.85,42902.65,43102.28,1265.54726
2022-01-06 07:00:00+00:00,43102.28,43275.8,42987.73,43245.25,1176.41332
2022-01-06 08:00:00+00:00,43245.26,43273.87,42900.0,43055.41,1527.52833
2022-01-06 09:00:00+00:00,43055.42,43089.86,42430.58,42597.87,2907.67194
2022-01-06 10:00:00+00:00,42597.87,42960.0,42568.22,42878.88,1969.46675
2022-01-06 11:00:00+00:00,42878.87,42974.21,42677.28,42878.34,1347.12718
2022-01-06 12:00:00+00:00,42878.33,43077.0,42632.44,43062.76,1642.32739
2022-01-06 13:00:00+00:00,43062.77,43200.0,42900.0,43150.01,1886.14994
2022-01-06 14:00:00+00:00,43150.0,43267.09,42761.9,42805.5,2175.95621
2022-01-06 15:00:00+00:00,42805.5,43019.71,42666.0,42950.01,1709.80241
2022-01-06 16:00:00+00:00,42950.02,43131.76,42725.09,42882.22,1684.48555
2022-01-06 17:00:00+00:00,42882.23,43175.66,42790.89,43005.29,1218.07748
2022-01-06 18:00:00+00:00,43005.3,43400.0,42982.05,43369.04,1267.01944
2022-01-06 19:00:00+00:00,43369.04,43508.78,43224.73,43438.1,1330.94921
2022-01-06 20:00:00+00:00,43438.11,43581.3,43111.57,43221.5,1292.4114
2022-01-06 21:00:00+00:00,43221.5,43253.29,43066.04,43120.64,779.82229
2022-01-06 22:00:00+00:00,43120.63,43236.73,43007.81,43180.97,528.19132
2022-01-06 23:00:00+00:00,43180.96,43241.41,43053.94,43082.31,557.69907
2022-01-07 00:00:00+00:00,43082.3,43145.83,42738.0,42788.15,1388.76561
2022-01-07 01:00:00+00:00,42788.15,43030.5,42785.56,43008.9,699.84938
2022-01-07 02:00:00+00:00,43008.9,43030.0,42771.59,42799.13,747.90157
2022-01-07 03:00:00+00:00,42799.12,42827.07,41577.77,41803.11,6273.84627
2022-01-07 04:00:00+00:00,41803.11,41909.23,41000.0,41700.33,6290.72537
2022-01-07 05:00:00+00:00,41700.33,41950.0,41524.94,41851.33,2331.60741
2022-01-07 06:00:00+00:00,41851.33,41853.19,41409.95,41529.14,1875.03696
2022-01-07 07:00:00+00:00,41529.15,41731.36,41206.9,41706.71,2325.13466
2022-01-07 08:00:00+00:00,41706.71,42883.47,41607.5,42088.61,3719.93086
2022-01-07 09:00:00+00:00,42088.61,42628.34,42060.0,42422.56,1591.9884
2022-01-07 10:00:00+00:00,42422.57,42533.43,42168.0,42172.83,1278.56313
2022-01-07 11:00:00+00:00,42172.84,42350.73,42161.0,42258.62,1036.72745
2022-01-07 12:00:00+00:00,42258.62,42500.0,42258.62,42400.0,975.52441
2022-01-07 13:00:00+00:00,42400.0,42766.17,41200.0,41489.22,5136.68431
2022-01-07 14:00:00+00:00,41489.19,42132.98,41398.13,41894.4,2577.29371
2022-01-07 15:00:00+00:00,41894.4,41915.36,40610.0,41319.11,5256.54394
2022-01-07 16:00:00+00:00,41310.85,42315.85,40917.66,42135.26,4909.62675
2022-01-07 17:00:00+00:00,42137.38,42166.86,41749.06,41993.48,1186.96985
2022-01-07 18:00:00+00:00,41993.68,42000.0,41520.0,41707.64,880.73461
2022-01-07 19:00:00+00:00,41707.04,41898.33,41516.0,41775.38,893.4115
2022-01-07 20:00:00+00:00,41775.38,42054.0,41597.15,41922.2,1109.53468
2022-01-07 21:00:00+00:00,41922.19,42035.0,41845.46,41875.01,596.35057
2022-01-07 22:00:00+00:00,41875.0,41879.42,41350.0,41541.82,973.4074
2022-01-07 23:00:00+00:00,41541.83,41599.92,41336.82,41566.48,780.34938
2022-01-08 00:00:00+00:00,41566.48,42115.2,41558.0,41991.89,1244.69199
2022-01-08 01:00:00+00:00,41991.89,42246.37,41847.48,41883.41,1168.11943
2022-01-08 02:00:00+00:00,41883.42,41944.44,41693.42,41882.85,623.26458
2022-01-08 03:00:00+00:00,41882.86,41911.86,41641.27,41810.91,510.16918
2022-01-08 04:00:00+00:00,41810.92,41991.2,41760.0,41900.92,471.07045
2022-01-08 05:00:00+00:00,41900.92,41999.99,41836.14,41971.7,517.64026
2022-01-08 06:00:00+00:00,41971.7,41994.66,41739.0,41922.23,625.30663
2022-01-08 07:00:00+00:00,41922.22,41975.44,41841.04,41913.58,521.47279
2022-01-08 08:00:00+00:00,41913.59,42177.94,41882.19,41964.88,947.1604
2022-01-08 09:00:00+00:00,41964.87,42187.2,41954.7,42163.71,860.34897
2022-01-08 10:00:00+00:00,42163.71,42200.0,41790.7,41918.66,839.11518
2022-01-08 11:00:00+00:00,41918.66,41972.0,41767.16,41940.22,674.67737
2022-01-08 12:00:00+00:00,41940.22,42063.23,41773.47,41876.31,744.96865
2022-01-08 13:00:00+00:00,41876.32,42037.75,41610.0,41905.0,1003.98627
2022-01-08 14:00:00+00:00,41904.99,41997.71,41715.0,41741.27,709.21182
2022-01-08 15:00:00+00:00,41746.29,41799.04,41400.0,41613.33,1713.01211
2022-01-08 16:00:00+00:00,41609.6,41740.53,41238.08,41346.01,1715.07063
2022-01-08 17:00:00+00:00,41346.02,41398.45,40801.0,40842.12,3416.24626
2022-01-08 18:00:00+00:00,40842.11,41314.11,40501.0,40679.82,4373.31437
2022-01-08 19:00:00+00:00,40679.82,41100.0,40520.0,40831.07,3045.11478
2022-01-08 20:00:00+00:00,40831.06,41175.32,40720.0,40975.37,1424.80734
2022-01-08 21:00:00+00:00,40975.36,42061.32,40923.39,41769.03,2802.28914
2022-01-08 22:00:00+00:00,41769.03,42300.0,41740.31,41911.11,2006.54953
2022-01-08 23:00:00+00:00,41911.1,41948.94,41656.02,41679.74,995.12298
2022-01-09 00:00:00+00:00,41679.74,41831.25,41388.13,41773.24,1485.82226
2022-01-09 01:00:00+00:00,41773.24,41924.57,41596.43,41809.67,883.65676
2022-01-09 02:00:00+00:00,41809.66,42170.11,41775.9,42098.99,1140.15501
2022-01-09 03:00:00+00:00,42098.99,42105.62,41792.0,41833.89,746.09555
2022-01-09 04:00:00+00:00,41833.9,42103.31,41800.78,42079.41,884.47963
2022-01-09 05:00:00+00:00,42079.4,42097.44,41715.44,41765.9,594.21526
2022-01-09 06:00:00+00:00,41765.89,41948.4,41681.17,41873.62,566.39155
2022-01-09 07:00:00+00:00,41873.62,41908.55,41778.95,41791.51,415.68476
2022-01-09 08:00:00+00:00,41791.5,41949.99,41615.32,41666.67,789.93569
2022-01-09 09:00:00+00:00,41666.66,41766.8,41470.34,41510.01,858.20496
2022-01-09 10:00:00+00:00,41510.0,41728.65,41410.0,41644.7,705.73465
2022-01-09 11:00:00+00:00,41644.7,41990.0,41642.54,41857.62,783.60595
2022-01-09 12:00:00+00:00,41857.62,41923.39,41665.46,41746.98,553.97717
2022-01-09 13:00:00+00:00,41746.98,41894.01,41469.48,41470.0,922.91336
2022-01-09 14:00:00+00:00,41470.0,41743.26,41469.99,41535.93,628.73613
2022-01-09 15:00:00+00:00,41535.93,41681.89,41200.02,41621.11,1262.20157
2022-01-09 16:00:00+00:00,41621.11,42146.25,41556.49,42143.04,1325.34768
2022-01-09 17:00:00+00:00,42143.05,42200.0,41880.01,42094.59,1198.07276
2022-01-09 18:00:00+00:00,42094.48,42279.0,41861.94,41966.99,1271.89519
2022-01-09 19:00:00+00:00,41966.99,42740.0,41928.01,42695.26,2007.33524
2022-01-09 20:00:00+00:00,42695.27,42786.7,42368.0,42439.38,1156.79543
2022-01-09 21:00:00+00:00,42439.38,42557.36,42286.67,42300.0,568.89483
2022-01-09 22:00:00+00:00,42300.01,42497.26,42080.01,42205.37,749.07543
2022-01-09 23:00:00+00:00,42205.36,42282.3,41766.43,41864.62,1225.16744
2022-01-10 00:00:00+00:00,41864.62,42037.05,41623.67,41655.18,1083.2151
2022-01-10 01:00:00+00:00,41655.18,41850.0,41601.0,41815.32,656.91367
2022-01-10 02:00:00+00:00,41815.32,41997.9,41711.95,41927.71,746.59629
2022-01-10 03:00:00+00:00,41927.7,41990.99,41852.49,41967.59,603.35126
2022-01-10 04:00:00+00:00,41967.59,42248.5,41925.61,42187.22,1026.65893
2022-01-10 05:00:00+00:00,42187.22,42230.84,41967.11,42031.29,641.96551
2022-01-10 06:00:00+00:00,42031.3,42048.63,41811.7,41925.01,823.59986
2022-01-10 07:00:00+00:00,41925.01,42149.31,41901.0,42042.38,723.8609
2022-01-10 08:00:00+00:00,42042.38,42116.61,41712.99,41816.84,997.44685
2022-01-10 09:00:00+00:00,41808.96,41937.41,41710.96,41796.01,709.978
2022-01-10 10:00:00+00:00,41796.01,41986.0,41742.23,41778.88,628.09437
2022-01-10 11:00:00+00:00,41778.88,41793.85,41455.0,41565.34,1756.67489
2022-01-10 12:00:00+00:00,41565.33,41616.72,40916.98,40930.0,3223.67692
2022-01-10 13:00:00+00:00,40930.01,41057.52,40716.0,40774.0,2678.34877
2022-01-10 14:00:00+00:00,40774.01,41275.92,39650.0,40786.57,12877.43442
2022-01-10 15:00:00+00:00,40786.57,41200.0,40555.87,40984.33,3880.93354
2022-01-10 16:00:00+00:00,40984.34,41985.99,40850.03,41904.4,4663.47158
2022-01-10 17:00:00+00:00,41904.4,42121.63,40564.89,41184.45,5819.36057
2022-01-10 18:00:00+00:00,41184.44,41723.87,41118.36,41604.58,1816.05456
2022-01-10 19:00:00+00:00,41604.58,41698.07,41205.65,41297.15,1358.54117
2022-01-10 20:00:00+00:00,41297.15,41779.46,41158.99,41714.72,1245.44049
2022-01-10 21:00:00+00:00,41716.81,41985.0,41562.38,41714.13,1365.38265
2022-01-10 22:00:00+00:00,41714.14,41849.45,41500.0,41604.98,729.88329
2022-01-10 23:00:00+00:00,41604.98,41892.87,41503.56,41822.49,672.2866
2022-01-11 00:00:00+00:00,41822.49,41878.78,41583.43,41593.7,869.73683
2022-01-11 01:00:00+00:00,41593.69,42062.91,41544.64,41928.82,1240.9619
2022-01-11 02:00:00+00:00,41928.82,42400.01,41818.18,42173.77,1875.33837
2022-01-11 03:00:00+00:00,42173.77,42277.99,42056.8,42277.98,948.11009
2022-01-11 04:00:00+00:00,42277.99,42387.78,42123.03,42304.65,1170.50674
2022-01-11 05:00:00+00:00,42304.65,42315.79,42021.71,42110.0,897.6433
2022-01-11 06:00:00+00:00,42110.0,42232.68,41971.37,42105.0,990.30927
2022-01-11 07:00:00+00:00,42104.99,42280.0,42069.73,42211.05,824.67137
2022-01-11 08:00:00+00:00,42212.21,42627.66,41930.01,41991.78,2197.68722
2022-01-11 09:00:00+00:00,41991.78,42148.04,41843.13,41984.8,1058.9429
2022-01-11 10:00:00+00:00,41984.79,42066.61,41575.0,41631.02,1544.92365
2022-01-11 11:00:00+00:00,41631.02,41944.0,41584.86,41809.99,1271.07829
2022-01-11 12:00:00+00:00,41809.99,41956.45,41722.23,41812.69,946.89068
2022-01-11 13:00:00+00:00,41812.7,41899.0,41586.03,41701.52,1163.91865
2022-01-11 14:00:00+00:00,41700.74,41823.01,41268.93,41642.0,2261.4602
2022-01-11 15:00:00+00:00,41639.51,42200.0,41440.69,41733.93,2972.86186
2022-01-11 16:00:00+00:00,41733.92,42925.07,41680.44,42705.24,4848.73177
2022-01-11 17:00:00+00:00,42705.24,43100.0,42319.24,42549.01,4190.85853
2022-01-11 18:00:00+00:00,42549.01,42916.97,42353.07,42755.0,1416.65246
2022-01-11 19:00:00+00:00,42754.99,43086.7,42595.68,42972.05,1440.44569
2022-01-11 20:00:00+00:00,42972.04,43095.26,42692.19,42800.38,1219.60178
2022-01-11 21:00:00+00:00,42797.62,42823.69,42643.74,42659.2,702.1038
2022-01-11 22:00:00+00:00,42664.71,42776.14,42597.41,42713.13,561.85993
2022-01-11 23:00:00+00:00,42713.12,42886.28,42633.97,42729.29,681.14201
2022-01-12 00:00:00+00:00,42729.29,42965.0,42578.02,42675.0,1004.90689
2022-01-12 01:00:00+00:00,42675.03,42769.06,42562.2,42626.05,724.93634
2022-01-12 02:00:00+00:00,42626.04,42712.29,42450.0,42559.33,725.31326
2022-01-12 03:00:00+00:00,42559.34,42679.76,42494.72,42605.02,631.48372
2022-01-12 04:00:00+00:00,42605.01,42733.87,42518.97,42629.9,784.28575
2022-01-12 05:00:00+00:00,42629.91,42773.64,42560.0,42705.51,652.00214
2022-01-12 06:00:00+00:00,42705.51,42867.55,42600.01,42675.55,951.67503
2022-01-12 07:00:00+00:00,42675.54,42675.55,42463.13,42561.67,948.81146
2022-01-12 08:00:00+00:00,42561.66,42717.57,42508.69,42603.51,869.57762
2022-01-12 09:00:00+00:00,42603.51,42909.92,42565.99,42796.83,1281.02538
2022-01-12 10:00:00+00:00,42796.84,42990.01,42735.2,42765.18,1451.62564
2022-01-12 11:00:00+00:00,42765.18,43443.6,42683.21,42935.92,2646.33241
2022-01-12 12:00:00+00:00,42935.92,43301.5,42874.01,43285.51,2409.05723
2022-01-12 13:00:00+00:00,43285.52,44078.4,43187.6,43920.97,5227.41461
2022-01-12 14:00:00+00:00,43920.96,43957.0,43676.18,43849.54,2481.51783
2022-01-12 15:00:00+00:00,43849.55,43933.0,43401.01,43560.29,2155.48087
2022-01-12 16:00:00+00:00,43560.29,43688.5,43317.0,43611.02,1613.92113
2022-01-12 17:00:00+00:00,43611.03,43867.19,43481.73,43841.57,1161.0812
2022-01-12 18:00:00+00:00,43841.56,43886.26,43567.26,43589.98,1048.28546
2022-01-12 19:00:00+00:00,43589.97,43760.94,43526.3,43743.11,778.36522
2022-01-12 20:00:00+00:00,43743.1,43993.66,43629.39,43819.17,1258.22966
2022-01-12 21:00:00+00:00,43819.16,44322.0,43734.55,43773.09,1786.14248
2022-01-12 22:00:00+00:00,43776.6,43948.99,43742.97,43842.95,574.66169
2022-01-12 23:00:00+00:00,43842.94,44032.19,43817.35,43902.66,777.15978
2022-01-13 00:00:00+00:00,43902.65,44075.42,43670.0,43720.0,1234.16915
2022-01-13 01:00:00+00:00,43720.0,43808.88,43516.92,43548.57,992.52709
2022-01-13 02:00:00+00:00,43548.58,43684.28,43534.07,43587.63,615.45639
2022-01-13 03:00:00+00:00,43587.62,43646.87,43422.72,43509.93,1137.4846
2022-01-13 04:00:00+00:00,43505.99,43719.99,43483.2,43623.02,849.79404
2022-01-13 05:00:00+00:00,43623.01,43763.57,43579.36,43662.68,571.73768
2022-01-13 06:00:00+00:00,43662.68,43795.44,43642.94,43708.42,1073.35534
2022-01-13 07:00:00+00:00,43708.42,43764.98,43537.42,43699.99,836.91713
2022-01-13 08:00:00+00:00,43699.99,43898.33,43668.87,43896.44,1060.63413
2022-01-13 09:00:00+00:00,43896.43,43991.78,43740.01,43883.0,1022.25878
2022-01-13 10:00:00+00:00,43883.0,44014.51,43756.2,43780.25,1099.0732
2022-01-13 11:00:00+00:00,43780.25,43830.68,43500.0,43602.31,1425.68774
2022-01-13 12:00:00+00:00,43603.58,43811.0,43575.05,43803.16,768.7972
2022-01-13 13:00:00+00:00,43803.16,43939.0,43659.21,43924.62,1023.6518
2022-01-13 14:00:00+00:00,43924.61,44500.0,43840.28,44154.52,4866.88512
2022-01-13 15:00:00+00:00,44154.52,44211.0,42871.01,43200.0,4892.54873
2022-01-13 16:00:00+00:00,43200.01,43500.0,43070.42,43250.89,1782.99397
2022-01-13 17:00:00+00:00,43250.92,43255.04,42565.01,42822.12,2807.09484
2022-01-13 18:00:00+00:00,42822.12,42962.96,42628.38,42709.29,1040.60187
2022-01-13 19:00:00+00:00,42709.29,42896.81,42535.0,42700.67,1314.97413
2022-01-13 20:00:00+00:00,42700.67,42796.18,42311.22,42796.18,1918.7156
2022-01-13 21:00:00+00:00,42796.18,42879.76,42664.14,42810.99,871.73458
2022-01-13 22:00:00+00:00,42810.99,42888.18,42466.64,42594.37,770.26146
2022-01-13 23:00:00+00:00,42597.02,42771.94,42500.0,42560.11,933.52305
2022-01-14 00:00:00+00:00,42558.35,42784.0,42362.91,42750.66,1160.43813
2022-01-14 01:00:00+00:00,42750.66,42777.17,42541.81,42581.12,1138.08119
2022-01-14 02:00:00+00:00,42581.12,42728.08,42425.03,42713.89,1136.25985
2022-01-14 03:00:00+00:00,42713.89,42738.47,42572.02,42623.87,1100.14262
2022-01-14 04:00:00+00:00,42623.87,42880.0,42610.02,42680.28,937.36417
2022-01-14 05:00:00+00:00,42679.0,42905.15,42640.01,42894.92,871.32726
2022-01-14 06:00:00+00:00,42895.0,42978.1,42776.73,42810.22,961.01177
2022-01-14 07:00:00+00:00,42810.22,42886.58,42599.99,42660.01,1246.12553
2022-01-14 08:00:00+00:00,42660.0,42678.82,42244.37,42519.99,1845.45077
2022-01-14 09:00:00+00:00,42519.99,42688.84,42450.2,42548.53,1013.53743
2022-01-14 10:00:00+00:00,42548.52,42611.63,41916.73,42075.29,2117.99354
2022-01-14 11:00:00+00:00,42075.29,42075.71,41826.82,42012.94,2651.35114
2022-01-14 12:00:00+00:00,42012.94,42250.0,41725.95,42057.26,2023.3774
2022-01-14 13:00:00+00:00,42057.26,42321.23,42027.02,42165.0,1343.06319
2022-01-14 14:00:00+00:00,42165.01,43098.88,42117.81,42975.88,3013.09459
2022-01-14 15:00:00+00:00,42975.89,43347.42,42772.92,43109.0,2617.86679
2022-01-14 16:00:00+00:00,43109.0,43239.89,42863.0,43201.06,1549.41532
2022-01-14 17:00:00+00:00,43201.06,43270.96,42867.14,42913.26,1092.29876
2022-01-14 18:00:00+00:00,42913.26,43114.71,42777.0,43050.04,977.46771
2022-01-14 19:00:00+00:00,43050.04,43408.0,43004.16,43077.93,1012.4358
2022-01-14 20:00:00+00:00,43077.93,43189.86,43000.0,43100.94,624.56688
2022-01-14 21:00:00+00:00,43100.94,43448.78,43096.68,43293.89,831.62056
2022-01-14 22:00:00+00:00,43296.29,43393.75,43170.59,43250.56,714.78841
2022-01-14 23:00:00+00:00,43250.56,43286.7,43003.0,43059.96,661.80411
2022-01-15 00:00:00+00:00,43059.96,43174.0,42907.0,43100.01,776.16721
2022-01-15 01:00:00+00:00,43100.0,43150.0,42864.49,42967.8,712.20009
2022-01-15 02:00:00+00:00,42967.8,43090.0,42910.36,43090.0,659.69825
2022-01-15 03:00:00+00:00,43089.99,43121.05,42905.07,42927.96,825.12891
2022-01-15 04:00:00+00:00,42927.95,42961.46,42712.94,42907.71,1023.29118
2022-01-15 05:00:00+00:00,42907.72,43050.0,42820.68,42985.96,590.35999
2022-01-15 06:00:00+00:00,42985.97,43099.81,42873.53,43068.4,714.87178
2022-01-15 07:00:00+00:00,43068.4,43093.17,42928.78,43088.12,532.25493
2022-01-15 08:00:00+00:00,43088.12,43117.18,42956.0,42983.95,691.57797
2022-01-15 09:00:00+00:00,42983.94,43088.99,42884.01,43061.7,599.96966
2022-01-15 10:00:00+00:00,43061.7,43283.83,43002.02,43096.75,805.08877
2022-01-15 11:00:00+00:00,43096.75,43108.65,42958.67,43017.59,503.07822
2022-01-15 12:00:00+00:00,43017.59,43039.72,42555.0,42715.56,1441.46489
2022-01-15 13:00:00+00:00,42715.57,42973.28,42641.01,42906.51,846.44473
2022-01-15 14:00:00+00:00,42906.51,43315.0,42735.16,43186.48,1588.49558
2022-01-15 15:00:00+00:00,43186.47,43406.96,43077.79,43401.21,1104.13621
2022-01-15 16:00:00+00:00,43401.21,43430.98,43233.33,43338.22,1202.395
2022-01-15 17:00:00+00:00,43338.21,43564.15,43251.61,43383.26,1662.49082
2022-01-15 18:00:00+00:00,43383.26,43391.11,43243.39,43334.93,992.47394
2022-01-15 19:00:00+00:00,43334.92,43554.79,43320.23,43528.34,712.8252
2022-01-15 20:00:00+00:00,43528.33,43800.0,43468.08,43485.0,1507.31496
2022-01-15 21:00:00+00:00,43485.0,43524.98,43160.23,43296.72,1085.45431
2022-01-15 22:00:00+00:00,43296.72,43398.4,43123.11,43237.4,627.40888
2022-01-15 23:00:00+00:00,43237.39,43375.0,43071.11,43084.29,731.46468
2022-01-16 00:00:00+00:00,43084.29,43117.5,42990.83,43069.7,772.86732
2022-01-16 01:00:00+00:00,43069.69,43153.63,42985.81,42996.99,405.4211
2022-01-16 02:00:00+00:00,42996.99,43087.18,42838.0,42923.66,1069.09285
2022-01-16 03:00:00+00:00,42922.93,43046.84,42861.49,42977.22,535.91601
2022-01-16 04:00:00+00:00,42977.22,43089.0,42850.16,43023.02,645.90962
2022-01-16 05:00:00+00:00,43023.57,43123.43,42953.17,42958.69,438.98823
2022-01-16 06:00:00+00:00,42953.17,43225.86,42925.88,43200.0,571.91117
2022-01-16 07:00:00+00:00,43200.0,43253.68,43117.24,43202.21,607.30016
2022-01-16 08:00:00+00:00,43202.21,43305.0,43059.99,43070.27,1312.7044
2022-01-16 09:00:00+00:00,43070.26,43131.37,43028.02,43074.99,1019.20468
2022-01-16 10:00:00+00:00,43074.99,43185.71,42868.31,42899.99,1172.94515
2022-01-16 11:00:00+00:00,42900.0,43042.67,42759.0,42968.29,1203.68411
2022-01-16 12:00:00+00:00,42968.3,43141.55,42954.16,43005.93,644.99288
2022-01-16 13:00:00+00:00,43005.93,43187.87,42581.79,43129.54,2260.54268
2022-01-16 14:00:00+00:00,43129.54,43416.05,43026.7,43300.02,1422.48883
2022-01-16 15:00:00+00:00,43300.01,43350.0,43139.24,43219.53,997.18364
2022-01-16 16:00:00+00:00,43219.54,43475.0,43172.01,43381.45,947.1962
2022-01-16 17:00:00+00:00,43381.46,43428.83,43051.08,43071.88,762.74405
2022-01-16 18:00:00+00:00,43071.88,43126.04,42969.32,43066.8,620.03999
2022-01-16 19:00:00+00:00,43066.79,43081.28,42790.02,42824.79,960.43526
2022-01-16 20:00:00+00:00,42824.79,43117.05,42750.25,43029.01,763.88888
2022-01-16 21:00:00+00:00,43029.06,43093.01,42900.7,42951.01,417.16364
2022-01-16 22:00:00+00:00,42951.02,43245.0,42940.0,43190.01,523.45493
2022-01-16 23:00:00+00:00,43190.0,43263.15,43048.2,43071.66,526.27693
2022-01-17 00:00:00+00:00,43071.66,43176.18,42871.65,42891.12,732.88601
2022-01-17 01:00:00+00:00,42891.11,42946.93,42810.0,42894.05,787.82091
2022-01-17 02:00:00+00:00,42894.05,43000.0,42785.85,42918.6,642.62375
2022-01-17 03:00:00+00:00,42918.6,42981.46,42624.11,42647.4,903.82874
2022-01-17 04:00:00+00:00,42647.4,42807.95,42601.0,42622.99,1238.00312
2022-01-17 05:00:00+00:00,42622.99,42699.0,42300.0,42664.68,1505.02026
2022-01-17 06:00:00+00:00,42664.68,42865.58,42643.58,42748.92,789.67982
2022-01-17 07:00:00+00:00,42748.92,42967.99,42643.0,42656.03,783.37561
2022-01-17 08:00:00+00:00,42656.03,42866.48,42567.93,42790.35,927.5369
2022-01-17 09:00:00+00:00,42790.35,42900.0,42726.81,42838.94,1080.50371
2022-01-17 10:00:00+00:00,42838.94,42894.99,42629.56,42795.11,774.13875
2022-01-17 11:00:00+00:00,42795.11,42842.79,42646.9,42671.31,739.074
2022-01-17 12:00:00+00:00,42671.3,42793.16,42429.02,42550.09,1202.17533
2022-01-17 13:00:00+00:00,42550.09,42694.99,42500.18,42646.38,921.17076
2022-01-17 14:00:00+00:00,42646.37,42741.97,42553.82,42661.71,722.90114
2022-01-17 15:00:00+00:00,42661.73,42686.68,42385.0,42477.66,1332.14094
2022-01-17 16:00:00+00:00,42477.67,42538.47,42122.05,42217.03,2462.67736
2022-01-17 17:00:00+00:00,42217.02,42249.94,41950.0,42110.83,2484.08812
2022-01-17 18:00:00+00:00,42110.84,42299.0,41822.74,42174.65,2307.10775
2022-01-17 19:00:00+00:00,42174.66,42318.61,42095.69,42238.31,858.93504
2022-01-17 20:00:00+00:00,42238.31,42306.96,42013.12,42083.47,698.70792
2022-01-17 21:00:00+00:00,42078.64,42148.21,41609.78,41724.2,1463.10962
2022-01-17 22:00:00+00:00,41724.19,42392.66,41540.42,42077.19,1535.65406
2022-01-17 23:00:00+00:00,42077.18,42296.14,42049.38,42201.62,668.92651
2022-01-18 00:00:00+00:00,42201.63,42418.0,42129.97,42361.8,1131.74087
2022-01-18 01:00:00+00:00,42361.8,42436.66,42167.7,42260.9,1088.23648
2022-01-18 02:00:00+00:00,42260.9,42302.19,42142.85,42272.03,1166.27901
2022-01-18 03:00:00+00:00,42272.04,42298.47,41972.71,42040.54,1164.10379
2022-01-18 04:00:00+00:00,42040.53,42099.19,41886.25,42033.75,1440.30064
2022-01-18 05:00:00+00:00,42033.75,42191.02,41980.0,42097.25,986.83607
2022-01-18 06:00:00+00:00,42097.25,42337.3,42097.25,42236.07,619.17543
2022-01-18 07:00:00+00:00,42236.07,42276.38,41951.14,42061.94,1088.80389
2022-01-18 08:00:00+00:00,42065.42,42065.42,41639.51,41718.73,2003.03
2022-01-18 09:00:00+00:00,41718.73,41990.93,41453.0,41903.48,2143.90549
2022-01-18 10:00:00+00:00,41903.48,42050.0,41829.21,41924.72,775.47077
2022-01-18 11:00:00+00:00,41924.73,41930.0,41694.54,41854.14,1100.87011
2022-01-18 12:00:00+00:00,41854.13,41950.0,41628.29,41807.52,866.77803
2022-01-18 13:00:00+00:00,41807.52,41842.84,41400.0,41654.09,1490.11393
2022-01-18 14:00:00+00:00,41654.1,41689.39,41250.0,41449.34,2059.21594
2022-01-18 15:00:00+00:00,41449.34,41842.96,41320.81,41587.27,1864.50617
2022-01-18 16:00:00+00:00,41587.26,41799.08,41381.66,41706.66,1248.53654
2022-01-18 17:00:00+00:00,41710.84,41737.38,41470.0,41489.04,906.15261
2022-01-18 18:00:00+00:00,41489.04,41672.01,41385.79,41607.37,929.00652
2022-01-18 19:00:00+00:00,41607.36,41770.8,41585.0,41699.61,683.74853
2022-01-18 20:00:00+00:00,41695.59,41784.97,41500.99,41784.27,729.04646
2022-01-18 21:00:00+00:00,41784.97,42484.08,41715.2,42369.92,2007.79475
2022-01-18 22:00:00+00:00,42369.92,42691.0,42229.35,42480.96,1058.92433
2022-01-18 23:00:00+00:00,42480.96,42560.91,42334.88,42352.12,771.50621
2022-01-19 00:00:00+00:00,42352.12,42482.51,42163.02,42252.73,895.72209
2022-01-19 01:00:00+00:00,42246.51,42458.87,42246.32,42420.18,887.62908
2022-01-19 02:00:00+00:00,42420.17,42500.0,42291.31,42333.81,677.01377
2022-01-19 03:00:00+00:00,42340.23,42341.56,41582.99,41706.41,2078.03109
2022-01-19 04:00:00+00:00,41706.41,41807.97,41587.53,41712.02,1173.43626
2022-01-19 05:00:00+00:00,41712.01,41809.72,41651.09,41762.55,954.75233
2022-01-19 06:00:00+00:00,41765.99,41849.94,41674.98,41710.59,713.08843
2022-01-19 07:00:00+00:00,41710.59,41710.59,41161.2,41287.1,1996.2132
2022-01-19 08:00:00+00:00,41287.1,41400.0,41138.56,41368.68,1604.62511
2022-01-19 09:00:00+00:00,41368.68,41672.39,41324.67,41573.59,1248.9131
2022-01-19 10:00:00+00:00,41573.59,41616.52,41290.0,41505.53,1348.84706
2022-01-19 11:00:00+00:00,41509.06,42178.48,41498.42,42033.0,2283.17846
2022-01-19 12:00:00+00:00,42033.0,42272.71,41893.62,42094.99,1326.28832
2022-01-19 13:00:00+00:00,42094.99,42332.07,42000.0,42191.85,1585.17043
2022-01-19 14:00:00+00:00,42191.85,42559.13,42057.19,42495.38,2215.91843
2022-01-19 15:00:00+00:00,42495.38,42532.65,41832.13,41981.27,2091.32589
2022-01-19 16:00:00+00:00,41981.27,42052.48,41697.46,41912.76,1519.92073
2022-01-19 17:00:00+00:00,41912.77,42355.9,41900.84,42151.01,2177.72567
2022-01-19 18:00:00+00:00,42151.0,42235.04,41876.58,42005.0,908.242
2022-01-19 19:00:00+00:00,42005.0,42049.36,41746.23,41873.79,851.45311
2022-01-19 20:00:00+00:00,41872.45,41961.51,41548.0,41631.4,1063.82649
2022-01-19 21:00:00+00:00,41629.35,41841.07,41627.25,41712.22,794.85516
2022-01-19 22:00:00+00:00,41712.22,41993.98,41637.63,41976.88,703.1664
2022-01-19 23:00:00+00:00,41976.89,41989.42,41635.24,41660.01,586.37898
2022-01-20 00:00:00+00:00,41660.0,41860.55,41639.88,41828.24,725.50552
2022-01-20 01:00:00+00:00,41828.23,41877.55,41655.82,41769.99,883.3409
2022-01-20 02:00:00+00:00,41770.0,42068.91,41766.69,41983.27,862.98405
2022-01-20 03:00:00+00:00,41983.26,42082.26,41880.07,41924.97,769.11255
2022-01-20 04:00:00+00:00,41924.97,41989.3,41861.02,41884.17,780.7378
2022-01-20 05:00:00+00:00,41884.17,41948.96,41768.48,41879.2,946.48571
2022-01-20 06:00:00+00:00,41879.19,42052.11,41871.1,42009.07,1209.73106
2022-01-20 07:00:00+00:00,42009.08,42148.0,41930.77,42058.31,665.60754
2022-01-20 08:00:00+00:00,42058.31,42084.91,41874.57,41966.58,592.15129
2022-01-20 09:00:00+00:00,41969.55,42085.0,41807.94,42053.53,831.48572
2022-01-20 10:00:00+00:00,42053.54,42149.39,42004.39,42105.29,888.07489
2022-01-20 11:00:00+00:00,42103.87,42232.76,42045.05,42129.44,837.12391
2022-01-20 12:00:00+00:00,42129.45,42131.71,41900.05,42033.76,1141.58213
2022-01-20 13:00:00+00:00,42033.77,42466.88,41970.19,42375.14,1980.38037
2022-01-20 14:00:00+00:00,42374.09,43060.0,42368.77,42969.66,3692.57219
2022-01-20 15:00:00+00:00,42969.67,43456.0,42936.91,43308.69,4058.16745
2022-01-20 16:00:00+00:00,43308.7,43505.0,43144.84,43274.78,2473.7236
2022-01-20 17:00:00+00:00,43274.77,43307.48,42985.54,43025.85,1396.99093
2022-01-20 18:00:00+00:00,43025.85,43090.04,42805.0,42834.19,1259.68649
2022-01-20 19:00:00+00:00,42834.19,43241.38,42808.55,42917.32,1365.17407
2022-01-20 20:00:00+00:00,42917.31,42996.64,42571.22,42723.71,1482.96957
2022-01-20 21:00:00+00:00,42723.72,42730.9,41309.0,41326.04,4756.00358
2022-01-20 22:00:00+00:00,41326.04,41543.47,40860.0,41167.25,4147.20255
2022-01-20 23:00:00+00:00,41164.57,41176.93,40553.31,40680.91,4583.54566
2022-01-21 00:00:00+00:00,40680.92,41100.0,40404.0,40894.8,3247.34628
2022-01-21 01:00:00+00:00,40894.81,40929.76,39730.0,39762.99,4172.35185
2022-01-21 02:00:00+00:00,39763.0,40280.0,39267.86,39830.52,4354.458167
2022-01-21 03:00:00+00:00,39835.99,39944.45,38220.0,38465.65,9508.823455
2022-01-21 04:00:00+00:00,38465.65,39070.0,38437.15,38842.03,3091.42065
2022-01-21 05:00:00+00:00,38842.03,38998.0,38700.19,38909.01,2658.65959
2022-01-21 06:00:00+00:00,38909.01,38936.66,38536.87,38679.8,2090.99691
2022-01-21 07:00:00+00:00,38680.01,39177.2,38465.67,39134.55,2102.96586
2022-01-21 08:00:00+00:00,39136.31,39297.55,39006.71,39157.63,1916.83863
2022-01-21 09:00:00+00:00,39157.63,39189.63,38915.25,38959.77,1560.93293
2022-01-21 10:00:00+00:00,38959.77,39320.0,38848.35,38965.92,1604.74586
2022-01-21 11:00:00+00:00,38965.92,38979.2,38668.19,38898.18,1616.61558
2022-01-21 12:00:00+00:00,38898.19,38933.04,37710.0,38186.16,5714.997913
2022-01-21 13:00:00+00:00,38186.16,38751.6,38150.03,38491.01,3898.63606
2022-01-21 14:00:00+00:00,38491.01,38934.29,38253.48,38429.11,3134.162
2022-01-21 15:00:00+00:00,38429.12,39042.4,38103.13,38857.26,3629.43541
2022-01-21 16:00:00+00:00,38857.24,39071.13,38514.0,38720.72,2224.01303
2022-01-21 17:00:00+00:00,38720.72,38752.7,38284.84,38382.5,1904.82598
2022-01-21 18:00:00+00:00,38383.49,38644.02,37850.0,38265.12,2652.0984
2022-01-21 19:00:00+00:00,38268.42,38500.0,37946.0,37984.12,1421.77249
2022-01-21 20:00:00+00:00,37984.11,38470.0,37601.0,38355.16,4168.145974
2022-01-21 21:00:00+00:00,38350.62,38464.36,36158.0,36682.23,9838.083956
2022-01-21 22:00:00+00:00,36682.23,37201.16,35440.45,36117.6,7369.871214
2022-01-21 23:00:00+00:00,36123.85,36890.0,35780.66,36445.31,4978.69381
2022-01-22 00:00:00+00:00,36445.31,36835.22,36136.66,36487.96,2851.78214
2022-01-22 01:00:00+00:00,36487.96,36619.71,36032.02,36483.15,3329.2034
2022-01-22 02:00:00+00:00,36483.15,36549.91,36263.0,36467.23,2152.67794
2022-01-22 03:00:00+00:00,36467.22,36690.0,36009.98,36341.64,4636.90627
2022-01-22 04:00:00+00:00,36340.43,36423.82,36200.0,36278.51,2333.69766
2022-01-22 05:00:00+00:00,36278.52,36342.71,35600.01,35738.77,3668.48226
2022-01-22 06:00:00+00:00,35738.77,35984.68,35400.02,35719.0,4422.6716
2022-01-22 07:00:00+00:00,35719.01,35895.0,35112.84,35400.02,5275.295648
2022-01-22 08:00:00+00:00,35400.01,35819.73,35397.36,35599.94,3444.07533
2022-01-22 09:00:00+00:00,35599.94,35737.15,34664.0,34814.49,6202.550832
2022-01-22 10:00:00+00:00,34812.32,35948.01,34008.0,35488.54,13411.254931
2022-01-22 11:00:00+00:00,35488.54,35693.09,34801.0,35406.76,4811.75394
2022-01-22 12:00:00+00:00,35406.76,35900.0,35336.23,35768.0,4109.41153
2022-01-22 13:00:00+00:00,35769.8,36192.76,35518.2,35576.3,3716.30079
2022-01-22 14:00:00+00:00,35576.29,35656.93,34988.8,35009.27,2910.19612
2022-01-22 15:00:00+00:00,35009.27,35319.99,34805.32,34838.68,3028.27691
2022-01-22 16:00:00+00:00,34838.69,35501.96,34520.59,35100.02,4478.77231
2022-01-22 17:00:00+00:00,35095.23,35217.94,34500.0,34610.01,2681.65926
2022-01-22 18:00:00+00:00,34610.0,34800.0,34243.38,34392.12,2829.73802
2022-01-22 19:00:00+00:00,34392.12,34854.84,34346.54,34528.62,1919.38842
2022-01-22 20:00:00+00:00,34528.61,35500.0,34415.95,35287.51,4223.21411
2022-01-22 21:00:00+00:00,35287.5,35729.03,35078.55,35387.01,1986.50639
2022-01-22 22:00:00+00:00,35383.95,35395.26,34728.12,34875.0,1148.42973
2022-01-22 23:00:00+00:00,34875.0,35107.0,34730.0,35071.42,899.09342
2022-01-23 00:00:00+00:00,35071.42,35479.11,34944.0,35401.1,1601.28654
2022-01-23 01:00:00+00:00,35401.11,35526.28,35268.34,35315.04,1347.04206
2022-01-23 02:00:00+00:00,35316.99,35346.21,34834.92,34875.29,1373.11037
2022-01-23 03:00:00+00:00,34875.3,35101.53,34811.0,35051.0,992.94236
2022-01-23 04:00:00+00:00,35051.01,35295.97,34952.06,35217.66,1107.66038
2022-01-23 05:00:00+00:00,35217.65,35565.09,34940.09,35456.4,2227.65018
2022-01-23 06:00:00+00:00,35456.4,35600.47,35165.22,35279.83,2127.59829
2022-01-23 07:00:00+00:00,35279.84,35758.64,35221.79,35571.19,2491.21573
2022-01-23 08:00:00+00:00,35571.19,35961.23,35325.03,35846.77,3322.40868
2022-01-23 09:00:00+00:00,35846.77,36150.76,35738.61,35882.35,3097.09365
2022-01-23 10:00:00+00:00,35877.41,35948.74,35577.0,35902.12,2006.87413
2022-01-23 11:00:00+00:00,35902.12,35906.76,35608.38,35686.29,1186.28742
2022-01-23 12:00:00+00:00,35686.29,35832.36,35557.92,35803.21,1477.86519
2022-01-23 13:00:00+00:00,35803.21,36055.0,35700.45,35969.27,1067.45596
2022-01-23 14:00:00+00:00,35969.28,36080.5,35050.4,35323.85,2815.83709
2022-01-23 15:00:00+00:00,35323.85,35374.31,35111.56,35287.58,1220.17508
2022-01-23 16:00:00+00:00,35282.66,35450.0,35156.0,35228.45,1092.05916
2022-01-23 17:00:00+00:00,35228.44,35445.49,35189.99,35332.6,679.94542
2022-01-23 18:00:00+00:00,35332.59,35398.38,34870.01,34956.27,1680.38554
2022-01-23 19:00:00+00:00,34956.28,35205.52,34601.01,34775.45,2427.93169
2022-01-23 20:00:00+00:00,34775.45,35387.8,34707.58,35300.13,1423.74465
2022-01-23 21:00:00+00:00,35300.13,35566.66,35083.76,35346.15,1220.14574
2022-01-23 22:00:00+00:00,35346.15,35545.76,35273.15,35508.47,879.09708
2022-01-23 23:00:00+00:00,35508.47,36499.0,35383.36,36244.55,5413.71115
2022-01-24 00:00:00+00:00,36244.55,36251.5,35744.18,35840.29,2840.75148
2022-01-24 01:00:00+00:00,35840.3,36042.21,35600.0,35652.22,1768.74664
2022-01-24 02:00:00+00:00,35650.01,35715.01,35160.51,35201.17,1378.44743
2022-01-24 03:00:00+00:00,35201.17,35399.99,35169.0,35338.26,1177.47497
2022-01-24 04:00:00+00:00,35338.25,35473.45,35065.0,35123.56,1125.94361
2022-01-24 05:00:00+00:00,35123.57,35249.27,34936.37,35184.06,1446.73836
2022-01-24 06:00:00+00:00,35184.06,35356.65,35054.01,35265.37,866.0993
2022-01-24 07:00:00+00:00,35265.14,35314.95,34811.87,34888.81,1539.02685
2022-01-24 08:00:00+00:00,34887.9,35562.15,34792.53,34959.79,2826.29586
2022-01-24 09:00:00+00:00,34959.79,35093.13,34401.5,34512.2,4020.43347
2022-01-24 10:00:00+00:00,34510.04,34600.0,33250.0,33276.59,9899.637053
2022-01-24 11:00:00+00:00,33276.59,34249.88,33029.54,33697.11,7055.750112
2022-01-24 12:00:00+00:00,33697.12,33890.0,33036.44,33114.9,4676.83642
2022-01-24 13:00:00+00:00,33114.89,33776.02,32917.17,33335.23,5992.271636
2022-01-24 14:00:00+00:00,33335.23,34138.16,33100.0,33622.71,6736.36178
2022-01-24 15:00:00+00:00,33622.7,34388.38,33222.74,34233.95,5093.02808
2022-01-24 16:00:00+00:00,34237.31,34576.01,33803.13,34417.76,5092.2017
2022-01-24 17:00:00+00:00,34417.75,35535.69,34164.58,35363.1,6482.58003
2022-01-24 18:00:00+00:00,35363.11,36436.0,35190.13,36179.99,6898.86151
2022-01-24 19:00:00+00:00,36179.99,36340.54,35652.04,36066.4,3343.8888
2022-01-24 20:00:00+00:00,36066.4,37550.0,35951.13,37220.05,5870.45082
2022-01-24 21:00:00+00:00,37218.56,37264.93,36711.0,36805.22,2593.81306
2022-01-24 22:00:00+00:00,36807.92,36842.95,36187.99,36369.44,1787.55587
2022-01-24 23:00:00+00:00,36369.43,36767.09,36355.29,36660.35,1391.55837
2022-01-25 00:00:00+00:00,36660.35,36691.87,36012.01,36037.58,2316.45521
2022-01-25 01:00:00+00:00,36038.09,36196.14,35955.43,36125.31,1476.27625
2022-01-25 02:00:00+00:00,36125.31,36335.48,36084.85,36317.27,1219.60501
2022-01-25 03:00:00+00:00,36317.26,36460.03,36166.44,36424.49,1243.18572
2022-01-25 04:00:00+00:00,36424.5,36496.62,35869.39,35950.0,1385.55765
2022-01-25 05:00:00+00:00,35950.01,36110.81,35828.56,36054.81,1074.45012
2022-01-25 06:00:00+00:00,36054.81,36150.92,35835.01,35843.89,1178.97473
2022-01-25 07:00:00+00:00,35843.89,36106.0,35701.0,36044.01,2304.11612
2022-01-25 08:00:00+00:00,36044.01,36564.07,36003.3,36070.55,2586.71157
2022-01-25 09:00:00+00:00,36070.55,36510.0,36040.01,36409.42,1732.94507
2022-01-25 10:00:00+00:00,36409.42,36800.0,36287.89,36430.39,2119.05038
2022-01-25 11:00:00+00:00,36430.38,36600.44,36227.52,36406.0,1671.86116
2022-01-25 12:00:00+00:00,36406.0,36777.77,36201.68,36519.13,2239.52587
2022-01-25 13:00:00+00:00,36519.12,36579.99,36259.1,36498.0,2008.17575
2022-01-25 14:00:00+00:00,36497.39,37149.42,36252.0,36299.99,5493.26524
2022-01-25 15:00:00+00:00,36299.99,36780.0,35967.33,36530.0,3943.20294
2022-01-25 16:00:00+00:00,36530.0,37086.64,36492.48,36837.7,2613.07831
2022-01-25 17:00:00+00:00,36837.7,37481.75,36800.0,37273.33,3299.07838
2022-01-25 18:00:00+00:00,37273.32,37545.14,37120.0,37320.08,2103.98592
2022-01-25 19:00:00+00:00,37320.08,37421.0,36920.01,37067.13,1939.39675
2022-01-25 20:00:00+00:00,37067.13,37103.15,36616.35,36859.79,2160.03461
2022-01-25 21:00:00+00:00,36859.8,36905.87,36421.56,36556.04,1507.44273
2022-01-25 22:00:00+00:00,36556.04,36791.16,36432.73,36791.16,721.19563
2022-01-25 23:00:00+00:00,36791.16,37042.53,36707.34,36958.32,894.83071
2022-01-26 00:00:00+00:00,36958.32,37000.0,36560.16,36638.5,1135.86622
2022-01-26 01:00:00+00:00,36638.55,36916.23,36550.2,36851.85,1621.53947
2022-01-26 02:00:00+00:00,36851.85,37047.83,36784.7,36812.89,1034.88206
2022-01-26 03:00:00+00:00,36812.9,37522.24,36790.81,37389.76,3049.74993
2022-01-26 04:00:00+00:00,37389.77,37876.8,37248.87,37789.73,2641.98665
2022-01-26 05:00:00+00:00,37789.73,37974.43,37590.01,37600.0,1884.23041
2022-01-26 06:00:00+00:00,37600.01,37798.46,37202.47,37288.56,2250.39767
2022-01-26 07:00:00+00:00,37288.56,37400.0,37109.37,37338.59,1597.98349
2022-01-26 08:00:00+00:00,37338.6,37700.17,37324.58,37591.42,1817.91907
2022-01-26 09:00:00+00:00,37591.42,37975.57,37563.47,37650.0,2418.87524
2022-01-26 10:00:00+00:00,37650.01,38173.2,37550.0,37940.46,2096.40733
2022-01-26 11:00:00+00:00,37940.46,38248.92,37778.18,38072.77,2974.73728
2022-01-26 12:00:00+00:00,38072.77,38090.61,37742.76,37749.2,1935.96958
2022-01-26 13:00:00+00:00,37749.68,38275.0,37475.01,38193.48,3545.6505
2022-01-26 14:00:00+00:00,38193.48,38499.0,38055.76,38223.52,3824.86357
2022-01-26 15:00:00+00:00,38223.51,38369.03,37819.97,37985.0,3486.56576
2022-01-26 16:00:00+00:00,37985.01,38295.65,37911.66,38264.86,1682.49321
2022-01-26 17:00:00+00:00,38264.85,38380.01,38007.03,38040.9,1917.78472
2022-01-26 18:00:00+00:00,38040.9,38300.0,37565.0,37961.15,3544.88678
2022-01-26 19:00:00+00:00,37961.15,38919.98,37311.58,37579.9,12243.82668
2022-01-26 20:00:00+00:00,37576.67,37580.03,36668.23,37015.05,6182.33781
2022-01-26 21:00:00+00:00,37015.05,37181.85,36322.54,36323.08,3204.91046
2022-01-26 22:00:00+00:00,36327.35,36583.8,36234.63,36509.4,2050.62594
2022-01-26 23:00:00+00:00,36509.41,36886.68,36439.02,36809.34,1685.67053
2022-01-27 00:00:00+00:00,36807.24,37080.0,36655.79,37004.43,2074.29018
2022-01-27 01:00:00+00:00,37004.43,37005.84,35833.56,35882.21,3376.02847
2022-01-27 02:00:00+00:00,35882.21,36041.84,35681.77,36008.69,2675.43678
2022-01-27 03:00:00+00:00,36008.69,36243.32,35507.01,35745.7,2650.83156
2022-01-27 04:00:00+00:00,35745.7,36000.0,35692.61,35930.8,2846.15453
2022-01-27 05:00:00+00:00,35930.8,36091.0,35820.44,35973.39,2262.56977
2022-01-27 06:00:00+00:00,35977.88,36175.64,35818.77,36139.09,1872.14471
2022-01-27 07:00:00+00:00,36139.09,36303.8,35915.0,36173.87,1860.34114
2022-01-27 08:00:00+00:00,36177.17,36500.0,35815.8,36450.0,2112.75603
2022-01-27 09:00:00+00:00,36449.99,36611.21,36333.0,36525.85,2294.32365
2022-01-27 10:00:00+00:00,36525.84,36649.61,36290.31,36318.22,1385.52094
2022-01-27 11:00:00+00:00,36318.22,36781.79,36290.01,36679.98,1707.19659
2022-01-27 12:00:00+00:00,36679.98,36784.27,36423.46,36668.23,1846.0629
2022-01-27 13:00:00+00:00,36668.23,36849.37,36543.16,36830.89,1852.85289
2022-01-27 14:00:00+00:00,36830.88,37199.0,36679.99,36882.03,2826.17783
2022-01-27 15:00:00+00:00,36882.02,37030.0,36510.0,36639.43,2139.96762
2022-01-27 16:00:00+00:00,36639.43,36787.77,36327.13,36528.86,1843.62877
2022-01-27 17:00:00+00:00,36528.85,36600.0,36161.41,36282.03,1493.88279
2022-01-27 18:00:00+00:00,36282.02,36345.76,36022.07,36215.49,1606.52202
2022-01-27 19:00:00+00:00,36215.49,36327.72,35883.82,36209.2,1971.02943
2022-01-27 20:00:00+00:00,36209.19,36435.7,35557.96,35583.5,2461.62784
2022-01-27 21:00:00+00:00,35583.5,36330.83,35538.75,36187.01,2304.11782
2022-01-27 22:00:00+00:00,36187.01,37000.0,35890.02,36705.27,3294.65777
2022-01-27 23:00:00+00:00,36704.68,37234.47,36693.22,37160.1,2262.75731
2022-01-28 00:00:00+00:00,37160.11,37467.98,37046.15,37157.27,2204.86551
2022-01-28 01:00:00+00:00,37157.26,37222.73,36720.01,36880.8,1828.36966
2022-01-28 02:00:00+00:00,36880.79,36973.56,36500.0,36935.62,1938.13929
2022-01-28 03:00:00+00:00,36936.33,37450.0,36901.45,37351.83,2146.26416
2022-01-28 04:00:00+00:00,37351.83,37449.98,36986.43,37223.18,1593.21951
2022-01-28 05:00:00+00:00,37223.19,37328.87,37091.2,37205.6,1226.26364
2022-01-28 06:00:00+00:00,37206.17,37500.0,36907.02,36907.14,1824.47514
2022-01-28 07:00:00+00:00,36907.14,37099.09,36777.77,36799.82,1930.9875
2022-01-28 08:00:00+00:00,36799.82,36882.22,36429.62,36658.47,1829.32817
2022-01-28 09:00:00+00:00,36658.46,36853.09,36401.44,36486.09,1662.1471
2022-01-28 10:00:00+00:00,36486.1,36678.19,36325.33,36615.35,1543.09172
2022-01-28 11:00:00+00:00,36615.35,36650.0,36287.03,36448.28,1593.88827
2022-01-28 12:00:00+00:00,36447.67,36594.59,36155.01,36278.6,1722.28784
2022-01-28 13:00:00+00:00,36278.6,36989.92,36213.24,36910.46,2635.32344
2022-01-28 14:00:00+00:00,36906.58,37096.08,36600.0,36759.65,2740.25615
2022-01-28 15:00:00+00:00,36759.65,37300.0,36682.24,37188.98,2727.21213
2022-01-28 16:00:00+00:00,37188.99,37376.7,37000.01,37103.62,1666.64111
2022-01-28 17:00:00+00:00,37103.63,37193.42,36774.43,36843.6,1322.31184
2022-01-28 18:00:00+00:00,36843.59,37137.09,36785.8,37050.57,1217.1557
2022-01-28 19:00:00+00:00,37050.56,37238.11,36765.05,37222.86,1133.15411
2022-01-28 20:00:00+00:00,37222.85,37858.19,37134.65,37758.01,2350.29717
2022-01-28 21:00:00+00:00,37758.0,38000.0,37660.88,37788.87,1701.81819
2022-01-28 22:00:00+00:00,37788.87,37943.55,37653.36,37655.01,951.05179
2022-01-28 23:00:00+00:00,37655.01,37850.0,37642.05,37716.56,665.72042
2022-01-29 00:00:00+00:00,37716.57,37983.41,37647.01,37788.27,1192.0404
2022-01-29 01:00:00+00:00,37788.27,37899.99,37473.07,37535.77,1181.30907
2022-01-29 02:00:00+00:00,37535.76,37635.93,37448.58,37530.75,904.78617
2022-01-29 03:00:00+00:00,37530.74,37750.0,37490.1,37737.73,837.02319
2022-01-29 04:00:00+00:00,37737.72,37916.08,37726.32,37814.46,719.2119
2022-01-29 05:00:00+00:00,37814.47,37834.99,37613.01,37653.72,728.34049
2022-01-29 06:00:00+00:00,37653.71,37835.0,37589.44,37739.78,1012.4948
2022-01-29 07:00:00+00:00,37739.78,37925.0,37656.57,37836.99,967.94082
2022-01-29 08:00:00+00:00,37836.98,37923.0,37750.0,37785.82,1004.4366
2022-01-29 09:00:00+00:00,37785.82,37786.85,37544.94,37703.24,709.55783
2022-01-29 10:00:00+00:00,37703.25,37809.83,37597.11,37756.19,679.36743
2022-01-29 11:00:00+00:00,37756.2,37788.24,37662.44,37736.07,426.51029
2022-01-29 12:00:00+00:00,37736.06,37916.99,37623.01,37847.57,755.03752
2022-01-29 13:00:00+00:00,37847.57,38186.11,37733.04,38161.69,1782.61817
2022-01-29 14:00:00+00:00,38161.69,38198.82,37507.72,37620.04,1985.59542
2022-01-29 15:00:00+00:00,37620.04,37735.67,37268.44,37566.82,1881.67209
2022-01-29 16:00:00+00:00,37567.98,37603.57,37317.37,37538.19,1102.74218
2022-01-29 17:00:00+00:00,37538.19,37720.77,37532.15,37646.31,784.47184
2022-01-29 18:00:00+00:00,37646.31,37904.19,37556.56,37806.23,772.06693
2022-01-29 19:00:00+00:00,37806.24,37950.0,37781.49,37853.0,671.54974
2022-01-29 20:00:00+00:00,37853.0,38650.0,37816.21,38340.03,2848.57779
2022-01-29 21:00:00+00:00,38340.03,38720.74,38279.99,38358.32,1378.11408
2022-01-29 22:00:00+00:00,38358.32,38411.72,38045.27,38140.0,1008.45341
2022-01-29 23:00:00+00:00,38140.0,38185.8,37906.26,38166.84,795.57866
2022-01-30 00:00:00+00:00,38166.83,38281.24,37737.49,37816.45,1184.00777
2022-01-30 01:00:00+00:00,37816.46,37976.29,37788.87,37931.75,716.9955
2022-01-30 02:00:00+00:00,37931.75,38054.18,37873.59,37951.8,827.14758
2022-01-30 03:00:00+00:00,37951.79,38044.24,37881.55,37917.13,649.81836
2022-01-30 04:00:00+00:00,37917.13,38183.86,37901.17,38099.34,497.0742
2022-01-30 05:00:00+00:00,38100.02,38300.0,38087.02,38139.39,781.35435
2022-01-30 06:00:00+00:00,38139.38,38152.79,38038.95,38098.51,815.2619
2022-01-30 07:00:00+00:00,38098.51,38290.0,38098.51,38244.98,585.29997
2022-01-30 08:00:00+00:00,38244.98,38359.26,37966.15,38000.0,1156.08695
2022-01-30 09:00:00+00:00,37999.99,38073.45,37795.0,37889.48,1518.69315
2022-01-30 10:00:00+00:00,37889.49,38189.19,37829.0,38184.74,1234.86371
2022-01-30 11:00:00+00:00,38184.74,38259.14,37958.13,38110.02,803.22993
2022-01-30 12:00:00+00:00,38110.03,38153.82,37849.53,37938.47,719.04878
2022-01-30 13:00:00+00:00,37937.21,37998.99,37823.08,37963.22,549.75372
2022-01-30 14:00:00+00:00,37963.21,37999.9,37712.05,37838.99,925.6602
2022-01-30 15:00:00+00:00,37839.0,38041.32,37778.2,37980.09,739.6671
2022-01-30 16:00:00+00:00,37977.47,38074.76,37800.0,37832.44,586.32887
2022-01-30 17:00:00+00:00,37832.45,37994.87,37751.72,37991.0,554.76321
2022-01-30 18:00:00+00:00,37991.0,38020.39,37813.79,37820.95,491.34455
2022-01-30 19:00:00+00:00,37820.96,37827.14,37442.52,37512.37,1718.81204
2022-01-30 20:00:00+00:00,37512.37,37740.0,37351.63,37684.45,1037.92256
2022-01-30 21:00:00+00:00,37684.45,37762.6,37492.25,37729.0,874.06052
2022-01-30 22:00:00+00:00,37729.0,37855.54,37625.41,37785.78,734.65855
2022-01-30 23:00:00+00:00,37785.78,38230.0,37778.46,37881.76,1728.8118
2022-01-31 00:00:00+00:00,37881.75,37951.07,36828.32,36829.3,2907.71096
2022-01-31 01:00:00+00:00,36829.3,36960.67,36760.87,36821.05,1423.26744
2022-01-31 02:00:00+00:00,36823.19,37004.55,36632.61,36993.58,1846.10363
2022-01-31 03:00:00+00:00,36994.69,37058.82,36925.27,37025.68,961.28704
2022-01-31 04:00:00+00:00,37025.68,37026.29,36811.48,36912.84,744.81356
2022-01-31 05:00:00+00:00,36912.84,37019.76,36850.0,37001.65,744.80275
2022-01-31 06:00:00+00:00,37001.66,37077.46,36916.78,36916.78,831.06345
2022-01-31 07:00:00+00:00,36916.79,37196.91,36880.6,37121.83,827.67942
2022-01-31 08:00:00+00:00,37121.84,37211.12,37100.71,37145.63,1032.91464
2022-01-31 09:00:00+00:00,37144.71,37256.14,37085.23,37212.53,714.57733
2022-01-31 10:00:00+00:00,37212.53,37350.0,37156.8,37300.31,812.93941
2022-01-31 11:00:00+00:00,37300.31,37399.93,36880.0,37265.16,1460.26909
2022-01-31 12:00:00+00:00,37265.15,37421.3,36828.52,37081.15,1665.8575
2022-01-31 13:00:00+00:00,37084.17,37347.83,36724.0,37251.08,1706.02333
2022-01-31 14:00:00+00:00,37251.07,37524.78,37193.77,37510.84,2024.77703
2022-01-31 15:00:00+00:00,37510.85,37900.0,37510.84,37722.91,3594.15508
2022-01-31 16:00:00+00:00,37722.91,38414.0,37671.46,38341.99,3171.08823
2022-01-31 17:00:00+00:00,38341.99,38600.0,38122.83,38473.03,3055.46443
2022-01-31 18:00:00+00:00,38473.03,38600.0,38342.89,38468.29,1319.70238
2022-01-31 19:00:00+00:00,38468.29,38744.0,38383.91,38415.79,1944.84957
2022-01-31 20:00:00+00:00,38415.79,38563.37,38236.69,38450.62,1639.69627
2022-01-31 21:00:00+00:00,38450.62,38531.53,38335.0,38410.09,923.75238
2022-01-31 22:00:00+00:00,38410.09,38737.99,38398.58,38412.46,927.8468
2022-01-31 23:00:00+00:00,38412.45,38510.28,38336.04,38466.9,574.60408
2022-02-01 00:00:00+00:00,38466.9,38627.35,38276.43,38342.36,1058.42599
2022-02-01 01:00:00+00:00,38342.37,38407.0,38175.86,38238.19,777.8631
2022-02-01 02:00:00+00:00,38238.18,38506.18,38196.61,38480.9,766.83847
2022-02-01 03:00:00+00:00,38480.9,38649.9,38384.99,38596.82,946.45649
2022-02-01 04:00:00+00:00,38596.82,38644.57,38470.37,38556.82,758.92782
2022-02-01 05:00:00+00:00,38556.83,38618.67,38444.26,38452.9,703.01456
2022-02-01 06:00:00+00:00,38452.89,38482.91,38240.0,38285.02,1246.89537
2022-02-01 07:00:00+00:00,38285.01,38462.69,38281.16,38440.77,708.0703
2022-02-01 08:00:00+00:00,38440.76,38624.24,38398.54,38597.53,793.02544
2022-02-01 09:00:00+00:00,38597.54,39100.0,38224.41,38256.12,4270.80387
2022-02-01 10:00:00+00:00,38256.12,38367.16,38000.0,38253.57,2105.11598
2022-02-01 11:00:00+00:00,38255.46,38471.43,38204.79,38425.06,1032.06336
2022-02-01 12:00:00+00:00,38425.05,38800.0,38372.0,38650.0,1456.53967
2022-02-01 13:00:00+00:00,38650.01,38965.99,38454.0,38872.21,1951.15553
2022-02-01 14:00:00+00:00,38872.2,39034.47,38304.52,38509.46,3170.70783
2022-02-01 15:00:00+00:00,38509.46,38649.57,38190.42,38630.33,2242.40938
2022-02-01 16:00:00+00:00,38630.32,39265.2,38587.96,39110.89,3016.77143
2022-02-01 17:00:00+00:00,39110.89,39171.94,38655.35,38867.24,1950.07901
2022-02-01 18:00:00+00:00,38868.01,38900.0,38460.2,38533.15,1130.81481
2022-02-01 19:00:00+00:00,38533.14,38595.6,38341.06,38378.09,1211.90981
2022-02-01 20:00:00+00:00,38378.1,38735.63,38369.0,38512.08,1134.06888
2022-02-01 21:00:00+00:00,38512.86,38819.0,38490.0,38785.53,907.43829
2022-02-01 22:00:00+00:00,38785.52,38853.23,38532.45,38697.55,629.43065
2022-02-01 23:00:00+00:00,38697.56,38889.0,38602.3,38694.59,605.62059
2022-02-02 00:00:00+00:00,38694.59,38855.92,38429.03,38557.27,1187.94325
2022-02-02 01:00:00+00:00,38557.27,38668.84,38374.78,38439.76,1052.16968
2022-02-02 02:00:00+00:00,38439.76,38665.69,38385.19,38622.81,505.6474
2022-02-02 03:00:00+00:00,38619.71,38749.99,38544.87,38552.87,555.13134
2022-02-02 04:00:00+00:00,38552.87,38555.33,38378.65,38423.44,1141.11423
2022-02-02 05:00:00+00:00,38423.44,38519.78,38300.0,38416.38,932.7053
2022-02-02 06:00:00+00:00,38416.38,38541.27,38196.42,38277.51,915.23311
2022-02-02 07:00:00+00:00,38281.18,38388.46,38200.0,38284.69,754.53449
2022-02-02 08:00:00+00:00,38282.14,38465.21,38225.0,38447.49,1014.70067
2022-02-02 09:00:00+00:00,38447.5,38564.87,38388.0,38530.85,901.66424
2022-02-02 10:00:00+00:00,38530.1,38597.95,38359.08,38566.26,922.6473
2022-02-02 11:00:00+00:00,38566.25,38577.21,38427.02,38490.0,601.82559
2022-02-02 12:00:00+00:00,38490.0,38773.41,38468.8,38723.99,1257.76358
2022-02-02 13:00:00+00:00,38724.0,38772.24,38335.83,38361.61,1421.44402
2022-02-02 14:00:00+00:00,38361.61,38437.02,37611.0,37703.72,4280.39457
2022-02-02 15:00:00+00:00,37703.72,37824.17,37361.49,37429.78,3502.09292
2022-02-02 16:00:00+00:00,37429.78,37435.9,37066.66,37336.71,3497.25132
2022-02-02 17:00:00+00:00,37336.71,37550.0,37269.25,37469.99,1308.70536
2022-02-02 18:00:00+00:00,37469.99,37530.98,37380.01,37486.42,880.98096
2022-02-02 19:00:00+00:00,37486.41,37674.34,37401.75,37566.56,1166.16549
2022-02-02 20:00:00+00:00,37566.56,37662.14,37400.17,37566.0,1479.58286
2022-02-02 21:00:00+00:00,37566.0,37612.66,36586.95,36922.51,3452.00636
2022-02-02 22:00:00+00:00,36922.51,37211.0,36820.5,37006.93,1538.78106
2022-02-02 23:00:00+00:00,37006.93,37133.16,36797.18,36896.36,1524.1962
2022-02-03 00:00:00+00:00,36896.37,37049.65,36763.4,36878.39,1812.53895
2022-02-03 01:00:00+00:00,36878.38,36996.39,36753.0,36845.52,1106.46884
2022-02-03 02:00:00+00:00,36845.52,36958.97,36720.01,36958.68,1068.81062
2022-02-03 03:00:00+00:00,36958.67,36960.0,36772.11,36820.83,629.52766
2022-02-03 04:00:00+00:00,36822.5,36957.0,36780.04,36906.99,639.91773
2022-02-03 05:00:00+00:00,36906.99,37081.55,36834.32,36991.62,1910.09664
2022-02-03 06:00:00+00:00,36991.63,37006.56,36835.14,36924.01,1083.97686
2022-02-03 07:00:00+00:00,36924.01,37093.03,36916.61,37024.16,969.40725
2022-02-03 08:00:00+00:00,37024.16,37106.91,36925.25,37077.65,851.30612
2022-02-03 09:00:00+00:00,37077.66,37090.0,36593.4,36614.91,1339.46411
2022-02-03 10:00:00+00:00,36614.9,36666.67,36250.73,36378.83,2413.18982
2022-02-03 11:00:00+00:00,36378.83,36796.44,36292.61,36785.0,1771.47993
2022-02-03 12:00:00+00:00,36785.0,36791.98,36250.0,36694.0,1897.12482
2022-02-03 13:00:00+00:00,36690.76,36774.58,36451.0,36585.08,1362.70695
2022-02-03 14:00:00+00:00,36585.08,36792.17,36484.0,36505.71,1696.69851
2022-02-03 15:00:00+00:00,36505.71,36976.89,36474.92,36910.05,1915.37708
2022-02-03 16:00:00+00:00,36910.06,37104.6,36686.65,36687.0,1339.84919
2022-02-03 17:00:00+00:00,36686.65,36886.3,36518.13,36831.51,1071.90257
2022-02-03 18:00:00+00:00,36831.52,36853.03,36698.0,36762.69,799.74746
2022-02-03 19:00:00+00:00,36762.69,36830.0,36449.43,36551.7,1198.85605
2022-02-03 20:00:00+00:00,36551.71,36644.05,36270.0,36367.4,1199.79905
2022-02-03 21:00:00+00:00,36367.43,37050.0,36357.87,36948.99,1911.35564
2022-02-03 22:00:00+00:00,36949.0,37016.42,36800.01,36933.16,705.28717
2022-02-03 23:00:00+00:00,36933.16,37387.0,36865.49,37311.61,1386.22097
2022-02-04 00:00:00+00:00,37311.98,37343.77,37116.97,37180.53,1448.75667
2022-02-04 01:00:00+00:00,37180.52,37239.94,37026.73,37168.6,1084.34384
2022-02-04 02:00:00+00:00,37168.59,37445.5,37140.19,37326.25,1544.8416
2022-02-04 03:00:00+00:00,37326.26,37420.51,37266.31,37297.62,977.10595
2022-02-04 04:00:00+00:00,37297.61,37356.0,37245.0,37289.34,1062.99863
2022-02-04 05:00:00+00:00,37289.35,37689.0,37260.01,37547.01,2630.83036
2022-02-04 06:00:00+00:00,37547.01,38025.6,37547.0,37990.02,2508.64163
2022-02-04 07:00:00+00:00,37990.02,38222.0,37838.13,37869.31,1825.08534
2022-02-04 08:00:00+00:00,37869.31,38047.98,37850.01,37957.32,1418.59898
2022-02-04 09:00:00+00:00,37957.32,38140.39,37900.0,38014.01,1364.8923
2022-02-04 10:00:00+00:00,38014.0,38236.08,37763.74,37879.74,1763.02639
2022-02-04 11:00:00+00:00,37879.74,37994.6,37810.0,37810.0,1269.60798
2022-02-04 12:00:00+00:00,37810.0,38060.55,37810.0,37956.67,995.06572
2022-02-04 13:00:00+00:00,37956.67,38200.0,37362.72,37421.4,3517.48646
2022-02-04 14:00:00+00:00,37421.41,38070.65,37290.2,37953.2,3218.65606
2022-02-04 15:00:00+00:00,37953.2,39819.91,37886.9,39490.87,12542.88189
2022-02-04 16:00:00+00:00,39490.88,40600.0,39442.89,40268.51,9229.66749
2022-02-04 17:00:00+00:00,40268.51,40557.51,40180.0,40520.46,3408.59177
2022-02-04 18:00:00+00:00,40520.45,40662.01,40278.79,40469.27,2093.46861
2022-02-04 19:00:00+00:00,40469.27,40877.0,40366.99,40727.91,2345.90165
2022-02-04 20:00:00+00:00,40727.92,40884.96,40456.25,40588.0,2561.73047
2022-02-04 21:00:00+00:00,40588.0,40631.89,40426.23,40624.15,1506.16471
2022-02-04 22:00:00+00:00,40624.16,40666.98,40382.84,40641.74,1145.45021
2022-02-04 23:00:00+00:00,40641.74,41772.33,40562.29,41574.25,3240.16403
2022-02-05 00:00:00+00:00,41571.7,41913.69,41342.98,41471.41,4759.06054
2022-02-05 01:00:00+00:00,41471.41,41535.73,41193.44,41274.08,1612.08923
2022-02-05 02:00:00+00:00,41274.08,41447.08,41173.36,41363.96,976.72246
2022-02-05 03:00:00+00:00,41363.96,41471.0,41341.37,41447.85,860.91629
2022-02-05 04:00:00+00:00,41447.85,41693.9,41369.69,41465.42,1277.42961
2022-02-05 05:00:00+00:00,41465.43,41656.25,41376.5,41525.27,1176.39063
2022-02-05 06:00:00+00:00,41525.26,41748.18,41480.41,41499.99,1083.03504
2022-02-05 07:00:00+00:00,41500.0,41501.91,41373.27,41379.99,1074.3939
2022-02-05 08:00:00+00:00,41379.99,41600.1,41315.68,41436.23,1672.49856
2022-02-05 09:00:00+00:00,41437.62,41564.28,41099.92,41547.36,1282.88455
2022-02-05 10:00:00+00:00,41547.36,41669.0,41418.41,41565.86,937.06959
2022-02-05 11:00:00+00:00,41565.86,41633.39,41382.0,41430.0,1327.96761
2022-02-05 12:00:00+00:00,41430.0,41513.6,41334.7,41379.13,1266.11873
2022-02-05 13:00:00+00:00,41379.12,41545.82,41348.62,41510.69,1370.6236
2022-02-05 14:00:00+00:00,41510.7,41755.3,41385.46,41458.73,1279.3313
2022-02-05 15:00:00+00:00,41458.73,41899.54,41326.17,41761.85,2100.85308
2022-02-05 16:00:00+00:00,41761.87,41854.81,41230.0,41283.81,1777.76781
2022-02-05 17:00:00+00:00,41283.81,41686.28,40843.01,41583.93,2699.97121
2022-02-05 18:00:00+00:00,41583.94,41742.45,41505.79,41683.89,773.47937
2022-02-05 19:00:00+00:00,41683.89,41688.18,41487.04,41544.9,664.24227
2022-02-05 20:00:00+00:00,41544.9,41696.5,41380.11,41644.0,774.54589
2022-02-05 21:00:00+00:00,41647.78,41771.85,41555.55,41627.47,618.95127
2022-02-05 22:00:00+00:00,41627.48,41757.35,41558.17,41579.88,490.23034
2022-02-05 23:00:00+00:00,41579.89,41643.47,41349.81,41382.59,675.77084
2022-02-06 00:00:00+00:00,41382.6,41526.22,41340.35,41478.68,495.10741
2022-02-06 01:00:00+00:00,41478.67,41640.0,41475.85,41606.03,567.02825
2022-02-06 02:00:00+00:00,41606.04,41628.19,41462.73,41534.56,602.64639
2022-02-06 03:00:00+00:00,41534.57,41556.01,41431.13,41444.04,399.475
2022-02-06 04:00:00+00:00,41444.03,41545.41,41305.29,41543.41,706.11945
2022-02-06 05:00:00+00:00,41543.41,41587.44,41490.38,41572.96,364.03309
2022-02-06 06:00:00+00:00,41572.97,41580.04,41401.58,41451.37,478.02756
2022-02-06 07:00:00+00:00,41451.37,41714.18,41405.92,41612.33,719.75161
2022-02-06 08:00:00+00:00,41612.32,41660.63,41489.95,41640.0,629.80212
2022-02-06 09:00:00+00:00,41640.0,41672.99,41579.98,41648.99,479.40829
2022-02-06 10:00:00+00:00,41649.0,41700.01,41531.16,41578.68,484.01162
2022-02-06 11:00:00+00:00,41578.68,41627.63,41444.0,41522.0,437.08913
2022-02-06 12:00:00+00:00,41522.0,41645.34,41487.82,41610.99,596.48693
2022-02-06 13:00:00+00:00,41610.99,41834.99,41479.28,41692.35,1375.97812
2022-02-06 14:00:00+00:00,41692.35,42168.0,41204.45,41306.34,3357.29142
2022-02-06 15:00:00+00:00,41306.34,41600.0,41116.56,41519.49,2034.81916
2022-02-06 16:00:00+00:00,41519.48,41698.08,41417.23,41640.85,876.97558
2022-02-06 17:00:00+00:00,41640.84,41747.4,41546.65,41644.84,748.35666
2022-02-06 18:00:00+00:00,41644.84,41674.43,41426.6,41509.04,612.59519
2022-02-06 19:00:00+00:00,41509.04,41732.0,41487.99,41717.94,498.06208
2022-02-06 20:00:00+00:00,41717.93,41748.03,41500.23,41569.99,669.83009
2022-02-06 21:00:00+00:00,41569.99,41720.85,41535.16,41649.98,434.66354
2022-02-06 22:00:00+00:00,41649.98,41782.8,41536.86,41590.73,472.18573
2022-02-06 23:00:00+00:00,41590.74,42656.0,41478.86,42380.87,4365.42262
2022-02-07 00:00:00+00:00,42380.87,42500.0,41645.85,41830.55,2654.75283
2022-02-07 01:00:00+00:00,41830.54,42266.27,41699.99,42098.41,2097.84745
2022-02-07 02:00:00+00:00,42102.42,42695.0,42095.13,42332.99,2958.78056
2022-02-07 03:00:00+00:00,42333.0,42944.2,42332.23,42818.99,2210.08648
2022-02-07 04:00:00+00:00,42819.0,42900.0,42700.0,42815.74,1650.32562
2022-02-07 05:00:00+00:00,42815.73,43000.0,42685.34,42798.1,2096.69625
2022-02-07 06:00:00+00:00,42798.09,42823.0,42653.33,42749.36,1085.72351
2022-02-07 07:00:00+00:00,42749.35,42768.33,42551.96,42723.92,1076.01009
2022-02-07 08:00:00+00:00,42723.91,42767.69,42522.08,42596.49,1204.2367
2022-02-07 09:00:00+00:00,42596.49,42636.46,42234.09,42410.63,1695.93013
2022-02-07 10:00:00+00:00,42410.62,42640.2,42350.0,42560.0,1150.42707
2022-02-07 11:00:00+00:00,42559.99,42754.56,42559.99,42720.03,1725.40331
2022-02-07 12:00:00+00:00,42720.03,42790.6,42490.02,42639.93,1257.33129
2022-02-07 13:00:00+00:00,42639.92,42900.0,42611.77,42799.47,1272.08618
2022-02-07 14:00:00+00:00,42799.47,43475.08,42766.06,43411.15,4505.33198
2022-02-07 15:00:00+00:00,43411.16,43895.02,43105.0,43835.59,4320.62993
2022-02-07 16:00:00+00:00,43835.59,44077.0,43484.91,43797.71,4092.4348
2022-02-07 17:00:00+00:00,43797.7,44313.19,43601.0,44204.42,2315.73714
2022-02-07 18:00:00+00:00,44204.41,44500.5,43708.0,44065.25,3442.24216
2022-02-07 19:00:00+00:00,44065.25,44495.02,43954.32,44252.8,2208.88557
2022-02-07 20:00:00+00:00,44252.31,44438.93,43792.77,44131.88,2240.66458
2022-02-07 21:00:00+00:00,44131.88,44248.71,43769.64,44085.24,1560.3792
2022-02-07 22:00:00+00:00,44085.23,44180.29,43966.52,44068.99,832.12185
2022-02-07 23:00:00+00:00,44069.99,44190.58,43742.9,43839.99,1406.55538
2022-02-08 00:00:00+00:00,43839.99,43992.53,43555.72,43850.0,2234.79248
2022-02-08 01:00:00+00:00,43849.99,44077.77,43798.8,44042.35,1064.18637
2022-02-08 02:00:00+00:00,44042.34,44102.5,43888.55,43954.99,1129.66778
2022-02-08 03:00:00+00:00,43955.01,44185.0,43835.41,44178.57,1660.77202
2022-02-08 04:00:00+00:00,44178.57,44363.34,44073.73,44362.01,1646.56491
2022-02-08 05:00:00+00:00,44362.02,45000.0,44234.54,44883.08,2746.06
2022-02-08 06:00:00+00:00,44883.08,45492.0,44237.74,44791.58,5934.69128
2022-02-08 07:00:00+00:00,44791.58,44927.83,44604.48,44855.0,2154.79837
2022-02-08 08:00:00+00:00,44855.0,44919.77,43750.0,44004.51,5353.49308
2022-02-08 09:00:00+00:00,44004.51,44257.55,43520.96,43859.02,6638.10638
2022-02-08 10:00:00+00:00,43859.01,43938.45,43569.76,43857.0,3165.50946
2022-02-08 11:00:00+00:00,43857.0,44066.02,43711.1,43988.3,1548.07687
2022-02-08 12:00:00+00:00,43988.3,43988.31,43105.3,43458.92,3510.11939
2022-02-08 13:00:00+00:00,43458.92,43632.37,43193.02,43624.95,3472.02736
2022-02-08 14:00:00+00:00,43624.95,43856.28,43525.6,43579.31,1854.86741
2022-02-08 15:00:00+00:00,43580.08,43585.85,42854.81,43429.31,3595.45402
2022-02-08 16:00:00+00:00,43429.32,43685.2,42910.0,43017.01,2906.60182
2022-02-08 17:00:00+00:00,43017.0,43204.03,42666.0,42953.86,3037.85262
2022-02-08 18:00:00+00:00,42953.87,43259.8,42850.01,42978.55,1403.83258
2022-02-08 19:00:00+00:00,42978.56,43130.0,42700.0,42998.65,1746.88616
2022-02-08 20:00:00+00:00,43000.53,44349.99,42938.36,44271.95,3828.79738
2022-02-08 21:00:00+00:00,44271.95,44393.36,43849.9,44180.36,2330.74281
2022-02-08 22:00:00+00:00,44180.0,44274.69,43865.22,44062.89,924.05397
2022-02-08 23:00:00+00:00,44062.89,44299.98,44013.56,44042.99,992.33935
2022-02-09 00:00:00+00:00,44043.0,44341.88,43958.7,44243.99,1535.22505
2022-02-09 01:00:00+00:00,44243.99,44247.54,43800.39,43861.21,1576.45026
2022-02-09 02:00:00+00:00,43861.22,43926.83,43117.92,43340.22,2187.32562
2022-02-09 03:00:00+00:00,43340.23,43488.57,43252.76,43343.28,1023.3498
2022-02-09 04:00:00+00:00,43343.28,43569.65,43313.98,43453.49,859.03162
2022-02-09 05:00:00+00:00,43453.49,43749.0,43125.0,43584.93,1117.57236
2022-02-09 06:00:00+00:00,43584.93,43831.05,43533.73,43700.01,1294.67169
2022-02-09 07:00:00+00:00,43700.01,43918.52,43416.21,43807.75,1360.42784
2022-02-09 08:00:00+00:00,43807.75,43939.0,43181.91,43399.78,1706.98263
2022-02-09 09:00:00+00:00,43399.78,43662.06,43300.0,43386.75,992.64129
2022-02-09 10:00:00+00:00,43386.75,43737.61,43365.44,43614.04,1033.94399
2022-02-09 11:00:00+00:00,43611.23,43824.35,43371.62,43715.45,1524.52784
2022-02-09 12:00:00+00:00,43715.46,44349.23,43617.61,44141.56,2342.88799
2022-02-09 13:00:00+00:00,44141.57,44471.4,43863.16,43938.87,2401.50828
2022-02-09 14:00:00+00:00,43938.87,44265.41,43780.73,44092.39,1595.65862
2022-02-09 15:00:00+00:00,44092.39,44197.97,43794.01,43867.63,1471.53927
2022-02-09 16:00:00+00:00,43867.63,44148.11,43579.66,44077.34,1894.12606
2022-02-09 17:00:00+00:00,44077.34,44318.77,43977.69,44066.0,1099.18321
2022-02-09 18:00:00+00:00,44066.01,44175.0,43922.14,44167.65,749.0165
2022-02-09 19:00:00+00:00,44167.64,44700.0,44133.44,44463.43,2447.12966
2022-02-09 20:00:00+00:00,44466.23,44799.0,44342.03,44765.18,1424.13903
2022-02-09 21:00:00+00:00,44765.19,44799.0,44436.69,44452.14,950.56435
2022-02-09 22:00:00+00:00,44452.14,44591.0,44189.0,44557.76,923.99087
2022-02-09 23:00:00+00:00,44557.75,44588.04,44200.0,44372.72,916.27346
2022-02-10 00:00:00+00:00,44372.71,44400.0,44030.1,44103.29,1611.55153
2022-02-10 01:00:00+00:00,44103.29,44261.25,44028.57,44253.22,1054.58247
2022-02-10 02:00:00+00:00,44253.23,44360.0,43800.0,43800.01,1402.61623
2022-02-10 03:00:00+00:00,43800.0,43858.41,43542.14,43775.42,1288.67942
2022-02-10 04:00:00+00:00,43775.42,43911.57,43575.22,43783.82,942.91797
2022-02-10 05:00:00+00:00,43784.72,43906.3,43703.78,43879.78,584.94538
2022-02-10 06:00:00+00:00,43879.78,43997.18,43757.57,43874.66,998.48493
2022-02-10 07:00:00+00:00,43874.67,44131.6,43856.46,44092.42,820.38215
2022-02-10 08:00:00+00:00,44092.43,44299.45,44055.86,44215.0,1096.54043
2022-02-10 09:00:00+00:00,44215.0,44499.0,44091.98,44400.01,1297.63381
2022-02-10 10:00:00+00:00,44400.0,44759.55,44361.36,44644.36,1853.01909
2022-02-10 11:00:00+00:00,44644.74,45177.96,44563.23,44834.09,3007.64984
2022-02-10 12:00:00+00:00,44834.09,44989.79,44486.43,44807.73,2469.95558
2022-02-10 13:00:00+00:00,44807.73,45060.0,43630.01,43642.98,7767.0184
2022-02-10 14:00:00+00:00,43642.98,44368.63,43174.01,44356.08,5920.25871
2022-02-10 15:00:00+00:00,44354.92,45669.71,44154.59,44947.1,8812.36337
2022-02-10 16:00:00+00:00,44947.12,45540.75,44846.59,45382.86,4524.72035
2022-02-10 17:00:00+00:00,45382.86,45821.0,45013.31,45330.43,3832.52997
2022-02-10 18:00:00+00:00,45330.43,45400.0,44850.0,45217.94,2455.79227
2022-02-10 19:00:00+00:00,45218.18,45254.95,44341.07,44373.97,2568.06418
2022-02-10 20:00:00+00:00,44373.95,44601.14,43785.93,44102.4,3300.10206
2022-02-10 21:00:00+00:00,44102.41,44199.99,43700.0,43749.99,1740.89989
2022-02-10 22:00:00+00:00,43749.3,44079.45,43612.6,43957.59,1185.74044
2022-02-10 23:00:00+00:00,43957.58,44047.61,43333.42,43495.44,1820.84244
2022-02-11 00:00:00+00:00,43495.44,43559.45,42600.0,43040.01,4272.89598
2022-02-11 01:00:00+00:00,43040.01,43749.86,42937.85,43169.78,3215.34822
2022-02-11 02:00:00+00:00,43169.78,43196.82,42817.93,43127.36,1146.79632
2022-02-11 03:00:00+00:00,43127.36,43408.63,43088.07,43343.71,1475.88678
2022-02-11 04:00:00+00:00,43342.92,43370.79,42918.12,43091.1,893.26039
2022-02-11 05:00:00+00:00,43091.09,43091.58,42836.0,42848.1,1103.70359
2022-02-11 06:00:00+00:00,42848.09,43281.46,42814.23,43248.73,947.21964
2022-02-11 07:00:00+00:00,43248.74,43416.22,43170.35,43359.25,997.55444
2022-02-11 08:00:00+00:00,43359.24,43555.92,42987.01,43000.32,1322.06234
2022-02-11 09:00:00+00:00,43000.32,43600.0,42851.0,43492.64,2103.26025
2022-02-11 10:00:00+00:00,43492.63,43569.67,43233.67,43443.77,1305.62692
2022-02-11 11:00:00+00:00,43443.78,43523.42,43320.0,43357.53,744.52418
2022-02-11 12:00:00+00:00,43357.53,43700.78,43253.31,43570.77,1317.54694
2022-02-11 13:00:00+00:00,43570.77,43826.0,43503.01,43765.14,1564.2518
2022-02-11 14:00:00+00:00,43765.15,43920.0,43284.4,43514.72,3110.59053
2022-02-11 15:00:00+00:00,43514.72,43810.97,43501.56,43669.01,1588.71243
2022-02-11 16:00:00+00:00,43669.02,43767.16,43424.99,43577.92,1658.28224
2022-02-11 17:00:00+00:00,43577.91,43723.78,43374.02,43417.18,1204.45876
2022-02-11 18:00:00+00:00,43417.18,43500.0,42581.07,42664.58,2949.24691
2022-02-11 19:00:00+00:00,42664.58,43180.9,42050.0,42742.63,4798.88874
2022-02-11 20:00:00+00:00,42742.63,42865.58,42217.55,42338.66,3170.07889
2022-02-11 21:00:00+00:00,42338.65,42735.78,42293.09,42543.6,1194.11033
2022-02-11 22:00:00+00:00,42542.02,42604.19,42000.0,42155.01,1498.57092
2022-02-11 23:00:00+00:00,42155.0,42443.38,41938.51,42373.73,1392.29116
2022-02-12 00:00:00+00:00,42373.73,42415.45,42221.38,42311.0,1040.25762
2022-02-12 01:00:00+00:00,42311.0,42485.66,42252.58,42447.82,812.96442
2022-02-12 02:00:00+00:00,42447.83,42480.55,42338.95,42449.73,448.85351
2022-02-12 03:00:00+00:00,42449.75,42450.0,42156.99,42288.46,986.2191
2022-02-12 04:00:00+00:00,42288.45,42428.3,42223.88,42287.0,748.95378
2022-02-12 05:00:00+00:00,42287.01,42414.84,42200.0,42272.01,571.19451
2022-02-12 06:00:00+00:00,42272.01,42315.88,41688.88,42039.37,1907.49953
2022-02-12 07:00:00+00:00,42039.38,42232.92,41935.02,42103.94,1140.05063
2022-02-12 08:00:00+00:00,42103.94,42382.71,42101.11,42278.6,1086.24319
2022-02-12 09:00:00+00:00,42278.6,42459.06,42230.81,42393.81,847.74284
2022-02-12 10:00:00+00:00,42393.8,42399.3,42100.0,42263.62,748.82261
2022-02-12 11:00:00+00:00,42263.62,42430.54,41888.82,42406.48,1129.83808
2022-02-12 12:00:00+00:00,42406.48,42445.85,42200.24,42276.3,761.14767
2022-02-12 13:00:00+00:00,42276.3,42340.46,42078.79,42099.17,759.18993
2022-02-12 14:00:00+00:00,42099.17,42218.92,41800.13,42160.63,1823.14624
2022-02-12 15:00:00+00:00,42160.62,42207.03,41833.31,42123.93,1279.20704
2022-02-12 16:00:00+00:00,42123.92,42806.65,41995.2,42730.49,2924.88562
2022-02-12 17:00:00+00:00,42730.49,42804.03,42548.62,42723.95,874.29337
2022-02-12 18:00:00+00:00,42723.94,43079.49,42723.94,42829.94,1434.49231
2022-02-12 19:00:00+00:00,42829.94,42882.66,42608.56,42662.47,844.4008
2022-02-12 20:00:00+00:00,42662.47,42752.99,42475.16,42622.67,711.3399
2022-02-12 21:00:00+00:00,42622.66,42622.67,41700.0,41877.82,2237.21042
2022-02-12 22:00:00+00:00,41877.82,42226.29,41830.01,42175.51,979.96552
2022-02-12 23:00:00+00:00,42175.52,42250.87,42058.83,42217.87,458.93817
2022-02-13 00:00:00+00:00,42217.87,42508.47,42057.26,42390.82,893.68946
2022-02-13 01:00:00+00:00,42390.81,42499.35,42198.86,42233.77,594.53536
2022-02-13 02:00:00+00:00,42233.77,42275.11,42102.22,42219.44,374.86276
2022-02-13 03:00:00+00:00,42219.43,42298.29,42150.0,42230.0,467.30385
2022-02-13 04:00:00+00:00,42229.99,42333.24,42119.35,42204.84,331.68369
2022-02-13 05:00:00+00:00,42204.83,42314.02,42120.0,42268.49,301.6891
2022-02-13 06:00:00+00:00,42268.5,42430.0,42215.0,42426.18,522.10084
2022-02-13 07:00:00+00:00,42423.88,42490.01,42300.0,42412.4,622.37041
2022-02-13 08:00:00+00:00,42412.39,42500.0,42328.92,42443.06,494.65471
2022-02-13 09:00:00+00:00,42443.06,42447.99,42269.64,42310.59,514.03134
2022-02-13 10:00:00+00:00,42310.59,42634.86,42243.48,42570.0,910.16152
2022-02-13 11:00:00+00:00,42570.0,42654.64,42412.33,42470.73,715.68294
2022-02-13 12:00:00+00:00,42470.72,42631.89,42415.6,42468.44,505.68604
2022-02-13 13:00:00+00:00,42468.43,42568.63,42400.6,42506.34,491.05459
2022-02-13 14:00:00+00:00,42506.34,42714.48,42138.17,42535.07,1526.43752
2022-02-13 15:00:00+00:00,42535.07,42760.0,42498.09,42559.97,1095.64951
2022-02-13 16:00:00+00:00,42559.97,42580.0,42208.21,42311.15,1209.49336
2022-02-13 17:00:00+00:00,42311.16,42311.16,42082.16,42267.4,1069.27269
2022-02-13 18:00:00+00:00,42267.39,42398.75,41870.0,41974.93,1251.20984
2022-02-13 19:00:00+00:00,41974.93,42181.63,41875.38,42031.16,940.09116
2022-02-13 20:00:00+00:00,42031.17,42446.55,41929.42,42441.44,912.03285
2022-02-13 21:00:00+00:00,42441.45,42497.85,42196.09,42200.2,606.24259
2022-02-13 22:00:00+00:00,42200.21,42423.53,42200.18,42371.56,446.66398
2022-02-13 23:00:00+00:00,42371.56,42393.42,42018.0,42053.66,935.48102
2022-02-14 00:00:00+00:00,42053.65,42180.04,41934.03,42113.12,926.07324
2022-02-14 01:00:00+00:00,42116.92,42152.0,41550.56,41670.43,2170.21538
2022-02-14 02:00:00+00:00,41670.16,41839.95,41600.0,41703.81,1007.93485
2022-02-14 03:00:00+00:00,41703.81,41971.76,41620.32,41916.43,1063.85847
2022-02-14 04:00:00+00:00,41916.42,41985.18,41836.82,41962.01,716.0876
2022-02-14 05:00:00+00:00,41962.01,42018.51,41767.27,41778.62,692.17353
2022-02-14 06:00:00+00:00,41778.62,42276.0,41734.7,42184.55,1211.53674
2022-02-14 07:00:00+00:00,42184.54,42368.21,42112.47,42314.42,1102.50624
2022-02-14 08:00:00+00:00,42314.42,42415.0,42000.3,42033.61,1869.83736
2022-02-14 09:00:00+00:00,42033.61,42226.23,41956.76,42077.44,1271.5124
2022-02-14 10:00:00+00:00,42077.44,42279.0,41922.48,42225.3,1041.35777
2022-02-14 11:00:00+00:00,42225.3,42270.0,42070.01,42117.87,736.79201
2022-02-14 12:00:00+00:00,42112.71,42591.49,41961.13,42535.39,2562.92668
2022-02-14 13:00:00+00:00,42535.39,42687.37,42380.93,42491.0,1832.36934
2022-02-14 14:00:00+00:00,42490.99,42842.4,42467.73,42519.99,2067.44932
2022-02-14 15:00:00+00:00,42519.99,42653.84,42350.0,42584.97,2002.99643
2022-02-14 16:00:00+00:00,42584.97,42818.35,42550.0,42651.0,1713.3406
2022-02-14 17:00:00+00:00,42651.0,42807.67,42515.16,42570.0,1200.69953
2022-02-14 18:00:00+00:00,42570.01,42653.1,42212.0,42233.91,1367.70712
2022-02-14 19:00:00+00:00,42233.91,42299.74,41803.17,42119.31,3445.59493
2022-02-14 20:00:00+00:00,42119.31,42308.72,41933.95,42180.5,1425.44436
2022-02-14 21:00:00+00:00,42180.51,42282.1,42100.0,42234.5,628.47496
2022-02-14 22:00:00+00:00,42234.51,42750.0,42220.4,42678.07,1221.24806
2022-02-14 23:00:00+00:00,42678.07,42800.0,42529.51,42535.94,731.99368
2022-02-15 00:00:00+00:00,42535.94,42668.43,42427.03,42576.18,875.53425
2022-02-15 01:00:00+00:00,42576.18,43700.0,42518.1,43465.96,3424.41579
2022-02-15 02:00:00+00:00,43465.97,43685.7,43389.75,43569.79,1923.15274
2022-02-15 03:00:00+00:00,43569.78,43663.77,43501.0,43567.76,1146.27393
2022-02-15 04:00:00+00:00,43567.75,43781.97,43459.41,43468.94,1452.26922
2022-02-15 05:00:00+00:00,43468.93,43626.48,43397.1,43573.44,829.32419
2022-02-15 06:00:00+00:00,43573.45,43698.82,43521.75,43544.44,929.30088
2022-02-15 07:00:00+00:00,43544.45,43777.0,43527.26,43691.57,1118.68088
2022-02-15 08:00:00+00:00,43691.57,44198.99,43608.67,43987.97,3872.23802
2022-02-15 09:00:00+00:00,43987.97,44117.07,43829.88,44056.02,1877.9834
2022-02-15 10:00:00+00:00,44056.01,44371.71,43966.81,44270.01,2146.43457
2022-02-15 11:00:00+00:00,44270.01,44425.85,44111.11,44233.6,1481.66693
2022-02-15 12:00:00+00:00,44233.6,44349.67,44129.49,44182.61,1376.57383
2022-02-15 13:00:00+00:00,44182.6,44305.66,44024.03,44240.69,1582.09064
2022-02-15 14:00:00+00:00,44240.69,44500.0,44200.58,44249.99,2394.49107
2022-02-15 15:00:00+00:00,44250.0,44297.87,44109.02,44198.96,1741.42556
2022-02-15 16:00:00+00:00,44198.97,44259.37,44011.0,44123.18,1533.19927
2022-02-15 17:00:00+00:00,44120.0,44156.43,43846.07,43925.0,1673.34214
2022-02-15 18:00:00+00:00,43924.99,44199.79,43870.13,44128.64,1026.58683
2022-02-15 19:00:00+00:00,44128.63,44131.0,43961.59,43993.95,682.06234
2022-02-15 20:00:00+00:00,43993.94,44169.63,43961.88,44140.76,1092.26494
2022-02-15 21:00:00+00:00,44140.76,44162.42,43941.28,43969.02,632.36774
2022-02-15 22:00:00+00:00,43969.03,44377.92,43966.5,44169.17,1183.90912
2022-02-15 23:00:00+00:00,44169.18,44751.4,44103.71,44544.86,2099.60748
2022-02-16 00:00:00+00:00,44544.85,44549.97,44125.0,44195.77,1229.09601
2022-02-16 01:00:00+00:00,44195.77,44199.99,43945.32,43988.69,1298.84747
2022-02-16 02:00:00+00:00,43988.68,44070.1,43877.18,44068.38,1101.6354
2022-02-16 03:00:00+00:00,44068.39,44150.1,43942.27,43971.26,1162.97705
2022-02-16 04:00:00+00:00,43971.27,43974.95,43673.92,43893.67,1681.79747
2022-02-16 05:00:00+00:00,43893.68,44132.96,43886.37,44056.97,801.99252
2022-02-16 06:00:00+00:00,44056.97,44191.77,43998.54,44028.14,626.78941
2022-02-16 07:00:00+00:00,44028.15,44191.04,43925.23,44184.2,700.91564
2022-02-16 08:00:00+00:00,44184.19,44327.55,44130.7,44147.08,1086.86338
2022-02-16 09:00:00+00:00,44147.09,44236.09,43992.99,44005.23,848.19513
2022-02-16 10:00:00+00:00,44005.23,44128.13,43876.0,44111.61,975.15668
2022-02-16 11:00:00+00:00,44111.61,44260.0,44107.17,44173.15,808.63663
2022-02-16 12:00:00+00:00,44173.15,44214.11,43964.42,44032.98,836.47723
2022-02-16 13:00:00+00:00,44032.98,44150.0,43521.0,43637.97,2323.12704
2022-02-16 14:00:00+00:00,43637.96,43735.99,43307.0,43490.21,2294.37812
2022-02-16 15:00:00+00:00,43490.21,43690.0,43443.44,43598.63,1646.18871
2022-02-16 16:00:00+00:00,43598.62,43740.6,43350.0,43647.36,1259.72552
2022-02-16 17:00:00+00:00,43647.37,43705.6,43544.32,43573.76,770.70691
2022-02-16 18:00:00+00:00,43573.76,43892.0,43506.64,43847.16,986.45468
2022-02-16 19:00:00+00:00,43847.15,44344.64,43694.44,44220.0,3114.89967
2022-02-16 20:00:00+00:00,44219.99,44376.58,44075.55,44093.62,1054.78133
2022-02-16 21:00:00+00:00,44093.62,44165.0,43877.68,44068.34,685.57957
2022-02-16 22:00:00+00:00,44068.34,44159.37,43956.3,44010.49,528.16368
2022-02-16 23:00:00+00:00,44010.5,44168.64,43823.09,43873.56,648.48745
2022-02-17 00:00:00+00:00,43873.56,44100.23,43822.28,44060.74,840.53758
2022-02-17 01:00:00+00:00,44060.75,44164.71,43968.58,44006.09,798.9191
2022-02-17 02:00:00+00:00,44006.09,44095.73,43824.68,43995.48,848.1442
2022-02-17 03:00:00+00:00,43995.48,44010.0,43575.04,43583.05,1057.71326
2022-02-17 04:00:00+00:00,43580.0,43710.42,43350.0,43615.72,2088.95628
2022-02-17 05:00:00+00:00,43615.72,43707.77,43514.77,43617.4,544.39246
2022-02-17 06:00:00+00:00,43617.41,43900.56,43573.5,43838.8,812.00255
2022-02-17 07:00:00+00:00,43838.8,43950.0,43750.98,43919.46,613.03626
2022-02-17 08:00:00+00:00,43919.46,44022.36,43330.0,43468.21,2269.05556
2022-02-17 09:00:00+00:00,43468.21,43529.79,42900.0,43216.34,2175.1604
2022-02-17 10:00:00+00:00,43216.33,43342.0,42925.06,43049.99,1239.40185
2022-02-17 11:00:00+00:00,43050.0,43207.47,42977.67,43164.05,1405.48148
2022-02-17 12:00:00+00:00,43164.05,43340.65,43140.57,43213.25,1024.17387
2022-02-17 13:00:00+00:00,43213.26,43289.92,42142.27,42239.99,4651.47287
2022-02-17 14:00:00+00:00,42239.99,42392.0,41837.61,41926.31,4306.15186
2022-02-17 15:00:00+00:00,41926.31,42131.05,41700.0,41925.44,2835.5631
2022-02-17 16:00:00+00:00,41925.44,42111.0,41641.0,41979.68,2740.66126
2022-02-17 17:00:00+00:00,41979.68,41995.2,41600.0,41746.21,1542.85074
2022-02-17 18:00:00+00:00,41746.21,41868.83,40750.02,41292.65,5220.46198
2022-02-17 19:00:00+00:00,41292.66,41292.66,40940.64,41201.62,1521.45222
2022-02-17 20:00:00+00:00,41204.22,41204.22,40851.2,40882.85,1666.50815
2022-02-17 21:00:00+00:00,40878.68,40950.04,40073.21,40666.82,4711.91917
2022-02-17 22:00:00+00:00,40666.82,40753.47,40422.94,40711.68,1056.94529
2022-02-17 23:00:00+00:00,40712.96,40761.06,40446.6,40515.7,1275.03345
2022-02-18 00:00:00+00:00,40515.71,40668.41,40300.0,40563.91,1769.28818
2022-02-18 01:00:00+00:00,40563.91,40950.0,40362.92,40784.37,1868.30152
2022-02-18 02:00:00+00:00,40784.36,40886.26,40666.26,40762.43,980.18665
2022-02-18 03:00:00+00:00,40762.42,40770.19,40574.02,40691.98,682.64164
2022-02-18 04:00:00+00:00,40691.97,40777.77,40496.57,40513.23,897.70306
2022-02-18 05:00:00+00:00,40513.24,40711.3,40493.31,40625.63,793.71474
2022-02-18 06:00:00+00:00,40625.62,40745.0,40575.74,40712.19,837.39545
2022-02-18 07:00:00+00:00,40712.19,40780.64,40560.01,40665.81,935.30701
2022-02-18 08:00:00+00:00,40665.81,40959.88,40654.11,40868.39,1307.44194
2022-02-18 09:00:00+00:00,40868.39,40919.35,40764.55,40873.0,890.80147
2022-02-18 10:00:00+00:00,40872.99,40877.21,40691.36,40788.01,1049.78806
2022-02-18 11:00:00+00:00,40788.02,40805.0,40101.01,40178.94,2714.72547
2022-02-18 12:00:00+00:00,40178.95,40558.0,40082.09,40441.43,1986.79608
2022-02-18 13:00:00+00:00,40441.44,40533.06,40186.57,40387.81,2572.49661
2022-02-18 14:00:00+00:00,40387.8,40517.77,39616.72,40483.81,5977.05012
2022-02-18 15:00:00+00:00,40483.82,40799.0,39660.0,39832.03,5194.14519
2022-02-18 16:00:00+00:00,39832.02,40438.27,39450.0,39933.41,5206.14989
2022-02-18 17:00:00+00:00,39933.42,40370.78,39915.03,40022.97,1909.33398
2022-02-18 18:00:00+00:00,40022.97,40229.79,39790.0,40140.15,1515.41731
2022-02-18 19:00:00+00:00,40140.15,40340.0,40050.0,40216.8,1107.18955
2022-02-18 20:00:00+00:00,40216.79,40286.09,39941.57,40025.79,1207.19344
2022-02-18 21:00:00+00:00,40025.79,40158.94,39900.0,39971.04,806.91235
2022-02-18 22:00:00+00:00,39971.05,40062.17,39711.31,39940.0,960.733
2022-02-18 23:00:00+00:00,39940.01,40082.39,39885.72,39974.44,675.2097
2022-02-19 00:00:00+00:00,39974.45,40243.51,39915.89,40201.59,1019.02185
2022-02-19 01:00:00+00:00,40201.6,40307.22,40060.61,40151.39,691.1021
2022-02-19 02:00:00+00:00,40151.38,40212.98,40073.75,40155.22,431.07519
2022-02-19 03:00:00+00:00,40155.22,40227.14,40061.07,40125.12,443.33016
2022-02-19 04:00:00+00:00,40125.13,40285.79,40060.88,40212.56,677.67241
2022-02-19 05:00:00+00:00,40212.57,40246.47,40150.16,40237.75,385.05279
2022-02-19 06:00:00+00:00,40237.76,40444.32,40208.67,40370.01,713.36402
2022-02-19 07:00:00+00:00,40370.01,40407.31,40241.86,40263.71,503.5849
2022-02-19 08:00:00+00:00,40263.7,40301.11,39933.83,39976.14,840.66624
2022-02-19 09:00:00+00:00,39976.13,40057.67,39869.39,39926.26,746.02156
2022-02-19 10:00:00+00:00,39926.26,39974.98,39757.43,39946.01,964.02501
2022-02-19 11:00:00+00:00,39946.01,40032.7,39648.6,39842.54,1713.61364
2022-02-19 12:00:00+00:00,39842.53,39950.0,39661.3,39754.99,1161.486
2022-02-19 13:00:00+00:00,39754.98,40076.94,39639.03,40017.88,1224.64172
2022-02-19 14:00:00+00:00,40017.88,40017.88,39771.31,39867.75,832.36516
2022-02-19 15:00:00+00:00,39867.76,40013.87,39803.76,39969.93,704.70296
2022-02-19 16:00:00+00:00,39969.92,40345.62,39850.0,39946.4,1505.30357
2022-02-19 17:00:00+00:00,39946.41,40168.05,39872.67,40142.43,697.53924
2022-02-19 18:00:00+00:00,40142.43,40203.88,40044.42,40115.33,418.66031
2022-02-19 19:00:00+00:00,40115.32,40124.74,39904.44,39974.66,619.49269
2022-02-19 20:00:00+00:00,39974.66,40107.17,39936.62,40061.87,352.52917
2022-02-19 21:00:00+00:00,40061.86,40071.5,39800.0,39921.63,652.59438
2022-02-19 22:00:00+00:00,39921.63,40047.28,39874.06,40015.39,355.01753
2022-02-19 23:00:00+00:00,40015.4,40140.0,39949.18,40079.17,389.1925
2022-02-20 00:00:00+00:00,40079.17,40125.44,39876.01,39924.54,653.07079
2022-02-20 01:00:00+00:00,39924.54,40019.18,39824.54,39997.17,426.52238
2022-02-20 02:00:00+00:00,39997.17,40019.74,39826.92,39839.17,462.96492
2022-02-20 03:00:00+00:00,39839.17,39907.07,39700.0,39794.59,788.29721
2022-02-20 04:00:00+00:00,39794.59,39843.59,39481.12,39550.65,1573.00656
2022-02-20 05:00:00+00:00,39550.65,39699.14,39285.3,39349.91,1668.31163
2022-02-20 06:00:00+00:00,39349.91,39443.27,38688.0,38794.82,4387.36693
2022-02-20 07:00:00+00:00,38794.82,38883.63,38581.1,38796.64,1809.81764
2022-02-20 08:00:00+00:00,38796.63,38836.18,38101.11,38166.84,4253.53166
2022-02-20 09:00:00+00:00,38166.84,38425.76,38000.0,38185.42,2509.85246
2022-02-20 10:00:00+00:00,38185.43,38378.27,38140.0,38193.02,1636.81007
2022-02-20 11:00:00+00:00,38193.01,38358.42,38122.93,38343.99,915.3072
2022-02-20 12:00:00+00:00,38343.99,38616.0,38201.1,38213.07,1631.9409
2022-02-20 13:00:00+00:00,38213.07,38320.4,38180.0,38204.92,897.02335
2022-02-20 14:00:00+00:00,38204.92,38300.0,38022.0,38196.97,1215.90655
2022-02-20 15:00:00+00:00,38196.98,38415.49,38180.31,38335.04,880.09849
2022-02-20 16:00:00+00:00,38337.2,38507.31,38238.43,38271.61,1093.41234
2022-02-20 17:00:00+00:00,38271.61,38399.99,38205.0,38279.31,598.53632
2022-02-20 18:00:00+00:00,38279.31,38456.0,38180.1,38441.26,708.27605
2022-02-20 19:00:00+00:00,38441.27,38444.66,38336.01,38397.22,383.44021
2022-02-20 20:00:00+00:00,38397.22,38400.98,38250.59,38317.72,472.76375
2022-02-20 21:00:00+00:00,38317.72,38360.0,38048.49,38240.07,1228.07582
2022-02-20 22:00:00+00:00,38240.08,38860.0,38235.53,38816.16,1327.66421
2022-02-20 23:00:00+00:00,38816.16,38979.12,38340.51,38386.89,1917.29267
2022-02-21 00:00:00+00:00,38386.89,38749.95,38182.98,38741.34,1532.27626
2022-02-21 01:00:00+00:00,38740.15,39388.0,38552.39,39135.57,2864.04882
2022-02-21 02:00:00+00:00,39135.57,39247.07,39021.84,39110.92,874.47991
2022-02-21 03:00:00+00:00,39110.92,39250.0,38800.57,38919.25,1210.57452
2022-02-21 04:00:00+00:00,38919.25,39378.56,38909.26,39297.12,1214.29138
2022-02-21 05:00:00+00:00,39297.13,39494.35,39210.0,39228.67,1051.25162
2022-02-21 06:00:00+00:00,39228.66,39276.43,39150.81,39204.39,849.89976
2022-02-21 07:00:00+00:00,39204.38,39320.69,39073.48,39294.07,1064.35157
2022-02-21 08:00:00+00:00,39294.06,39362.15,39026.74,39061.55,1348.02305
2022-02-21 09:00:00+00:00,39061.54,39110.03,38873.72,38923.52,1266.16316
2022-02-21 10:00:00+00:00,38923.51,38981.5,38217.89,38294.51,3132.69877
2022-02-21 11:00:00+00:00,38294.5,38437.32,37348.49,37577.33,4611.6837
2022-02-21 12:00:00+00:00,37576.1,37786.22,37401.01,37539.99,3325.70297
2022-02-21 13:00:00+00:00,37539.99,37700.0,37213.63,37562.74,3657.44193
2022-02-21 14:00:00+00:00,37562.74,38872.0,37481.27,38680.0,6017.44605
2022-02-21 15:00:00+00:00,38680.01,39283.07,38629.31,38827.94,4003.26862
2022-02-21 16:00:00+00:00,38827.93,39141.41,38647.1,38696.1,1946.31826
2022-02-21 17:00:00+00:00,38696.11,38830.91,38478.3,38527.65,1632.06618
2022-02-21 18:00:00+00:00,38527.66,38655.73,37533.93,37749.99,5033.33752
2022-02-21 19:00:00+00:00,37749.99,38399.54,37500.0,38135.21,3661.0835
2022-02-21 20:00:00+00:00,38135.2,38448.27,37960.04,38249.99,1552.0519
2022-02-21 21:00:00+00:00,38250.0,38361.32,36912.08,37058.51,3208.03818
2022-02-21 22:00:00+00:00,37058.51,37779.54,36800.0,37543.3,3894.36658
2022-02-21 23:00:00+00:00,37543.29,37676.78,36850.0,37008.16,3396.82075
2022-02-22 00:00:00+00:00,37008.16,37331.29,36810.0,37229.72,2715.27835
2022-02-22 01:00:00+00:00,37229.73,37468.35,36852.8,37243.25,2419.9746
2022-02-22 02:00:00+00:00,37243.26,37243.26,36855.3,37006.67,1601.48008
2022-02-22 03:00:00+00:00,37006.67,37017.58,36350.0,36591.06,4444.05106
2022-02-22 04:00:00+00:00,36591.06,36810.06,36550.47,36617.84,2265.49323
2022-02-22 05:00:00+00:00,36617.85,37250.23,36560.08,36740.76,2129.62282
2022-02-22 06:00:00+00:00,36740.75,37010.0,36600.0,36864.19,2009.01787
2022-02-22 07:00:00+00:00,36864.19,36995.82,36515.87,36771.66,2118.92745
2022-02-22 08:00:00+00:00,36771.65,37176.0,36756.53,37108.86,1923.95715
2022-02-22 09:00:00+00:00,37108.85,37319.17,37011.0,37135.03,1626.12999
2022-02-22 10:00:00+00:00,37135.03,37865.0,37085.05,37707.21,3163.56045
2022-02-22 11:00:00+00:00,37707.21,37768.01,37437.33,37519.48,1853.76536
2022-02-22 12:00:00+00:00,37519.47,37773.04,37274.38,37637.98,1993.68141
2022-02-22 13:00:00+00:00,37637.98,37981.27,37319.15,37836.84,1816.38374
2022-02-22 14:00:00+00:00,37836.84,38298.48,37414.52,38140.19,4391.98941
2022-02-22 15:00:00+00:00,38140.18,38240.0,37677.46,37759.9,2962.05657
2022-02-22 16:00:00+00:00,37759.9,37878.93,37464.65,37709.99,2679.35573
2022-02-22 17:00:00+00:00,37709.99,37841.87,37380.0,37640.97,2052.13003
2022-02-22 18:00:00+00:00,37640.96,37993.42,37551.74,37711.07,1786.0536
2022-02-22 19:00:00+00:00,37711.06,38169.08,37615.0,38065.32,2819.89102
2022-02-22 20:00:00+00:00,38065.32,38280.0,37775.36,37908.98,2082.89017
2022-02-22 21:00:00+00:00,37908.99,38051.34,37831.39,37875.2,818.34269
2022-02-22 22:00:00+00:00,37875.2,37976.96,37755.01,37917.34,479.56988
2022-02-22 23:00:00+00:00,37917.33,38429.0,37884.1,38230.33,1632.34323
2022-02-23 00:00:00+00:00,38230.33,38354.56,38036.24,38137.91,1286.01634
2022-02-23 01:00:00+00:00,38137.9,38160.42,37938.07,38062.5,1027.70156
2022-02-23 02:00:00+00:00,38062.5,38206.97,37528.33,37692.92,1778.13163
2022-02-23 03:00:00+00:00,37692.92,37795.91,37592.86,37750.67,949.23314
2022-02-23 04:00:00+00:00,37750.66,38078.09,37712.93,38003.05,1147.5625
2022-02-23 05:00:00+00:00,38003.05,38123.81,37813.27,37976.11,1056.00505
2022-02-23 06:00:00+00:00,37976.1,38148.29,37912.64,37988.84,1147.19743
2022-02-23 07:00:00+00:00,37988.84,38213.11,37957.45,38151.17,1341.7092
2022-02-23 08:00:00+00:00,38151.16,38788.99,38081.12,38673.03,3629.8832
2022-02-23 09:00:00+00:00,38673.02,38990.0,38600.01,38876.9,2085.38386
2022-02-23 10:00:00+00:00,38876.89,38956.64,38759.31,38866.27,1392.9354
2022-02-23 11:00:00+00:00,38866.28,39125.47,38734.64,38782.91,1833.75028
2022-02-23 12:00:00+00:00,38782.91,39100.0,38749.36,39016.39,1490.2919
2022-02-23 13:00:00+00:00,39016.39,39249.93,38889.0,38960.24,1830.84804
2022-02-23 14:00:00+00:00,38960.25,38990.99,38623.93,38660.07,2333.7657
2022-02-23 15:00:00+00:00,38660.08,38672.72,38450.0,38512.51,2607.47297
2022-02-23 16:00:00+00:00,38512.51,38710.0,38360.0,38638.24,2365.31648
2022-02-23 17:00:00+00:00,38638.24,38780.0,38005.24,38084.48,2414.52237
2022-02-23 18:00:00+00:00,38084.48,38109.88,37715.47,37780.8,2824.76212
2022-02-23 19:00:00+00:00,37780.8,37875.41,37536.0,37615.81,1916.48587
2022-02-23 20:00:00+00:00,37615.81,37738.56,37381.92,37677.98,1992.63133
2022-02-23 21:00:00+00:00,37677.98,37796.36,37423.37,37513.07,1154.30519
2022-02-23 22:00:00+00:00,37513.07,37667.52,37080.0,37648.23,1594.64063
2022-02-23 23:00:00+00:00,37648.22,37720.03,37036.79,37250.01,2360.17981
2022-02-24 00:00:00+00:00,37250.02,37427.81,36700.3,36755.82,2587.50298
2022-02-24 01:00:00+00:00,36755.83,37080.48,36638.0,36949.63,1996.01102
2022-02-24 02:00:00+00:00,36949.63,37019.63,35820.03,35924.92,4513.39976
2022-02-24 03:00:00+00:00,35924.92,35954.99,34720.53,34936.89,12569.16227
2022-02-24 04:00:00+00:00,34936.9,35277.54,34536.0,35077.91,8366.3056
2022-02-24 05:00:00+00:00,35077.91,35111.01,34322.28,34680.85,6572.82001
2022-02-24 06:00:00+00:00,34683.58,35106.44,34609.08,34901.75,4441.63801
2022-02-24 07:00:00+00:00,34901.76,35515.83,34379.04,35312.05,6684.87423
2022-02-24 08:00:00+00:00,35312.04,35885.0,35180.98,35513.82,6240.95084
2022-02-24 09:00:00+00:00,35513.82,35790.27,35286.73,35345.54,3606.23672
2022-02-24 10:00:00+00:00,35345.53,35494.0,34818.09,35198.51,5299.65438
2022-02-24 11:00:00+00:00,35198.52,35598.0,34885.06,35442.22,4316.77277
2022-02-24 12:00:00+00:00,35442.23,35461.8,35035.0,35255.87,3036.00253
2022-02-24 13:00:00+00:00,35255.86,35699.53,35127.01,35475.7,3307.34375
2022-02-24 14:00:00+00:00,35475.7,35900.0,35177.96,35639.83,6298.22945
2022-02-24 15:00:00+00:00,35639.82,36100.0,35404.34,35919.96,5443.35227
2022-02-24 16:00:00+00:00,35919.96,36310.52,35861.05,36156.98,4655.30222
2022-02-24 17:00:00+00:00,36156.98,36173.35,35721.96,35831.85,2243.66145
2022-02-24 18:00:00+00:00,35831.86,36800.0,35800.0,36396.52,4266.3276
2022-02-24 19:00:00+00:00,36396.52,37366.36,36220.54,37300.0,5647.99926
2022-02-24 20:00:00+00:00,37300.0,39843.0,37286.02,38418.97,12439.19152
2022-02-24 21:00:00+00:00,38421.98,38683.51,38183.93,38395.64,2260.12383
2022-02-24 22:00:00+00:00,38395.63,38481.8,37748.94,37870.05,1988.0885
2022-02-24 23:00:00+00:00,37870.05,38400.0,37870.05,38327.21,1695.34361
2022-02-25 00:00:00+00:00,38328.68,38795.6,38217.5,38226.27,1989.49169
2022-02-25 01:00:00+00:00,38226.27,38932.97,38138.54,38562.39,2369.51424
2022-02-25 02:00:00+00:00,38562.38,38820.46,38473.78,38800.29,1607.42607
2022-02-25 03:00:00+00:00,38800.29,39030.01,38509.4,38923.36,2462.81748
2022-02-25 04:00:00+00:00,38923.37,38942.46,38652.02,38721.84,1275.46388
2022-02-25 05:00:00+00:00,38721.83,38771.8,38291.61,38453.38,1412.59429
2022-02-25 06:00:00+00:00,38453.38,38759.85,38379.94,38711.37,1223.70325
2022-02-25 07:00:00+00:00,38711.36,38817.83,38368.97,38466.24,3839.01535
2022-02-25 08:00:00+00:00,38466.25,38517.99,38132.11,38345.27,3331.7998
2022-02-25 09:00:00+00:00,38345.28,38758.0,38014.37,38674.22,2403.98252
2022-02-25 10:00:00+00:00,38674.22,38783.66,38468.56,38578.29,1782.47151
2022-02-25 11:00:00+00:00,38578.29,38876.91,38341.57,38745.01,2685.96494
2022-02-25 12:00:00+00:00,38745.0,39500.0,38739.07,39362.05,4088.71069
2022-02-25 13:00:00+00:00,39363.76,39683.53,39232.04,39359.98,3817.23189
2022-02-25 14:00:00+00:00,39359.99,39478.35,38928.99,39009.52,3421.21697
2022-02-25 15:00:00+00:00,39009.52,39568.46,38700.0,39410.92,4588.77286
2022-02-25 16:00:00+00:00,39415.46,39588.82,39182.86,39374.0,2255.07077
2022-02-25 17:00:00+00:00,39374.0,39397.81,38872.7,38974.42,2060.89246
2022-02-25 18:00:00+00:00,38974.41,39041.21,38537.91,38655.33,2325.01719
2022-02-25 19:00:00+00:00,38655.33,38960.38,38538.06,38676.14,1806.0678
2022-02-25 20:00:00+00:00,38676.13,39242.42,38601.0,39109.06,1790.65305
2022-02-25 21:00:00+00:00,39109.06,39217.14,38920.71,38962.27,780.46329
2022-02-25 22:00:00+00:00,38962.28,39491.0,38853.62,39424.14,1234.06812
2022-02-25 23:00:00+00:00,39424.13,39600.0,39136.0,39219.17,2022.16114
2022-02-26 00:00:00+00:00,39219.16,40348.45,39076.14,39765.45,4153.14505
2022-02-26 01:00:00+00:00,39765.46,39825.65,39562.17,39704.81,1111.03517
2022-02-26 02:00:00+00:00,39704.82,39725.0,39467.36,39550.42,913.41707
2022-02-26 03:00:00+00:00,39550.43,39595.47,39252.0,39390.33,1056.32723
2022-02-26 04:00:00+00:00,39390.33,39468.73,39233.48,39356.93,858.96591
2022-02-26 05:00:00+00:00,39356.92,39381.16,38955.82,39021.48,1075.4028
2022-02-26 06:00:00+00:00,39021.49,39218.13,39007.24,39132.03,787.51404
2022-02-26 07:00:00+00:00,39132.03,39200.0,38910.11,39200.0,1174.39016
2022-02-26 08:00:00+00:00,39200.0,39546.0,38650.37,38782.8,2338.52182
2022-02-26 09:00:00+00:00,38782.8,38927.07,38573.18,38790.93,1420.86182
2022-02-26 10:00:00+00:00,38790.93,39068.89,38759.77,39001.55,1122.69813
2022-02-26 11:00:00+00:00,39001.56,39173.99,38787.69,38928.21,905.56797
2022-02-26 12:00:00+00:00,38928.22,39027.88,38772.15,38992.78,799.27378
2022-02-26 13:00:00+00:00,38992.78,39241.51,38912.97,39088.2,1309.27364
2022-02-26 14:00:00+00:00,39088.2,39378.6,38943.18,39209.63,1160.39009
2022-02-26 15:00:00+00:00,39209.64,39358.14,39146.56,39215.66,1334.93755
2022-02-26 16:00:00+00:00,39215.66,39320.36,39036.73,39148.75,915.39684
2022-02-26 17:00:00+00:00,39148.75,39309.23,39090.03,39248.58,740.57255
2022-02-26 18:00:00+00:00,39248.58,39255.22,38823.08,39099.16,995.32774
2022-02-26 19:00:00+00:00,39099.15,39440.0,39092.6,39254.12,1207.61089
2022-02-26 20:00:00+00:00,39254.12,39444.09,39213.2,39322.55,534.68935
2022-02-26 21:00:00+00:00,39322.55,39700.0,39288.51,39433.79,1439.57807
2022-02-26 22:00:00+00:00,39433.79,39467.04,39062.06,39145.18,825.05479
2022-02-26 23:00:00+00:00,39145.18,39173.31,38911.0,39116.72,1181.30434
2022-02-27 00:00:00+00:00,39116.73,39256.58,38717.74,38788.64,1628.58759
2022-02-27 01:00:00+00:00,38791.56,38855.73,38217.01,38240.04,2249.01882
2022-02-27 02:00:00+00:00,38240.04,38595.85,38189.19,38530.22,1026.57824
2022-02-27 03:00:00+00:00,38530.22,38685.08,38516.66,38606.81,814.39467
2022-02-27 04:00:00+00:00,38606.8,38656.44,38462.82,38547.38,633.19102
2022-02-27 05:00:00+00:00,38547.38,38755.0,38458.8,38584.32,796.73185
2022-02-27 06:00:00+00:00,38584.31,38875.99,38576.6,38773.23,721.01618
2022-02-27 07:00:00+00:00,38773.23,38867.91,38742.6,38790.93,653.76906
2022-02-27 08:00:00+00:00,38790.92,38888.0,38621.57,38807.2,1135.02816
2022-02-27 09:00:00+00:00,38807.2,39134.11,38750.52,39082.01,1262.95406
2022-02-27 10:00:00+00:00,39082.01,39460.0,38974.21,39369.82,1886.13717
2022-02-27 11:00:00+00:00,39369.83,39548.17,39232.48,39479.8,1431.65945
2022-02-27 12:00:00+00:00,39479.8,39855.7,39363.39,39752.6,2184.72211
2022-02-27 13:00:00+00:00,39752.61,39795.64,38565.14,39058.97,4228.82571
2022-02-27 14:00:00+00:00,39058.98,39190.15,38660.0,38800.0,2374.9513
2022-02-27 15:00:00+00:00,38800.0,39430.0,38740.39,39357.03,2086.39466
2022-02-27 16:00:00+00:00,39357.03,39450.94,38940.67,39092.99,1313.00193
2022-02-27 17:00:00+00:00,39092.96,39139.29,38930.32,38969.71,597.33164
2022-02-27 18:00:00+00:00,38969.7,39157.14,38800.0,38915.13,894.87626
2022-02-27 19:00:00+00:00,38915.14,38970.77,37500.0,37606.49,5124.20116
2022-02-27 20:00:00+00:00,37604.4,38299.39,37357.0,37966.6,3890.74373
2022-02-27 21:00:00+00:00,37966.6,38040.27,37000.0,37417.76,4749.98251
2022-02-27 22:00:00+00:00,37417.75,37957.87,37346.23,37818.47,2013.80038
2022-02-27 23:00:00+00:00,37818.47,37854.53,37330.23,37699.07,2531.54953
2022-02-28 00:00:00+00:00,37699.08,37802.04,37450.17,37574.27,1476.92822
2022-02-28 01:00:00+00:00,37574.27,38483.53,37574.27,37970.85,2758.22257
2022-02-28 02:00:00+00:00,37970.86,38102.58,37559.38,37768.41,1443.75806
2022-02-28 03:00:00+00:00,37768.41,37884.6,37650.04,37793.8,1132.0715
2022-02-28 04:00:00+00:00,37793.8,38044.91,37731.41,37816.22,1015.50894
2022-02-28 05:00:00+00:00,37816.23,38011.81,37738.05,37829.44,1074.48439
2022-02-28 06:00:00+00:00,37829.44,38126.4,37451.56,37979.66,2023.92449
2022-02-28 07:00:00+00:00,37979.67,38478.28,37900.0,38347.58,2329.54711
2022-02-28 08:00:00+00:00,38347.58,38672.96,38178.91,38302.12,2011.50388
2022-02-28 09:00:00+00:00,38302.11,38568.42,38100.53,38105.83,1477.59239
2022-02-28 10:00:00+00:00,38105.83,38461.13,38088.71,38378.07,1261.57904
2022-02-28 11:00:00+00:00,38378.07,38484.84,38127.76,38333.65,1205.08748
2022-02-28 12:00:00+00:00,38333.65,38646.21,38139.41,38276.92,2198.06244
2022-02-28 13:00:00+00:00,38276.91,38352.18,37934.89,38002.5,2113.09577
2022-02-28 14:00:00+00:00,38002.49,39900.0,38001.05,39826.36,7913.63889
2022-02-28 15:00:00+00:00,39826.37,40898.0,39610.0,40824.96,9620.05931
2022-02-28 16:00:00+00:00,40824.96,41332.85,40693.18,41010.09,7176.40321
2022-02-28 17:00:00+00:00,41010.09,41426.12,40737.15,41425.8,2981.10749
2022-02-28 18:00:00+00:00,41425.8,41463.41,41031.76,41204.66,2728.94612
2022-02-28 19:00:00+00:00,41204.65,41392.0,41009.28,41329.44,1927.69571
2022-02-28 20:00:00+00:00,41329.44,41950.0,41248.41,41908.07,3794.77339
2022-02-28 21:00:00+00:00,41908.08,41918.02,41500.56,41644.99,1373.72185
2022-02-28 22:00:00+00:00,41645.0,44225.84,41628.99,43026.44,8825.95745
2022-02-28 23:00:00+00:00,43026.45,43346.92,42847.0,43160.0,4081.96888
2022-03-01 00:00:00+00:00,43160.0,43750.0,43155.68,43560.0,3476.11347
2022-03-01 01:00:00+00:00,43560.01,43630.09,43222.22,43259.9,2309.88251
2022-03-01 02:00:00+00:00,43259.89,43292.6,42951.84,43160.01,2359.88603
2022-03-01 03:00:00+00:00,43160.01,43180.0,42855.2,43147.71,1759.18367
2022-03-01 04:00:00+00:00,43147.71,43400.0,43073.67,43336.26,1555.73855
2022-03-01 05:00:00+00:00,43336.26,43396.12,43145.6,43210.25,1017.16761
2022-03-01 06:00:00+00:00,43210.26,43484.16,43040.15,43453.28,1605.44794
2022-03-01 07:00:00+00:00,43453.29,43562.35,43288.69,43492.96,1494.76974
2022-03-01 08:00:00+00:00,43492.96,43716.69,43310.85,43492.24,2487.1732
2022-03-01 09:00:00+00:00,43492.24,43500.85,43138.16,43258.34,1832.69788
2022-03-01 10:00:00+00:00,43258.33,43584.0,42809.98,43578.87,2891.98414
2022-03-01 11:00:00+00:00,43578.88,43887.0,43350.0,43609.96,2747.55139
2022-03-01 12:00:00+00:00,43609.96,44689.8,43574.9,44640.38,6595.2361
2022-03-01 13:00:00+00:00,44641.01,44949.0,44416.04,44416.04,5516.1806
2022-03-01 14:00:00+00:00,44416.05,44664.19,43717.57,43808.86,4661.3274
2022-03-01 15:00:00+00:00,43808.86,44073.0,43350.0,43643.69,4286.14814
2022-03-01 16:00:00+00:00,43643.69,44078.65,43111.46,43385.53,3407.3132
2022-03-01 17:00:00+00:00,43385.54,43850.0,43240.23,43643.84,2322.2871
2022-03-01 18:00:00+00:00,43643.85,43881.6,43420.77,43803.01,1521.90331
2022-03-01 19:00:00+00:00,43803.01,44063.22,43664.36,43719.49,1534.04139
2022-03-01 20:00:00+00:00,43719.49,44102.61,43684.16,44084.63,1701.66423
2022-03-01 21:00:00+00:00,44084.63,44400.1,43731.54,43882.75,2075.01917
2022-03-01 22:00:00+00:00,43882.76,44219.0,43758.33,44156.77,952.38333
2022-03-01 23:00:00+00:00,44156.77,44506.65,44057.49,44421.2,1631.99863
2022-03-02 00:00:00+00:00,44421.2,44750.0,43924.23,44280.0,3188.03681
2022-03-02 01:00:00+00:00,44280.0,44390.4,43819.97,44027.69,2052.29966
2022-03-02 02:00:00+00:00,44027.69,44288.16,43847.35,44224.41,1642.13821
2022-03-02 03:00:00+00:00,44224.4,44554.21,44084.67,44324.65,2233.24385
2022-03-02 04:00:00+00:00,44324.64,44534.79,44136.47,44248.56,2187.02123
2022-03-02 05:00:00+00:00,44248.57,44355.29,44075.36,44269.18,1385.05541
2022-03-02 06:00:00+00:00,44269.18,44375.61,43880.61,43927.27,1467.93104
2022-03-02 07:00:00+00:00,43927.27,43987.03,43653.63,43973.09,2144.40257
2022-03-02 08:00:00+00:00,43973.09,44295.39,43738.27,43839.99,2154.88752
2022-03-02 09:00:00+00:00,43840.0,44164.26,43760.12,43907.5,2180.17547
2022-03-02 10:00:00+00:00,43907.5,44341.25,43854.55,44139.45,1548.57015
2022-03-02 11:00:00+00:00,44139.45,44246.23,43987.12,44103.28,1269.24679
2022-03-02 12:00:00+00:00,44103.29,44350.0,43784.85,44005.36,2073.4684
2022-03-02 13:00:00+00:00,44005.37,44040.48,43334.09,43525.3,3370.19039
2022-03-02 14:00:00+00:00,43525.29,44867.05,43496.53,44819.4,5449.69334
2022-03-02 15:00:00+00:00,44819.39,45400.0,43800.0,44126.52,10466.25009
2022-03-02 16:00:00+00:00,44126.51,44498.02,43954.94,44243.19,2749.64501
2022-03-02 17:00:00+00:00,44243.19,44438.1,43715.99,43750.18,2129.97561
2022-03-02 18:00:00+00:00,43750.19,43934.4,43545.57,43600.0,1768.43712
2022-03-02 19:00:00+00:00,43599.99,43817.0,43433.0,43704.42,1829.06507
2022-03-02 20:00:00+00:00,43704.41,43899.0,43681.3,43803.31,1082.50232
2022-03-02 21:00:00+00:00,43803.31,44099.82,43750.67,44068.55,1077.48493
2022-03-02 22:00:00+00:00,44068.55,44380.0,43870.0,44067.4,1358.99575
2022-03-02 23:00:00+00:00,44067.4,44200.01,43851.72,43892.98,973.93407
2022-03-03 00:00:00+00:00,43892.99,44063.15,43663.5,43978.76,1407.25456
2022-03-03 01:00:00+00:00,43978.75,44026.68,43700.0,43825.88,1061.01704
2022-03-03 02:00:00+00:00,43825.87,43834.94,43593.02,43790.01,911.50866
2022-03-03 03:00:00+00:00,43790.01,43843.25,43193.52,43305.77,3968.80311
2022-03-03 04:00:00+00:00,43305.76,43481.52,43249.83,43435.27,1145.10826
2022-03-03 05:00:00+00:00,43435.27,43505.61,43274.97,43316.87,882.7642
2022-03-03 06:00:00+00:00,43316.87,43465.28,42915.06,43433.97,2328.6734
2022-03-03 07:00:00+00:00,43433.97,43696.83,43340.36,43477.05,1304.2068
2022-03-03 08:00:00+00:00,43477.04,43621.22,43266.85,43456.88,1173.20268
2022-03-03 09:00:00+00:00,43456.88,43480.0,43095.93,43151.97,1507.51297
2022-03-03 10:00:00+00:00,43151.98,43489.0,43064.46,43385.78,1746.81191
2022-03-03 11:00:00+00:00,43387.01,43599.0,43295.7,43382.23,1389.88302
2022-03-03 12:00:00+00:00,43382.23,43788.85,43307.47,43558.81,1511.284
2022-03-03 13:00:00+00:00,43558.82,44014.22,43491.98,43987.36,2999.721
2022-03-03 14:00:00+00:00,43987.36,44101.12,43344.0,43425.19,3407.65407
2022-03-03 15:00:00+00:00,43425.18,43496.49,42348.56,42547.34,7556.44033
2022-03-03 16:00:00+00:00,42547.34,42750.0,42268.0,42416.84,4311.7671
2022-03-03 17:00:00+00:00,42416.83,42567.71,42055.64,42398.35,2814.963
2022-03-03 18:00:00+00:00,42398.34,42524.3,42188.45,42256.74,1606.4582
2022-03-03 19:00:00+00:00,42256.75,42418.0,42100.0,42226.74,1283.12621
2022-03-03 20:00:00+00:00,42226.74,42271.8,41840.39,42030.31,2815.96332
2022-03-03 21:00:00+00:00,42030.32,42139.59,41832.28,42092.25,1241.47597
2022-03-03 22:00:00+00:00,42093.5,42703.65,42077.74,42492.09,1774.68505
2022-03-03 23:00:00+00:00,42492.09,42606.05,42380.85,42454.0,790.32535
2022-03-04 00:00:00+00:00,42454.0,42527.3,41509.94,41603.36,3549.35772
2022-03-04 01:00:00+00:00,41603.36,41683.42,41069.91,41510.57,4463.05944
2022-03-04 02:00:00+00:00,41510.58,41548.2,41350.23,41403.7,1132.45596
2022-03-04 03:00:00+00:00,41403.7,41487.99,41215.32,41449.94,1313.1919
2022-03-04 04:00:00+00:00,41449.93,41449.94,41100.0,41379.99,1821.64782
2022-03-04 05:00:00+00:00,41379.99,41439.23,41242.91,41374.45,982.47761
2022-03-04 06:00:00+00:00,41374.45,41499.48,41264.1,41407.98,950.66148
2022-03-04 07:00:00+00:00,41407.98,41475.0,41282.73,41436.98,1665.30318
2022-03-04 08:00:00+00:00,41436.98,41774.12,40863.01,41589.99,4463.42033
2022-03-04 09:00:00+00:00,41590.0,41846.61,41323.76,41522.29,2236.60652
2022-03-04 10:00:00+00:00,41522.29,41790.0,41467.86,41676.57,1500.30588
2022-03-04 11:00:00+00:00,41676.56,41904.88,41570.97,41662.07,1326.24083
2022-03-04 12:00:00+00:00,41662.06,41762.43,41340.23,41511.29,1734.15549
2022-03-04 13:00:00+00:00,41511.3,41833.0,41244.37,41315.76,2407.41579
2022-03-04 14:00:00+00:00,41315.75,41536.7,40590.42,41106.91,5405.07336
2022-03-04 15:00:00+00:00,41106.91,41250.0,40550.04,40694.32,4142.37674
2022-03-04 16:00:00+00:00,40694.32,40827.0,40414.24,40754.4,3562.94504
2022-03-04 17:00:00+00:00,40754.41,40958.66,40668.32,40840.53,1591.0226
2022-03-04 18:00:00+00:00,40840.53,40926.39,40561.99,40605.88,1104.59004
2022-03-04 19:00:00+00:00,40605.88,40650.0,39665.72,39782.13,4255.06125
2022-03-04 20:00:00+00:00,39782.13,39879.48,39061.53,39469.36,4512.94363
2022-03-04 21:00:00+00:00,39469.36,39630.94,39200.0,39394.46,1937.93495
2022-03-04 22:00:00+00:00,39392.83,39473.07,38550.0,39004.73,3659.43866
2022-03-04 23:00:00+00:00,39004.73,39247.76,38838.9,39148.66,2246.99876
2022-03-05 00:00:00+00:00,39148.65,39197.94,38723.33,38744.0,2778.02484
2022-03-05 01:00:00+00:00,38743.99,39081.0,38564.04,38987.24,2315.54603
2022-03-05 02:00:00+00:00,38987.25,39064.26,38827.77,38866.23,1073.56015
2022-03-05 03:00:00+00:00,38866.24,39119.12,38831.16,39050.62,1008.60233
2022-03-05 04:00:00+00:00,39050.61,39100.81,38407.59,38856.33,1829.01931
2022-03-05 05:00:00+00:00,38856.32,39021.62,38801.4,39007.05,1057.04451
2022-03-05 06:00:00+00:00,39007.06,39104.62,38936.61,38981.86,1078.28894
2022-03-05 07:00:00+00:00,38981.86,39140.51,38947.52,39016.73,1054.4526
2022-03-05 08:00:00+00:00,39016.74,39200.0,38948.91,39082.01,1075.58409
2022-03-05 09:00:00+00:00,39082.02,39111.42,38970.0,39036.75,1117.33158
2022-03-05 10:00:00+00:00,39036.75,39169.31,38784.69,39138.99,1726.40639
2022-03-05 11:00:00+00:00,39138.85,39294.47,39062.19,39129.59,1233.85042
2022-03-05 12:00:00+00:00,39129.58,39371.15,39036.33,39069.55,1570.93573
2022-03-05 13:00:00+00:00,39069.54,39095.91,38889.75,39008.04,1187.52526
2022-03-05 14:00:00+00:00,39008.04,39161.0,38924.83,39115.73,930.07038
2022-03-05 15:00:00+00:00,39115.74,39189.77,39060.0,39160.01,698.55779
2022-03-05 16:00:00+00:00,39160.0,39613.24,39122.33,39334.06,2338.17147
2022-03-05 17:00:00+00:00,39334.07,39570.0,39307.04,39430.0,1616.38597
2022-03-05 18:00:00+00:00,39430.0,39447.51,39256.84,39407.58,810.8863
2022-03-05 19:00:00+00:00,39407.58,39459.24,39349.54,39433.71,602.74088
2022-03-05 20:00:00+00:00,39433.71,39583.66,39391.24,39451.91,1062.46339
2022-03-05 21:00:00+00:00,39451.92,39536.14,39345.12,39371.89,746.89336
2022-03-05 22:00:00+00:00,39371.9,39479.01,39281.23,39464.94,785.70856
2022-03-05 23:00:00+00:00,39464.93,39472.84,39326.59,39397.96,665.08313
2022-03-06 00:00:00+00:00,39397.97,39693.87,39345.82,39644.15,898.90596
2022-03-06 01:00:00+00:00,39644.16,39677.68,39429.51,39446.94,797.56384
2022-03-06 02:00:00+00:00,39446.94,39525.24,39357.66,39507.51,562.47566
2022-03-06 03:00:00+00:00,39507.5,39550.0,39275.0,39300.54,891.82185
2022-03-06 04:00:00+00:00,39300.53,39587.62,38814.73,39467.95,3097.5647
2022-03-06 05:00:00+00:00,39467.95,39656.89,39434.24,39486.44,762.86191
2022-03-06 06:00:00+00:00,39486.44,39606.96,39322.33,39472.27,892.85712
2022-03-06 07:00:00+00:00,39472.26,39512.09,39264.13,39387.57,781.80844
2022-03-06 08:00:00+00:00,39387.56,39387.57,39114.05,39141.41,1314.42457
2022-03-06 09:00:00+00:00,39141.42,39189.17,38623.93,38678.3,2437.26814
2022-03-06 10:00:00+00:00,38678.3,38728.6,38131.3,38256.6,4354.40391
2022-03-06 11:00:00+00:00,38256.6,38386.94,38088.57,38352.48,1822.70026
2022-03-06 12:00:00+00:00,38352.48,38698.79,38296.12,38494.06,2090.34804
2022-03-06 13:00:00+00:00,38494.06,39056.16,38494.06,38878.04,2353.67168
2022-03-06 14:00:00+00:00,38878.05,38961.51,38686.78,38805.61,1344.03869
2022-03-06 15:00:00+00:00,38805.61,38895.27,38618.92,38862.61,1283.53799
2022-03-06 16:00:00+00:00,38862.62,39368.4,38733.37,39211.05,2391.47208
2022-03-06 17:00:00+00:00,39211.06,39250.91,38927.8,39004.28,1072.0808
2022-03-06 18:00:00+00:00,39004.28,39135.3,38700.0,38886.48,1283.26633
2022-03-06 19:00:00+00:00,38886.48,38921.7,38518.56,38670.66,1118.84388
2022-03-06 20:00:00+00:00,38670.65,38926.32,38628.78,38854.99,1026.24768
2022-03-06 21:00:00+00:00,38854.99,39273.79,38740.15,39020.11,2366.51272
2022-03-06 22:00:00+00:00,39020.12,39200.0,38942.23,38974.11,1054.95281
2022-03-06 23:00:00+00:00,38974.11,39013.92,38127.0,38420.81,3677.63252
2022-03-07 00:00:00+00:00,38420.8,38537.1,38005.0,38403.63,3134.6092
2022-03-07 01:00:00+00:00,38403.63,38555.85,38285.0,38324.69,1489.39704
2022-03-07 02:00:00+00:00,38324.68,38372.21,37584.12,37784.37,3993.99078
2022-03-07 03:00:00+00:00,37784.36,37972.17,37578.03,37869.45,2352.36422
2022-03-07 04:00:00+00:00,37869.46,37973.27,37760.08,37930.18,1201.27457
2022-03-07 05:00:00+00:00,37930.18,38247.48,37809.41,38024.18,1522.7956
2022-03-07 06:00:00+00:00,38024.19,38214.16,37988.65,38162.47,1251.68081
2022-03-07 07:00:00+00:00,38162.47,38210.34,37787.42,37895.24,1561.5249
2022-03-07 08:00:00+00:00,37895.24,38207.64,37649.46,38160.12,2451.24124
2022-03-07 09:00:00+00:00,38160.13,38394.21,38133.42,38152.18,1590.7198
2022-03-07 10:00:00+00:00,38152.19,38290.0,37972.71,38018.91,1662.53264
2022-03-07 11:00:00+00:00,38018.9,38399.54,37970.73,38337.05,1504.32371
2022-03-07 12:00:00+00:00,38337.05,38765.16,38337.05,38596.21,2760.17956
2022-03-07 13:00:00+00:00,38596.22,39183.49,38531.2,39025.77,3248.38539
2022-03-07 14:00:00+00:00,39025.78,39285.0,38847.16,38847.16,3414.49045
2022-03-07 15:00:00+00:00,38847.17,39199.41,38631.0,39071.48,3518.56666
2022-03-07 16:00:00+00:00,39071.49,39547.57,38752.65,38828.33,4110.97263
2022-03-07 17:00:00+00:00,38828.33,38997.39,38526.6,38601.7,2834.00356
2022-03-07 18:00:00+00:00,38601.7,38601.71,37776.21,37979.79,4501.53328
2022-03-07 19:00:00+00:00,37979.79,38033.87,37192.78,37308.94,4688.84209
2022-03-07 20:00:00+00:00,37308.94,37831.97,37155.0,37590.01,3227.84331
2022-03-07 21:00:00+00:00,37590.0,38267.56,37500.34,37836.35,3211.95499
2022-03-07 22:00:00+00:00,37836.35,38489.48,37788.58,38211.47,2282.44101
2022-03-07 23:00:00+00:00,38211.47,38517.82,37887.04,37988.0,2478.44815
2022-03-08 00:00:00+00:00,37988.01,38373.88,37867.65,38200.0,2361.47953
2022-03-08 01:00:00+00:00,38199.99,38492.9,38043.12,38268.96,2199.44393
2022-03-08 02:00:00+00:00,38268.97,38972.08,38141.55,38614.62,2527.64193
2022-03-08 03:00:00+00:00,38614.61,38699.74,38526.21,38695.87,1169.73008
2022-03-08 04:00:00+00:00,38696.56,38831.7,38479.88,38550.01,1296.06294
2022-03-08 05:00:00+00:00,38550.0,38604.38,38230.0,38351.8,1338.45201
2022-03-08 06:00:00+00:00,38351.81,38508.47,38001.0,38277.69,2476.01053
2022-03-08 07:00:00+00:00,38277.68,38758.88,38158.23,38547.79,2492.29126
2022-03-08 08:00:00+00:00,38547.79,39120.0,38460.28,38775.71,3083.21849
2022-03-08 09:00:00+00:00,38775.72,39014.7,38700.53,38985.67,1834.84159
2022-03-08 10:00:00+00:00,38985.67,39186.58,38710.08,39063.62,2179.00416
2022-03-08 11:00:00+00:00,39063.62,39099.99,38736.28,38983.05,1475.37913
2022-03-08 12:00:00+00:00,38983.05,39226.99,38614.56,38828.17,2975.38847
2022-03-08 13:00:00+00:00,38828.17,39078.66,38619.08,38877.0,2076.47347
2022-03-08 14:00:00+00:00,38876.99,39176.51,38532.9,38763.3,4311.7663
2022-03-08 15:00:00+00:00,38763.31,38896.23,38307.07,38658.34,3752.22054
2022-03-08 16:00:00+00:00,38658.34,38865.46,38139.84,38309.73,3265.27357
2022-03-08 17:00:00+00:00,38309.74,39159.0,38289.05,39071.93,4274.7208
2022-03-08 18:00:00+00:00,39071.94,39362.08,38656.0,38682.81,3893.95335
2022-03-08 19:00:00+00:00,38682.81,38828.22,38465.44,38764.88,2502.87504
2022-03-08 20:00:00+00:00,38764.87,38897.68,38434.22,38512.51,1818.43327
2022-03-08 21:00:00+00:00,38512.5,38586.15,38388.73,38494.34,995.67113
2022-03-08 22:00:00+00:00,38494.34,38642.74,38472.61,38552.29,483.79768
2022-03-08 23:00:00+00:00,38552.29,38780.49,38530.07,38730.63,798.93718
2022-03-09 00:00:00+00:00,38730.63,39030.0,38656.45,38951.8,1433.43974
2022-03-09 01:00:00+00:00,38951.8,39308.75,38903.56,39215.42,2090.01209
2022-03-09 02:00:00+00:00,39215.42,39520.0,39132.36,39410.93,2957.61983
2022-03-09 03:00:00+00:00,39410.93,41448.84,39372.81,41217.73,8565.72569
2022-03-09 04:00:00+00:00,41217.73,41884.0,41217.72,41639.54,5471.10739
2022-03-09 05:00:00+00:00,41639.55,41695.6,41318.06,41515.86,3123.39742
2022-03-09 06:00:00+00:00,41515.86,41650.07,41422.47,41600.01,1808.69721
2022-03-09 07:00:00+00:00,41600.0,41812.33,41496.39,41791.1,2125.94122
2022-03-09 08:00:00+00:00,41791.1,42438.81,41626.28,42053.19,4834.63384
2022-03-09 09:00:00+00:00,42053.18,42211.09,41916.23,42009.91,2580.54637
2022-03-09 10:00:00+00:00,42007.62,42226.77,41955.41,42215.67,2124.06974
2022-03-09 11:00:00+00:00,42215.67,42400.0,42012.0,42151.66,2684.10198
2022-03-09 12:00:00+00:00,42151.65,42545.45,41626.86,41914.33,4061.98848
2022-03-09 13:00:00+00:00,41914.33,42082.91,41650.14,41869.16,2727.6107
2022-03-09 14:00:00+00:00,41869.16,42308.65,41850.0,42208.71,3654.84947
2022-03-09 15:00:00+00:00,42208.71,42594.06,42106.81,42520.99,3299.6848
2022-03-09 16:00:00+00:00,42520.99,42558.96,42131.18,42233.16,2247.11239
2022-03-09 17:00:00+00:00,42233.17,42350.0,42103.08,42320.15,1515.23719
2022-03-09 18:00:00+00:00,42320.15,42327.82,41847.13,42023.1,2693.56527
2022-03-09 19:00:00+00:00,42023.1,42266.1,41773.19,42204.65,2075.5174
2022-03-09 20:00:00+00:00,42204.65,42320.0,41700.0,41841.64,1874.92116
2022-03-09 21:00:00+00:00,41841.64,41944.75,41683.06,41876.77,1342.766
2022-03-09 22:00:00+00:00,41876.77,42063.93,41738.86,41892.07,1012.04034
2022-03-09 23:00:00+00:00,41892.08,42141.24,41815.0,41941.71,1088.00227
2022-03-10 00:00:00+00:00,41941.7,42039.63,41745.01,41810.97,1481.29881
2022-03-10 01:00:00+00:00,41810.97,41950.0,40815.76,40930.71,5404.45789
2022-03-10 02:00:00+00:00,40930.7,41066.13,40632.65,40714.52,3376.50528
2022-03-10 03:00:00+00:00,40714.52,40928.34,40545.08,40768.51,2979.37461
2022-03-10 04:00:00+00:00,40768.5,40834.93,39350.0,39540.63,7868.50637
2022-03-10 05:00:00+00:00,39540.63,39542.85,38848.48,39209.53,5051.01151
2022-03-10 06:00:00+00:00,39212.19,39424.0,39047.85,39385.01,2401.38692
2022-03-10 07:00:00+00:00,39385.0,39399.39,39127.98,39238.9,1967.94052
2022-03-10 08:00:00+00:00,39238.9,39270.78,38782.14,39220.21,3277.95694
2022-03-10 09:00:00+00:00,39220.2,39317.32,39030.0,39151.03,2307.74711
2022-03-10 10:00:00+00:00,39151.03,39245.92,38982.88,39051.74,1800.71321
2022-03-10 11:00:00+00:00,39051.74,39140.84,38942.55,39076.38,1285.72974
2022-03-10 12:00:00+00:00,39076.39,39348.92,38957.2,39242.81,2194.78664
2022-03-10 13:00:00+00:00,39242.8,40292.44,38539.73,38864.68,10104.87295
2022-03-10 14:00:00+00:00,38864.68,39363.37,38792.57,39283.39,3835.02157
2022-03-10 15:00:00+00:00,39283.39,39750.0,38966.83,39179.54,4396.26021
2022-03-10 16:00:00+00:00,39179.55,39264.09,38904.63,39141.28,2422.10733
2022-03-10 17:00:00+00:00,39141.29,39294.99,39035.93,39164.28,1553.82127
2022-03-10 18:00:00+00:00,39164.27,39258.83,39010.85,39160.68,1684.82437
2022-03-10 19:00:00+00:00,39160.68,39567.05,39066.64,39430.56,1594.65636
2022-03-10 20:00:00+00:00,39431.8,39680.0,39276.95,39612.11,1609.00699
2022-03-10 21:00:00+00:00,39612.11,39614.0,39259.51,39316.99,1165.43457
2022-03-10 22:00:00+00:00,39316.99,39487.36,39050.0,39442.06,1135.89525
2022-03-10 23:00:00+00:00,39442.07,39595.68,39366.37,39422.0,1063.61512
2022-03-11 00:00:00+00:00,39422.01,39439.65,39131.0,39289.99,1421.48677
2022-03-11 01:00:00+00:00,39289.99,39311.94,38566.0,38679.24,2939.98629
2022-03-11 02:00:00+00:00,38679.23,38740.13,38223.6,38272.53,3096.94701
2022-03-11 03:00:00+00:00,38272.53,38858.42,38251.51,38714.97,2420.84683
2022-03-11 04:00:00+00:00,38714.97,38726.69,38443.18,38484.13,1369.64756
2022-03-11 05:00:00+00:00,38484.13,38794.31,38337.03,38771.5,1931.74575
2022-03-11 06:00:00+00:00,38771.5,39000.0,38676.69,38948.78,2603.23495
2022-03-11 07:00:00+00:00,38948.77,39348.87,38913.26,39132.09,2283.57395
2022-03-11 08:00:00+00:00,39132.1,39189.87,38856.83,39020.52,1734.66041
2022-03-11 09:00:00+00:00,39020.53,39187.99,38905.0,39020.47,1123.25008
2022-03-11 10:00:00+00:00,39020.47,39145.07,38965.16,39017.19,1049.09118
2022-03-11 11:00:00+00:00,39017.19,40219.34,38806.86,39893.68,7790.23812
2022-03-11 12:00:00+00:00,39894.08,40236.26,39735.48,39914.09,4355.90508
2022-03-11 13:00:00+00:00,39914.1,39948.38,39182.61,39258.6,4342.4223
2022-03-11 14:00:00+00:00,39259.07,39601.14,39168.81,39323.9,2858.59241
2022-03-11 15:00:00+00:00,39323.9,39323.9,38908.0,39080.26,3647.64939
2022-03-11 16:00:00+00:00,39080.26,39094.84,38585.09,38724.67,3692.10569
2022-03-11 17:00:00+00:00,38724.68,38880.78,38577.0,38815.8,1427.71379
2022-03-11 18:00:00+00:00,38815.79,38879.22,38616.39,38637.5,1152.19066
2022-03-11 19:00:00+00:00,38637.5,38865.53,38500.0,38792.59,1597.24792
2022-03-11 20:00:00+00:00,38792.58,38968.58,38308.83,38364.9,2379.77498
2022-03-11 21:00:00+00:00,38364.9,38999.73,38364.9,38852.13,2058.56313
2022-03-11 22:00:00+00:00,38852.14,39177.48,38849.55,38916.69,952.00486
2022-03-11 23:00:00+00:00,38916.7,38949.0,38729.0,38729.57,789.88509
2022-03-12 00:00:00+00:00,38729.57,39161.21,38660.52,39144.28,1225.37891
2022-03-12 01:00:00+00:00,39144.28,39327.99,39067.97,39185.0,1240.22315
2022-03-12 02:00:00+00:00,39184.99,39268.37,39044.28,39124.47,827.24979
2022-03-12 03:00:00+00:00,39124.47,39237.48,39080.24,39088.94,905.22722
2022-03-12 04:00:00+00:00,39088.93,39196.51,38931.8,39108.0,976.48662
2022-03-12 05:00:00+00:00,39107.99,39200.0,39050.0,39170.82,474.23318
2022-03-12 06:00:00+00:00,39170.82,39261.46,39070.48,39083.02,717.50308
2022-03-12 07:00:00+00:00,39083.01,39178.95,39000.37,39104.99,782.6237
2022-03-12 08:00:00+00:00,39104.99,39169.53,38957.47,39105.27,928.51317
2022-03-12 09:00:00+00:00,39105.26,39230.0,39078.5,39171.68,780.34615
2022-03-12 10:00:00+00:00,39171.67,39284.46,39132.78,39229.99,788.31505
2022-03-12 11:00:00+00:00,39230.0,39280.0,39012.0,39079.16,931.95532
2022-03-12 12:00:00+00:00,39079.17,39217.41,39035.0,39183.78,753.32212
2022-03-12 13:00:00+00:00,39183.77,39262.95,39012.0,39074.74,987.96132
2022-03-12 14:00:00+00:00,39074.73,39148.87,38678.22,38910.69,2583.33592
2022-03-12 15:00:00+00:00,38910.68,39172.46,38826.65,39042.04,1270.90468
2022-03-12 16:00:00+00:00,39042.05,39166.58,38976.57,39147.7,1122.84291
2022-03-12 17:00:00+00:00,39147.7,39486.71,39051.27,39099.58,2587.19765
2022-03-12 18:00:00+00:00,39099.59,39152.51,38945.25,39058.99,835.14854
2022-03-12 19:00:00+00:00,39058.98,39083.0,38930.71,39030.08,750.74637
2022-03-12 20:00:00+00:00,39030.08,39210.0,38987.05,39128.08,724.68688
2022-03-12 21:00:00+00:00,39128.08,39180.89,39062.0,39091.99,435.68537
2022-03-12 22:00:00+00:00,39092.0,39169.69,39032.38,39101.98,373.32156
2022-03-12 23:00:00+00:00,39101.98,39164.0,38730.67,38807.36,1031.15566
2022-03-13 00:00:00+00:00,38807.35,38961.22,38703.73,38917.66,1106.43812
2022-03-13 01:00:00+00:00,38917.65,39276.28,38883.19,38993.01,1290.4336
2022-03-13 02:00:00+00:00,38993.0,39205.98,38981.0,39166.99,649.29383
2022-03-13 03:00:00+00:00,39166.99,39229.99,39104.46,39194.08,604.57616
2022-03-13 04:00:00+00:00,39194.07,39310.0,39117.67,39129.03,547.67804
2022-03-13 05:00:00+00:00,39129.03,39180.0,39100.82,39122.07,318.24385
2022-03-13 06:00:00+00:00,39122.06,39184.16,39074.01,39154.99,560.85945
2022-03-13 07:00:00+00:00,39155.0,39200.0,39069.0,39089.77,533.38414
2022-03-13 08:00:00+00:00,39089.76,39129.22,39008.39,39066.86,822.84612
2022-03-13 09:00:00+00:00,39066.85,39095.97,38848.25,38970.67,1620.92137
2022-03-13 10:00:00+00:00,38970.67,39013.65,38849.99,38986.01,1665.05776
2022-03-13 11:00:00+00:00,38986.02,39021.71,38601.81,38741.12,1854.06442
2022-03-13 12:00:00+00:00,38741.13,38776.95,38370.0,38498.8,2728.84265
2022-03-13 13:00:00+00:00,38498.81,38938.63,38460.0,38749.98,2291.69893
2022-03-13 14:00:00+00:00,38749.99,38922.0,38725.43,38836.99,830.53856
2022-03-13 15:00:00+00:00,38837.0,39074.93,38833.64,38936.0,1625.24045
2022-03-13 16:00:00+00:00,38936.0,38998.54,38851.0,38921.98,853.47557
2022-03-13 17:00:00+00:00,38921.97,39059.0,38861.81,38944.98,1826.28436
2022-03-13 18:00:00+00:00,38944.97,39015.13,38875.69,38984.13,739.64324
2022-03-13 19:00:00+00:00,38984.13,39067.0,38856.0,38869.02,634.80206
2022-03-13 20:00:00+00:00,38869.02,38869.03,38555.0,38683.99,1128.79758
2022-03-13 21:00:00+00:00,38684.0,38830.71,38650.13,38741.0,710.97003
2022-03-13 22:00:00+00:00,38740.99,38838.18,37588.0,37720.93,5072.40355
2022-03-13 23:00:00+00:00,37720.93,37896.72,37578.51,37777.34,2775.32975
2022-03-14 00:00:00+00:00,37777.35,37883.91,37555.0,37842.4,1923.9442
2022-03-14 01:00:00+00:00,37842.4,38357.75,37842.39,38062.99,2829.41806
2022-03-14 02:00:00+00:00,38064.35,38188.0,37991.3,38045.31,1120.64754
2022-03-14 03:00:00+00:00,38045.31,38179.81,37975.4,38144.05,1126.91486
2022-03-14 04:00:00+00:00,38144.06,38921.0,38126.29,38519.86,3299.68149
2022-03-14 05:00:00+00:00,38519.86,38610.0,38450.24,38468.03,908.78091
2022-03-14 06:00:00+00:00,38468.02,38773.15,38458.96,38658.62,1689.70275
2022-03-14 07:00:00+00:00,38658.63,39184.66,38631.45,39078.92,3283.10517
2022-03-14 08:00:00+00:00,39078.91,39239.42,38942.56,39077.0,2171.44334
2022-03-14 09:00:00+00:00,39077.0,39299.98,38853.74,39155.0,1902.55236
2022-03-14 10:00:00+00:00,39154.99,39181.46,38969.38,39100.56,1005.37456
2022-03-14 11:00:00+00:00,39100.56,39118.0,38842.89,38897.64,1211.87631
2022-03-14 12:00:00+00:00,38897.64,38987.4,38675.03,38845.11,1793.54327
2022-03-14 13:00:00+00:00,38845.12,38970.0,38612.01,38873.9,2469.71724
2022-03-14 14:00:00+00:00,38873.91,39174.79,38745.0,39131.54,2944.78131
2022-03-14 15:00:00+00:00,39131.53,39160.78,38823.36,38964.25,1906.54258
2022-03-14 16:00:00+00:00,38964.26,39055.0,38812.07,38836.65,1531.68785
2022-03-14 17:00:00+00:00,38836.66,38848.01,38552.23,38736.43,1893.21383
2022-03-14 18:00:00+00:00,38736.42,38787.39,38415.4,38675.0,1724.0122
2022-03-14 19:00:00+00:00,38675.0,38864.84,38615.0,38813.0,1508.83502
2022-03-14 20:00:00+00:00,38814.18,38940.0,38702.0,38723.35,1015.60887
2022-03-14 21:00:00+00:00,38723.35,38787.21,38606.41,38729.97,698.12721
2022-03-14 22:00:00+00:00,38729.97,39947.12,38677.68,39326.12,4794.81203
2022-03-14 23:00:00+00:00,39326.12,39784.25,39326.11,39671.37,2191.13079
2022-03-15 00:00:00+00:00,39671.37,39804.68,39384.38,39571.99,2045.49469
2022-03-15 01:00:00+00:00,39571.99,39600.0,38774.65,38825.81,2970.63427
2022-03-15 02:00:00+00:00,38826.87,39118.91,38801.0,38984.01,1194.0348
2022-03-15 03:00:00+00:00,38984.01,39034.78,38636.7,38768.41,1281.07577
2022-03-15 04:00:00+00:00,38768.41,38865.18,38704.28,38786.01,631.54095
2022-03-15 05:00:00+00:00,38786.01,38835.0,38689.6,38755.98,769.55125
2022-03-15 06:00:00+00:00,38755.99,38990.61,38723.49,38761.04,1110.31613
2022-03-15 07:00:00+00:00,38761.03,38768.0,38098.33,38439.5,3473.18543
2022-03-15 08:00:00+00:00,38439.5,38477.0,38254.35,38362.15,1614.88804
2022-03-15 09:00:00+00:00,38362.14,38690.0,38300.01,38581.61,1667.94993
2022-03-15 10:00:00+00:00,38579.98,38730.88,38555.83,38663.58,1256.76846
2022-03-15 11:00:00+00:00,38663.58,38786.74,38600.0,38645.01,1376.92691
2022-03-15 12:00:00+00:00,38645.01,38940.0,38580.5,38857.07,1782.52553
2022-03-15 13:00:00+00:00,38857.06,38936.14,38465.7,38717.01,2021.65973
2022-03-15 14:00:00+00:00,38717.01,39188.13,38660.0,39033.47,3520.74998
2022-03-15 15:00:00+00:00,39033.47,39270.24,38928.19,39017.11,2854.5877
2022-03-15 16:00:00+00:00,39017.11,39400.0,38926.15,39171.0,2895.92259
2022-03-15 17:00:00+00:00,39171.01,39359.57,39083.84,39296.21,1687.33305
2022-03-15 18:00:00+00:00,39296.2,39526.99,39182.99,39404.9,1646.57186
2022-03-15 19:00:00+00:00,39404.9,39805.43,39395.0,39735.71,3203.81496
2022-03-15 20:00:00+00:00,39735.71,39863.42,39377.71,39432.05,2545.57857
2022-03-15 21:00:00+00:00,39432.05,39655.63,39280.92,39653.0,1402.28713
2022-03-15 22:00:00+00:00,39652.99,39887.61,39400.08,39467.01,1569.36994
2022-03-15 23:00:00+00:00,39467.01,39547.99,39232.61,39280.33,1492.78159
2022-03-16 00:00:00+00:00,39280.33,39430.0,39119.62,39169.82,1562.69204
2022-03-16 01:00:00+00:00,39169.82,39625.0,39088.0,39512.48,1830.82031
2022-03-16 02:00:00+00:00,39512.49,41718.0,39473.01,40866.06,13283.65709
2022-03-16 03:00:00+00:00,40866.06,40939.77,38828.48,39160.0,8072.39033
2022-03-16 04:00:00+00:00,39160.0,39214.94,38911.0,39113.85,1881.80812
2022-03-16 05:00:00+00:00,39113.84,39494.08,38976.87,39321.24,1706.9981
2022-03-16 06:00:00+00:00,39321.24,39599.26,39257.89,39588.15,1520.11513
2022-03-16 07:00:00+00:00,39588.15,39676.65,39354.15,39581.0,2189.44641
2022-03-16 08:00:00+00:00,39581.01,40483.78,39563.63,40309.99,4184.64616
2022-03-16 09:00:00+00:00,40309.99,40731.3,40230.09,40507.25,3236.70912
2022-03-16 10:00:00+00:00,40507.24,40664.97,40163.26,40307.89,2374.66779
2022-03-16 11:00:00+00:00,40307.89,40680.64,40225.92,40521.6,2284.39332
2022-03-16 12:00:00+00:00,40521.6,40695.8,40343.01,40360.41,1996.2909
2022-03-16 13:00:00+00:00,40360.4,40664.96,40252.06,40633.84,2265.78876
2022-03-16 14:00:00+00:00,40633.83,41194.6,40375.92,40818.21,5467.11312
2022-03-16 15:00:00+00:00,40818.2,40884.14,40514.15,40611.67,1954.45968
2022-03-16 16:00:00+00:00,40611.67,40761.55,40041.4,40301.0,4362.92769
2022-03-16 17:00:00+00:00,40301.01,40690.0,40064.11,40426.71,2394.43241
2022-03-16 18:00:00+00:00,40426.7,40567.53,39311.53,39930.5,11172.97544
2022-03-16 19:00:00+00:00,39931.07,40950.0,39821.74,40880.17,5794.46188
2022-03-16 20:00:00+00:00,40880.17,41471.36,40766.19,41246.0,4175.87982
2022-03-16 21:00:00+00:00,41245.99,41399.68,40934.0,41102.42,1820.456
2022-03-16 22:00:00+00:00,41102.41,41214.36,40863.09,40882.99,1216.35903
2022-03-16 23:00:00+00:00,40882.99,41199.99,40780.0,41114.0,1371.27302
2022-03-17 00:00:00+00:00,41114.01,41164.78,40860.0,41016.83,1277.10282
2022-03-17 01:00:00+00:00,41016.82,41310.0,40820.0,41213.81,1357.91923
2022-03-17 02:00:00+00:00,41213.8,41393.01,40902.42,41120.15,1623.88882
2022-03-17 03:00:00+00:00,41120.15,41166.92,40971.4,41014.71,1307.45466
2022-03-17 04:00:00+00:00,41014.71,41371.14,40903.28,41340.94,1586.91947
2022-03-17 05:00:00+00:00,41340.94,41478.82,41010.6,41062.31,1608.21317
2022-03-17 06:00:00+00:00,41062.3,41102.98,40608.0,40760.01,1849.54035
2022-03-17 07:00:00+00:00,40760.01,40918.8,40543.52,40726.05,2766.26551
2022-03-17 08:00:00+00:00,40726.06,40899.92,40679.71,40811.95,1204.70717
2022-03-17 09:00:00+00:00,40811.95,40888.0,40701.0,40821.0,1209.54818
2022-03-17 10:00:00+00:00,40821.0,40841.78,40500.0,40723.08,2126.92941
2022-03-17 11:00:00+00:00,40723.08,40812.73,40632.29,40748.51,1117.43731
2022-03-17 12:00:00+00:00,40748.5,41233.27,40704.89,41038.8,3126.07919
2022-03-17 13:00:00+00:00,41038.8,41170.99,40822.02,41114.0,2154.48098
2022-03-17 14:00:00+00:00,41114.01,41162.46,40762.47,40822.99,2068.55086
2022-03-17 15:00:00+00:00,40823.0,41018.43,40750.0,40798.56,1654.11934
2022-03-17 16:00:00+00:00,40798.56,40890.11,40619.57,40800.05,1623.93032
2022-03-17 17:00:00+00:00,40800.05,40837.24,40565.39,40776.38,1444.85424
2022-03-17 18:00:00+00:00,40776.38,40874.99,40743.42,40805.01,973.52985
2022-03-17 19:00:00+00:00,40805.01,40878.96,40741.4,40871.85,965.66406
2022-03-17 20:00:00+00:00,40871.86,40879.31,40639.77,40696.52,924.67984
2022-03-17 21:00:00+00:00,40696.53,41000.13,40673.7,41000.01,1194.75909
2022-03-17 22:00:00+00:00,41000.01,41068.9,40865.71,40987.83,1419.23248
2022-03-17 23:00:00+00:00,40987.84,41000.0,40884.79,40917.9,603.57452
2022-03-18 00:00:00+00:00,40917.89,40933.11,40215.59,40335.84,2332.69795
2022-03-18 01:00:00+00:00,40335.84,40549.67,40258.39,40541.74,1547.35532
2022-03-18 02:00:00+00:00,40541.73,40624.99,40430.5,40511.0,870.70745
2022-03-18 03:00:00+00:00,40511.01,40581.94,40428.06,40522.19,988.07219
2022-03-18 04:00:00+00:00,40522.18,40640.07,40432.35,40618.2,1040.22022
2022-03-18 05:00:00+00:00,40618.21,40897.0,40618.2,40757.01,1511.30264
2022-03-18 06:00:00+00:00,40757.01,40838.0,40709.78,40742.92,765.63977
2022-03-18 07:00:00+00:00,40742.92,40795.0,40552.74,40570.67,963.9726
2022-03-18 08:00:00+00:00,40570.67,40750.0,40453.92,40604.45,1567.46998
2022-03-18 09:00:00+00:00,40604.45,40633.63,40452.08,40505.61,1204.20116
2022-03-18 10:00:00+00:00,40505.62,40637.54,40334.14,40370.63,1154.54345
2022-03-18 11:00:00+00:00,40370.62,40445.0,40135.04,40390.41,2725.57825
2022-03-18 12:00:00+00:00,40390.4,40583.81,40343.46,40445.0,1395.82673
2022-03-18 13:00:00+00:00,40445.0,40615.79,40300.0,40591.9,1881.13379
2022-03-18 14:00:00+00:00,40591.91,40800.0,40442.0,40566.35,3101.27004
2022-03-18 15:00:00+00:00,40566.35,41072.96,40542.87,40931.08,3822.30633
2022-03-18 16:00:00+00:00,40931.08,41472.44,40904.98,41409.65,4187.4063
2022-03-18 17:00:00+00:00,41409.65,41698.47,41353.41,41661.86,3241.46996
2022-03-18 18:00:00+00:00,41661.87,41850.0,41594.45,41693.03,2216.01409
2022-03-18 19:00:00+00:00,41693.04,42063.97,41640.92,42042.72,2770.61044
2022-03-18 20:00:00+00:00,42042.71,42325.02,41699.46,41720.01,2696.6229
2022-03-18 21:00:00+00:00,41720.0,41871.49,41625.36,41804.08,1271.15759
2022-03-18 22:00:00+00:00,41804.09,41862.16,41633.0,41687.15,1109.40384
2022-03-18 23:00:00+00:00,41687.15,41879.67,41682.12,41757.51,1043.0267
2022-03-19 00:00:00+00:00,41757.51,42000.0,41748.03,41867.49,1556.38557
2022-03-19 01:00:00+00:00,41867.49,41942.54,41682.05,41719.11,1312.06011
2022-03-19 02:00:00+00:00,41719.12,41788.99,41659.69,41766.33,859.2557
2022-03-19 03:00:00+00:00,41766.32,41830.0,41499.29,41793.66,1490.44331
2022-03-19 04:00:00+00:00,41793.65,41944.64,41672.56,41798.8,1165.64934
2022-03-19 05:00:00+00:00,41798.81,41832.58,41723.19,41737.21,716.96918
2022-03-19 06:00:00+00:00,41737.2,41790.78,41707.27,41757.78,496.24499
2022-03-19 07:00:00+00:00,41757.78,41757.8,41535.22,41610.0,1857.03604
2022-03-19 08:00:00+00:00,41609.99,41737.68,41575.06,41700.01,754.41119
2022-03-19 09:00:00+00:00,41700.0,41756.63,41654.0,41667.16,677.75997
2022-03-19 10:00:00+00:00,41667.16,41708.5,41591.83,41680.91,749.86898
2022-03-19 11:00:00+00:00,41680.92,41791.52,41631.98,41721.78,1055.61712
2022-03-19 12:00:00+00:00,41721.78,41853.86,41667.05,41849.06,1051.51405
2022-03-19 13:00:00+00:00,41849.05,41932.0,41692.8,41730.94,1207.03869
2022-03-19 14:00:00+00:00,41730.95,41836.04,41652.9,41826.54,1012.58927
2022-03-19 15:00:00+00:00,41825.89,42085.62,41760.0,41937.68,2479.38124
2022-03-19 16:00:00+00:00,41937.68,42163.5,41838.29,41976.86,1577.56678
2022-03-19 17:00:00+00:00,41976.86,42000.0,41802.02,41889.42,1601.8406
2022-03-19 18:00:00+00:00,41889.41,42044.58,41824.59,42010.0,1083.91506
2022-03-19 19:00:00+00:00,42010.0,42092.49,41912.0,42034.88,1120.03714
2022-03-19 20:00:00+00:00,42034.87,42400.0,41895.98,42191.28,1678.80738
2022-03-19 21:00:00+00:00,42191.28,42359.15,42096.09,42115.73,775.16724
2022-03-19 22:00:00+00:00,42115.73,42145.31,41715.43,41954.53,1836.47914
2022-03-19 23:00:00+00:00,41954.52,42296.38,41916.02,42201.13,951.14299
2022-03-20 00:00:00+00:00,42201.13,42296.26,41927.12,42037.1,1836.12841
2022-03-20 01:00:00+00:00,42037.1,42078.02,41794.59,41965.16,1745.02972
2022-03-20 02:00:00+00:00,41965.15,42046.99,41770.38,41814.99,878.18853
2022-03-20 03:00:00+00:00,41815.0,41979.26,41814.63,41942.34,556.59816
2022-03-20 04:00:00+00:00,41941.99,41972.14,41829.37,41849.37,723.23319
2022-03-20 05:00:00+00:00,41849.37,41941.89,41751.99,41897.05,755.50659
2022-03-20 06:00:00+00:00,41897.05,42007.99,41843.89,41894.9,627.17582
2022-03-20 07:00:00+00:00,41894.9,41967.3,41783.0,41863.99,780.6974
2022-03-20 08:00:00+00:00,41863.99,41937.99,41810.0,41860.91,587.19469
2022-03-20 09:00:00+00:00,41860.91,41878.72,41575.0,41765.22,1565.75742
2022-03-20 10:00:00+00:00,41765.22,41833.25,41643.49,41760.68,1772.70474
2022-03-20 11:00:00+00:00,41760.68,41815.4,41586.85,41586.86,827.7461
2022-03-20 12:00:00+00:00,41586.85,41699.0,41319.13,41632.99,2341.54041
2022-03-20 13:00:00+00:00,41633.0,41676.44,41427.47,41485.48,1060.19077
2022-03-20 14:00:00+00:00,41485.47,41672.64,41354.54,41426.71,1526.57478
2022-03-20 15:00:00+00:00,41426.7,41554.39,41252.67,41340.3,1686.11146
2022-03-20 16:00:00+00:00,41340.3,41502.83,41216.0,41297.0,1334.43526
2022-03-20 17:00:00+00:00,41297.01,41336.86,40911.0,41033.01,2583.59807
2022-03-20 18:00:00+00:00,41033.0,41237.0,40938.67,41231.0,1396.94573
2022-03-20 19:00:00+00:00,41229.99,41412.32,41145.48,41379.03,1166.68953
2022-03-20 20:00:00+00:00,41379.03,41677.65,41232.81,41283.14,1510.60776
2022-03-20 21:00:00+00:00,41283.15,41412.01,41092.02,41358.83,1013.40458
2022-03-20 22:00:00+00:00,41358.83,41436.0,41124.54,41435.99,1124.54414
2022-03-20 23:00:00+00:00,41436.0,41440.0,41153.0,41262.11,1252.73142
2022-03-21 00:00:00+00:00,41262.11,41421.62,41173.59,41416.99,869.59222
2022-03-21 01:00:00+00:00,41416.99,41451.51,41171.99,41226.0,1218.56943
2022-03-21 02:00:00+00:00,41226.0,41281.3,40467.94,40805.68,4000.9195
2022-03-21 03:00:00+00:00,40804.84,40979.31,40693.4,40832.93,1171.91961
2022-03-21 04:00:00+00:00,40832.93,40920.4,40714.81,40864.28,1204.75254
2022-03-21 05:00:00+00:00,40864.28,40965.69,40834.07,40945.18,782.10239
2022-03-21 06:00:00+00:00,40945.19,41087.0,40764.77,40846.04,1442.64059
2022-03-21 07:00:00+00:00,40846.05,41136.17,40771.23,41102.01,1434.74161
2022-03-21 08:00:00+00:00,41102.0,41356.18,41092.79,41154.08,1459.10651
2022-03-21 09:00:00+00:00,41154.07,41358.03,41084.01,41330.38,1278.90359
2022-03-21 10:00:00+00:00,41330.38,41442.7,41264.69,41332.32,963.20396
2022-03-21 11:00:00+00:00,41332.32,41492.14,41178.25,41244.28,1349.74441
2022-03-21 12:00:00+00:00,41244.27,41321.68,40915.0,41222.5,1883.05211
2022-03-21 13:00:00+00:00,41222.5,41544.22,41092.8,41104.03,2793.72895
2022-03-21 14:00:00+00:00,41104.03,41196.75,40738.48,41032.99,3206.69009
2022-03-21 15:00:00+00:00,41033.0,41249.81,40898.77,41224.48,2440.32493
2022-03-21 16:00:00+00:00,41224.48,41240.31,40779.38,40788.71,2234.13849
2022-03-21 17:00:00+00:00,40788.72,41072.69,40759.18,41056.4,1863.69359
2022-03-21 18:00:00+00:00,41056.4,41160.0,40937.0,40938.71,1560.05661
2022-03-21 19:00:00+00:00,40938.7,41197.5,40863.54,41180.55,1518.84961
2022-03-21 20:00:00+00:00,41180.54,41271.4,41119.8,41120.01,1023.299
2022-03-21 21:00:00+00:00,41120.0,41315.77,41060.61,41305.52,1287.97562
2022-03-21 22:00:00+00:00,41305.53,41370.0,41120.0,41120.01,1469.42557
2022-03-21 23:00:00+00:00,41120.01,41165.86,40950.0,41002.25,968.81784
2022-03-22 00:00:00+00:00,41002.26,41173.6,40875.51,41133.83,1455.27137
2022-03-22 01:00:00+00:00,41133.82,41189.32,41035.2,41180.69,810.75376
2022-03-22 02:00:00+00:00,41180.69,42007.48,41154.28,41841.09,4992.20269
2022-03-22 03:00:00+00:00,41841.09,42497.0,41841.09,42236.46,4396.75961
2022-03-22 04:00:00+00:00,42236.46,43361.0,42236.46,42989.52,7723.76114
2022-03-22 05:00:00+00:00,42989.53,43099.68,42812.22,42850.0,2280.49337
2022-03-22 06:00:00+00:00,42850.0,42871.66,41995.01,42247.99,5753.1434
2022-03-22 07:00:00+00:00,42248.0,42384.2,42176.29,42215.94,2386.76231
2022-03-22 08:00:00+00:00,42215.95,42700.61,42085.74,42548.0,2905.26926
2022-03-22 09:00:00+00:00,42548.0,42597.86,42388.0,42460.99,1952.46572
2022-03-22 10:00:00+00:00,42461.0,42916.55,42445.92,42829.67,2508.44434
2022-03-22 11:00:00+00:00,42829.68,43030.2,42761.74,42983.0,2119.11777
2022-03-22 12:00:00+00:00,42983.0,43085.0,42745.85,42950.41,2173.09012
2022-03-22 13:00:00+00:00,42950.41,43024.08,42681.29,42826.15,2072.78254
2022-03-22 14:00:00+00:00,42826.32,43199.0,42731.59,42760.66,3515.13755
2022-03-22 15:00:00+00:00,42760.66,42788.0,42561.28,42573.81,2143.17019
2022-03-22 16:00:00+00:00,42573.8,42700.0,42453.7,42515.0,1836.69432
2022-03-22 17:00:00+00:00,42515.0,42627.48,42477.73,42616.99,839.21812
2022-03-22 18:00:00+00:00,42616.98,42624.58,42484.67,42563.33,1236.1717
2022-03-22 19:00:00+00:00,42563.33,42711.37,42263.01,42284.41,1535.41912
2022-03-22 20:00:00+00:00,42284.4,42629.0,42263.01,42588.59,1367.30361
2022-03-22 21:00:00+00:00,42588.58,42872.17,42565.22,42833.03,1090.84523
2022-03-22 22:00:00+00:00,42833.04,42833.04,42470.35,42529.15,1220.56452
2022-03-22 23:00:00+00:00,42529.15,42533.12,42258.68,42364.13,1140.10118
2022-03-23 00:00:00+00:00,42364.13,42492.15,42274.93,42402.56,1186.99886
2022-03-23 01:00:00+00:00,42402.55,42402.56,41884.0,42322.66,3100.95795
2022-03-23 02:00:00+00:00,42322.66,42529.99,42246.55,42324.96,1441.45194
2022-03-23 03:00:00+00:00,42324.95,42364.52,42049.96,42073.94,1116.94757
2022-03-23 04:00:00+00:00,42073.93,42196.71,41751.47,41944.35,2068.56443
2022-03-23 05:00:00+00:00,41944.35,42068.15,41782.1,42021.36,1054.23557
2022-03-23 06:00:00+00:00,42021.35,42255.4,41954.34,42232.31,1234.32175
2022-03-23 07:00:00+00:00,42232.3,42259.38,42033.1,42107.74,1033.26168
2022-03-23 08:00:00+00:00,42107.73,42345.32,41980.87,42229.43,1657.91724
2022-03-23 09:00:00+00:00,42229.42,42300.0,41994.69,42166.63,1631.38676
2022-03-23 10:00:00+00:00,42166.63,42273.57,42099.97,42156.52,1000.22592
2022-03-23 11:00:00+00:00,42156.52,42186.07,41878.82,42039.78,1361.04251
2022-03-23 12:00:00+00:00,42039.77,42438.71,41881.0,42359.04,2383.91223
2022-03-23 13:00:00+00:00,42359.04,42450.0,41976.87,42020.98,2587.90169
2022-03-23 14:00:00+00:00,42020.99,42400.01,41969.0,42392.81,2213.92556
2022-03-23 15:00:00+00:00,42392.81,42737.39,42302.81,42618.18,3337.61776
2022-03-23 16:00:00+00:00,42618.18,42775.1,42483.36,42580.51,2057.40489
2022-03-23 17:00:00+00:00,42580.5,42602.22,42059.0,42160.33,2640.55048
2022-03-23 18:00:00+00:00,42160.33,42224.16,42050.37,42087.94,1304.72895
2022-03-23 19:00:00+00:00,42087.94,42353.5,42070.91,42216.79,1337.34631
2022-03-23 20:00:00+00:00,42216.79,42407.67,42189.73,42349.72,947.4602
2022-03-23 21:00:00+00:00,42349.72,42410.0,42250.8,42385.37,570.85223
2022-03-23 22:00:00+00:00,42385.37,42555.99,42335.12,42488.67,1096.64606
2022-03-23 23:00:00+00:00,42488.66,43025.96,42398.98,42882.76,2463.21185
2022-03-24 00:00:00+00:00,42882.76,43276.12,42757.17,43034.72,4101.15304
2022-03-24 01:00:00+00:00,43034.73,43103.76,42700.0,42827.45,2381.16593
2022-03-24 02:00:00+00:00,42827.45,42967.45,42650.0,42952.53,1209.869
2022-03-24 03:00:00+00:00,42952.54,42963.86,42679.01,42712.87,1213.75686
2022-03-24 04:00:00+00:00,42712.87,42951.29,42712.87,42901.03,1354.74486
2022-03-24 05:00:00+00:00,42901.04,43045.0,42782.01,43012.49,1150.81303
2022-03-24 06:00:00+00:00,43012.5,43478.0,42984.86,43198.4,2693.52233
2022-03-24 07:00:00+00:00,43198.41,43229.27,42900.0,43077.74,2025.3627
2022-03-24 08:00:00+00:00,43077.75,43167.58,42975.56,43049.54,2207.47141
2022-03-24 09:00:00+00:00,43049.54,43220.0,42840.92,43021.01,3259.86514
2022-03-24 10:00:00+00:00,43021.01,43101.76,42921.0,43002.96,1401.20533
2022-03-24 11:00:00+00:00,43002.96,43084.38,42867.33,42968.42,1337.77432
2022-03-24 12:00:00+00:00,42968.42,43072.59,42741.02,42810.84,3144.58362
2022-03-24 13:00:00+00:00,42810.84,43064.07,42560.46,42984.86,2594.87462
2022-03-24 14:00:00+00:00,42984.85,43595.01,42889.08,43582.11,4504.75521
2022-03-24 15:00:00+00:00,43582.11,44036.93,43468.63,44000.01,7701.78466
2022-03-24 16:00:00+00:00,44000.0,44186.78,43842.04,44002.19,3404.38289
2022-03-24 17:00:00+00:00,44002.19,44220.89,43803.0,43815.11,3057.67678
2022-03-24 18:00:00+00:00,43815.1,43995.0,43757.1,43993.17,1902.94206
2022-03-24 19:00:00+00:00,43993.18,44077.55,43880.53,43908.3,1443.20283
2022-03-24 20:00:00+00:00,43908.31,43943.88,43818.02,43869.99,979.40183
2022-03-24 21:00:00+00:00,43869.99,44083.85,43807.27,44031.77,1128.80179
2022-03-24 22:00:00+00:00,44031.76,44100.0,43901.6,43949.01,1153.68582
2022-03-24 23:00:00+00:00,43948.74,44005.68,43870.5,43991.46,842.32768
2022-03-25 00:00:00+00:00,43991.46,44017.76,43854.38,43970.0,1322.01343
2022-03-25 01:00:00+00:00,43970.01,44398.53,43940.7,44130.75,3606.19179
2022-03-25 02:00:00+00:00,44130.76,44158.99,43877.31,43946.79,2372.5812
2022-03-25 03:00:00+00:00,43946.8,43995.73,43870.0,43968.16,1060.48339
2022-03-25 04:00:00+00:00,43968.17,44096.79,43904.94,44096.78,1019.8077
2022-03-25 05:00:00+00:00,44096.79,44104.92,43992.0,44074.21,1097.68149
2022-03-25 06:00:00+00:00,44074.22,44200.0,43963.82,44099.9,1491.84258
2022-03-25 07:00:00+00:00,44099.9,44187.95,43901.1,43904.97,2109.80422
2022-03-25 08:00:00+00:00,43904.97,44076.83,43579.0,44000.67,3474.00171
2022-03-25 09:00:00+00:00,44000.67,44164.78,43902.56,44120.0,1612.24701
2022-03-25 10:00:00+00:00,44119.99,44317.29,44065.57,44233.28,1555.10547
2022-03-25 11:00:00+00:00,44233.29,44664.2,44201.32,44585.28,3692.39279
2022-03-25 12:00:00+00:00,44585.28,44916.7,44450.84,44835.23,3354.0507
2022-03-25 13:00:00+00:00,44835.24,45050.0,44700.19,44980.18,4163.25292
2022-03-25 14:00:00+00:00,44980.18,45094.14,44663.36,44865.46,2835.29032
2022-03-25 15:00:00+00:00,44865.45,44882.0,44187.69,44318.21,5782.73737
2022-03-25 16:00:00+00:00,44318.21,44596.29,44141.66,44150.0,4099.71326
2022-03-25 17:00:00+00:00,44150.0,44343.09,44013.11,44328.42,2933.49825
2022-03-25 18:00:00+00:00,44328.43,44517.27,44297.44,44459.22,1776.11616
2022-03-25 19:00:00+00:00,44459.22,44470.86,44164.97,44444.95,1409.65633
2022-03-25 20:00:00+00:00,44444.94,44646.06,44358.21,44550.51,1207.99425
2022-03-25 21:00:00+00:00,44550.5,44550.51,44408.0,44525.36,893.00233
2022-03-25 22:00:00+00:00,44525.35,44525.36,44264.33,44299.5,1016.48326
2022-03-25 23:00:00+00:00,44299.49,44386.24,44230.59,44313.16,728.48855
2022-03-26 00:00:00+00:00,44313.16,44453.48,44121.18,44150.85,1007.37256
2022-03-26 01:00:00+00:00,44150.85,44355.14,44071.97,44295.04,1050.64766
2022-03-26 02:00:00+00:00,44295.04,44383.16,44195.32,44289.01,951.39386
2022-03-26 03:00:00+00:00,44289.01,44430.0,44246.08,44394.03,964.88039
2022-03-26 04:00:00+00:00,44394.04,44466.73,44370.13,44408.5,717.68073
2022-03-26 05:00:00+00:00,44408.49,44517.23,44355.98,44498.45,832.24701
2022-03-26 06:00:00+00:00,44498.45,44548.24,44385.33,44446.8,822.17383
2022-03-26 07:00:00+00:00,44446.8,44546.82,44364.2,44510.07,875.53501
2022-03-26 08:00:00+00:00,44510.07,44578.0,44440.63,44499.0,808.09064
2022-03-26 09:00:00+00:00,44499.0,44515.8,44419.24,44472.19,649.95516
2022-03-26 10:00:00+00:00,44472.2,44494.46,44374.13,44427.99,566.97781
2022-03-26 11:00:00+00:00,44428.0,44489.3,44318.94,44334.49,660.43032
2022-03-26 12:00:00+00:00,44334.5,44392.58,44222.5,44350.01,1534.64644
2022-03-26 13:00:00+00:00,44350.01,44397.78,44167.52,44251.67,997.55616
2022-03-26 14:00:00+00:00,44251.68,44277.66,44153.94,44251.84,926.64832
2022-03-26 15:00:00+00:00,44251.84,44330.0,44194.58,44205.31,836.43509
2022-03-26 16:00:00+00:00,44205.3,44314.08,44140.76,44292.67,1044.30094
2022-03-26 17:00:00+00:00,44292.67,44431.75,44284.36,44372.81,800.10588
2022-03-26 18:00:00+00:00,44372.82,44464.92,44366.5,44436.03,569.03405
2022-03-26 19:00:00+00:00,44436.03,44461.88,44303.91,44367.49,1202.25234
2022-03-26 20:00:00+00:00,44367.49,44792.99,44363.47,44571.92,2748.83061
2022-03-26 21:00:00+00:00,44571.93,44584.37,44255.0,44444.99,1129.11314
2022-03-26 22:00:00+00:00,44444.98,44522.71,44363.54,44364.14,670.52968
2022-03-26 23:00:00+00:00,44364.13,44570.6,44364.13,44511.27,674.77978
2022-03-27 00:00:00+00:00,44511.27,44744.67,44484.11,44713.12,1307.41307
2022-03-27 01:00:00+00:00,44713.11,44770.17,44579.14,44724.97,1124.06903
2022-03-27 02:00:00+00:00,44724.96,44950.0,44661.35,44697.63,1398.48491
2022-03-27 03:00:00+00:00,44697.63,44718.21,44619.7,44713.01,639.63624
2022-03-27 04:00:00+00:00,44713.01,44759.17,44542.01,44580.51,722.49764
2022-03-27 05:00:00+00:00,44580.51,44712.3,44573.03,44639.0,430.30932
2022-03-27 06:00:00+00:00,44639.01,44730.0,44618.01,44656.4,586.41791
2022-03-27 07:00:00+00:00,44656.39,44750.0,44640.64,44734.06,581.61784
2022-03-27 08:00:00+00:00,44734.06,44747.94,44592.85,44604.49,591.07925
2022-03-27 09:00:00+00:00,44604.48,44698.94,44539.86,44539.86,734.51899
2022-03-27 10:00:00+00:00,44539.95,44619.14,44469.38,44527.0,739.41811
2022-03-27 11:00:00+00:00,44527.01,44636.34,44515.88,44569.5,708.75972
2022-03-27 12:00:00+00:00,44569.5,44606.86,44433.0,44436.1,1147.79965
2022-03-27 13:00:00+00:00,44436.09,44647.24,44421.46,44616.24,988.68354
2022-03-27 14:00:00+00:00,44616.23,44741.0,44583.52,44614.35,1121.70585
2022-03-27 15:00:00+00:00,44614.36,44933.45,44523.23,44857.52,1990.03084
2022-03-27 16:00:00+00:00,44857.53,45036.04,44740.0,44950.0,2519.73162
2022-03-27 17:00:00+00:00,44950.0,44966.0,44777.73,44919.53,936.13247
2022-03-27 18:00:00+00:00,44919.53,44980.7,44841.14,44841.14,629.50183
2022-03-27 19:00:00+00:00,44841.14,44885.28,44810.25,44830.66,502.02388
2022-03-27 20:00:00+00:00,44830.66,46616.14,44678.12,46115.8,9589.0353
2022-03-27 21:00:00+00:00,46115.79,46800.0,45838.15,46552.08,4741.5303
2022-03-27 22:00:00+00:00,46552.07,46999.0,46357.98,46613.0,6239.36776
2022-03-27 23:00:00+00:00,46613.0,46877.87,46559.59,46827.76,1905.14564
2022-03-28 00:00:00+00:00,46827.76,47650.0,46663.56,46920.99,6130.87093
2022-03-28 01:00:00+00:00,46921.0,47037.48,46700.0,46810.5,1740.67119
2022-03-28 02:00:00+00:00,46810.5,46945.59,46766.42,46924.82,1229.29712
2022-03-28 03:00:00+00:00,46924.82,47049.41,46850.49,47049.4,1448.18769
2022-03-28 04:00:00+00:00,47049.4,47218.88,46864.4,47124.8,1410.57346
2022-03-28 05:00:00+00:00,47124.8,47371.99,47011.38,47056.19,4718.7964
2022-03-28 06:00:00+00:00,47056.19,47106.24,46716.83,46904.73,3764.16181
2022-03-28 07:00:00+00:00,46904.72,47200.0,46884.84,46989.24,2119.9473
2022-03-28 08:00:00+00:00,46989.24,47053.25,46845.98,47021.24,1568.21655
2022-03-28 09:00:00+00:00,47021.24,47188.48,46974.32,47140.89,1619.11195
2022-03-28 10:00:00+00:00,47140.89,47275.0,47064.05,47218.33,1767.57465
2022-03-28 11:00:00+00:00,47218.33,47383.05,47118.08,47252.54,1978.57577
2022-03-28 12:00:00+00:00,47252.54,47376.74,47123.54,47210.53,1350.42013
2022-03-28 13:00:00+00:00,47210.53,47756.43,47176.67,47724.13,3539.2013
2022-03-28 14:00:00+00:00,47724.12,47739.97,47349.52,47603.5,2871.79157
2022-03-28 15:00:00+00:00,47603.51,47908.05,47400.89,47422.51,4087.35905
2022-03-28 16:00:00+00:00,47422.51,47550.0,47300.65,47466.55,1831.07995
2022-03-28 17:00:00+00:00,47466.54,47673.95,47331.69,47599.06,1514.26502
2022-03-28 18:00:00+00:00,47599.06,48085.0,47556.37,47970.99,3195.40658
2022-03-28 19:00:00+00:00,47970.98,48189.84,47689.38,47956.28,3217.07336
2022-03-28 20:00:00+00:00,47956.28,48030.5,47811.4,47934.68,1666.52922
2022-03-28 21:00:00+00:00,47934.69,48094.11,47444.08,47629.22,1955.25245
2022-03-28 22:00:00+00:00,47629.21,47753.24,47488.0,47540.59,1195.91802
2022-03-28 23:00:00+00:00,47540.58,47595.69,46885.44,47122.21,3028.97993
2022-03-29 00:00:00+00:00,47122.21,47606.01,47050.0,47397.88,2212.02482
2022-03-29 01:00:00+00:00,47397.89,47600.0,47336.01,47537.04,1114.65669
2022-03-29 02:00:00+00:00,47537.05,47596.5,47383.38,47408.56,1158.60687
2022-03-29 03:00:00+00:00,47408.56,47424.37,47315.0,47335.06,757.03065
2022-03-29 04:00:00+00:00,47335.06,47655.54,47320.65,47592.99,1249.90958
2022-03-29 05:00:00+00:00,47593.0,47671.24,47510.39,47641.03,854.55134
2022-03-29 06:00:00+00:00,47641.03,47753.75,47520.0,47570.59,1078.8538
2022-03-29 07:00:00+00:00,47570.58,47582.49,47344.44,47344.44,964.59123
2022-03-29 08:00:00+00:00,47344.45,47618.5,47334.69,47539.75,962.26733
2022-03-29 09:00:00+00:00,47539.75,47737.53,47523.02,47591.82,1293.54862
2022-03-29 10:00:00+00:00,47591.82,47614.1,47438.38,47602.34,805.36582
2022-03-29 11:00:00+00:00,47602.35,47963.24,47572.0,47896.1,1937.43856
2022-03-29 12:00:00+00:00,47896.09,48096.47,47811.01,47843.32,2705.29599
2022-03-29 13:00:00+00:00,47843.32,47897.49,47544.99,47695.81,2389.57973
2022-03-29 14:00:00+00:00,47695.81,47852.35,47596.85,47803.0,1827.99107
2022-03-29 15:00:00+00:00,47803.01,48020.0,47345.0,47440.0,2573.985
2022-03-29 16:00:00+00:00,47440.0,47547.0,47105.5,47491.5,3147.06478
2022-03-29 17:00:00+00:00,47491.51,47499.99,47143.58,47456.48,1601.33514
2022-03-29 18:00:00+00:00,47456.48,47586.58,47368.4,47519.49,1083.65407
2022-03-29 19:00:00+00:00,47519.5,47871.02,47497.57,47701.49,1941.55433
2022-03-29 20:00:00+00:00,47701.49,47726.0,47318.94,47477.84,972.59607
2022-03-29 21:00:00+00:00,47477.85,47520.0,47180.0,47270.18,1038.22732
2022-03-29 22:00:00+00:00,47270.19,47397.89,46950.85,47331.12,2206.81099
2022-03-29 23:00:00+00:00,47331.13,47515.95,47297.73,47434.8,895.34477
2022-03-30 00:00:00+00:00,47434.79,47439.55,47092.55,47245.21,1179.51085
2022-03-30 01:00:00+00:00,47245.21,47245.22,46445.42,46865.28,3566.23704
2022-03-30 02:00:00+00:00,46865.28,47306.65,46800.0,47209.25,2860.3822
2022-03-30 03:00:00+00:00,47209.25,47457.16,47200.0,47435.46,1336.62288
2022-03-30 04:00:00+00:00,47435.46,47462.0,47140.46,47238.67,1294.76891
2022-03-30 05:00:00+00:00,47238.68,47550.64,47194.0,47484.99,1184.6993
2022-03-30 06:00:00+00:00,47484.99,47580.0,47349.92,47408.2,1102.10415
2022-03-30 07:00:00+00:00,47408.19,47521.13,47335.63,47384.44,1140.75646
2022-03-30 08:00:00+00:00,47384.44,47500.0,47190.86,47435.05,1864.29364
2022-03-30 09:00:00+00:00,47435.05,47456.08,47210.0,47257.91,952.91344
2022-03-30 10:00:00+00:00,47257.91,47327.99,47206.01,47269.99,990.85608
2022-03-30 11:00:00+00:00,47270.0,47465.65,47064.81,47319.91,1631.17178
2022-03-30 12:00:00+00:00,47319.92,47344.5,47150.49,47294.98,1319.59342
2022-03-30 13:00:00+00:00,47294.98,47309.02,46897.0,46984.0,2650.2197
2022-03-30 14:00:00+00:00,46984.01,47232.0,46869.0,47113.49,1945.04926
2022-03-30 15:00:00+00:00,47113.49,47180.74,46910.46,47160.81,1350.67523
2022-03-30 16:00:00+00:00,47160.82,47350.4,47024.46,47248.66,2117.17927
2022-03-30 17:00:00+00:00,47248.66,47700.22,47179.94,47659.5,2405.56087
2022-03-30 18:00:00+00:00,47659.5,47690.18,47070.26,47130.01,2066.25048
2022-03-30 19:00:00+00:00,47130.02,47187.49,46831.81,47073.89,2213.70753
2022-03-30 20:00:00+00:00,47073.89,47274.95,47009.96,47258.88,1070.98384
2022-03-30 21:00:00+00:00,47258.89,47292.68,46908.04,46987.49,1220.06753
2022-03-30 22:00:00+00:00,46987.49,47130.54,46850.0,47104.52,1772.7357
2022-03-30 23:00:00+00:00,47104.51,47239.06,47001.96,47067.99,1710.86894
2022-03-31 00:00:00+00:00,47067.99,47273.5,46973.91,47154.06,1252.43133
2022-03-31 01:00:00+00:00,47154.06,47425.21,47142.21,47400.0,1228.34803
2022-03-31 02:00:00+00:00,47400.0,47418.13,47172.51,47220.0,843.9185
2022-03-31 03:00:00+00:00,47219.99,47260.44,47070.01,47095.56,955.71377
2022-03-31 04:00:00+00:00,47095.55,47150.0,46987.15,47020.01,1167.47059
2022-03-31 05:00:00+00:00,47020.01,47138.87,46898.12,47095.23,1703.24242
2022-03-31 06:00:00+00:00,47095.23,47170.71,47027.27,47113.93,788.09302
2022-03-31 07:00:00+00:00,47113.94,47168.92,47050.05,47160.76,764.09285
2022-03-31 08:00:00+00:00,47160.75,47325.0,47000.0,47245.22,1820.4666
2022-03-31 09:00:00+00:00,47245.23,47343.75,47110.0,47301.02,1360.37142
2022-03-31 10:00:00+00:00,47301.03,47386.7,47210.93,47276.37,1212.74158
2022-03-31 11:00:00+00:00,47276.36,47279.7,47080.0,47152.01,1113.78039
2022-03-31 12:00:00+00:00,47152.0,47540.46,47108.37,47395.76,2233.31954
2022-03-31 13:00:00+00:00,47395.75,47600.0,46913.12,46913.13,3811.97389
2022-03-31 14:00:00+00:00,46913.13,46913.51,46230.0,46690.48,6938.0316
2022-03-31 15:00:00+00:00,46690.48,46799.0,46356.23,46453.81,2398.12841
2022-03-31 16:00:00+00:00,46453.81,46492.65,45669.0,45688.8,6315.81153
2022-03-31 17:00:00+00:00,45688.8,45891.94,45651.35,45820.0,2363.95325
2022-03-31 18:00:00+00:00,45819.99,45962.08,45595.28,45957.27,1822.32955
2022-03-31 19:00:00+00:00,45957.27,45987.94,45500.0,45581.97,2165.48834
2022-03-31 20:00:00+00:00,45581.98,45790.0,45519.03,45745.46,1550.11357
2022-03-31 21:00:00+00:00,45745.45,45849.99,45647.01,45757.19,887.8989
2022-03-31 22:00:00+00:00,45757.19,45820.34,45660.68,45787.85,1058.12591
2022-03-31 23:00:00+00:00,45787.85,45787.86,45200.0,45510.34,2889.28168
2022-04-01 00:00:00+00:00,45510.35,45644.86,45351.73,45541.5,1838.20071
2022-04-01 01:00:00+00:00,45542.16,45542.17,44868.0,44923.77,4127.99675
2022-04-01 02:00:00+00:00,44923.77,45049.03,44200.0,44392.71,5752.16535
2022-04-01 03:00:00+00:00,44392.71,44599.99,44273.44,44599.98,2692.58541
2022-04-01 04:00:00+00:00,44599.98,44780.01,44547.11,44642.44,1723.22376
2022-04-01 05:00:00+00:00,44642.44,44789.99,44583.23,44646.16,1456.34706
2022-04-01 06:00:00+00:00,44646.15,44848.44,44567.94,44803.7,1404.92923
2022-04-01 07:00:00+00:00,44803.7,45110.81,44801.0,45015.69,2596.94132
2022-04-01 08:00:00+00:00,45015.68,45323.91,45008.24,45137.06,2537.07775
2022-04-01 09:00:00+00:00,45137.05,45243.2,44990.48,45076.0,2072.54564
2022-04-01 10:00:00+00:00,45076.01,45234.56,45019.8,45223.0,1090.16037
2022-04-01 11:00:00+00:00,45223.0,45283.17,45022.82,45064.26,1890.8264
2022-04-01 12:00:00+00:00,45064.25,45416.98,44701.01,45245.66,3791.81322
2022-04-01 13:00:00+00:00,45245.66,45603.85,45237.91,45430.12,2943.26062
2022-04-01 14:00:00+00:00,45430.12,46180.77,45420.0,46128.91,3713.30259
2022-04-01 15:00:00+00:00,46128.92,46720.09,46113.08,46532.0,5320.039
2022-04-01 16:00:00+00:00,46531.99,46587.81,46025.29,46025.29,2822.94745
2022-04-01 17:00:00+00:00,46025.29,46549.31,45893.98,46465.5,2055.44446
2022-04-01 18:00:00+00:00,46465.48,46602.0,46250.0,46334.63,1713.01446
2022-04-01 19:00:00+00:00,46334.62,46394.64,46140.0,46361.68,1361.13144
2022-04-01 20:00:00+00:00,46361.68,46380.16,46075.85,46145.38,889.16549
2022-04-01 21:00:00+00:00,46145.37,46439.56,46142.0,46305.07,704.8187
2022-04-01 22:00:00+00:00,46305.07,46398.0,46150.0,46368.41,1035.63658
2022-04-01 23:00:00+00:00,46368.42,46368.42,46120.2,46283.49,737.49098
2022-04-02 00:00:00+00:00,46283.49,47213.0,46081.93,46894.92,4001.40201
2022-04-02 01:00:00+00:00,46894.91,47073.67,46501.0,46745.5,2867.03679
2022-04-02 02:00:00+00:00,46745.49,46844.59,46233.83,46497.9,1920.91296
2022-04-02 03:00:00+00:00,46497.9,46599.94,46371.0,46599.93,775.09354
2022-04-02 04:00:00+00:00,46599.93,46684.4,46489.5,46529.71,791.21832
2022-04-02 05:00:00+00:00,46529.7,46600.0,46410.63,46541.38,658.54109
2022-04-02 06:00:00+00:00,46541.38,46648.73,46462.79,46632.28,916.97927
2022-04-02 07:00:00+00:00,46632.28,46644.42,46419.38,46584.49,945.54588
2022-04-02 08:00:00+00:00,46584.49,46589.64,46490.0,46551.39,999.53272
2022-04-02 09:00:00+00:00,46551.4,46734.76,46515.75,46682.5,1110.14138
2022-04-02 10:00:00+00:00,46682.5,46719.49,46548.41,46719.49,919.09468
2022-04-02 11:00:00+00:00,46719.49,46753.15,46542.84,46542.84,782.48373
2022-04-02 12:00:00+00:00,46542.84,46880.97,46225.75,46717.49,3429.52786
2022-04-02 13:00:00+00:00,46717.49,46941.11,46648.68,46735.11,1652.80154
2022-04-02 14:00:00+00:00,46735.1,46801.5,46571.59,46617.07,1010.07016
2022-04-02 15:00:00+00:00,46617.08,46617.08,46130.03,46295.06,2383.16797
2022-04-02 16:00:00+00:00,46295.06,46425.49,46155.0,46307.06,1402.52837
2022-04-02 17:00:00+00:00,46307.06,46487.01,46252.44,46359.1,1042.49929
2022-04-02 18:00:00+00:00,46359.1,46394.77,45620.0,45831.61,4041.02577
2022-04-02 19:00:00+00:00,45831.61,46252.21,45811.03,46120.24,1267.14345
2022-04-02 20:00:00+00:00,46120.25,46350.0,46026.88,46181.06,1426.80984
2022-04-02 21:00:00+00:00,46181.06,46317.85,45909.04,46231.0,831.63584
2022-04-02 22:00:00+00:00,46231.0,46333.26,46040.55,46110.77,813.51338
2022-04-02 23:00:00+00:00,46110.77,46148.74,45756.94,45811.0,1084.82998
2022-04-03 00:00:00+00:00,45810.99,46065.21,45774.64,46065.21,1461.10347
2022-04-03 01:00:00+00:00,46065.21,46065.83,45530.92,45846.0,2005.70992
2022-04-03 02:00:00+00:00,45845.99,45960.55,45760.25,45776.83,808.43964
2022-04-03 03:00:00+00:00,45776.84,45970.0,45718.23,45943.25,678.82675
2022-04-03 04:00:00+00:00,45943.26,46364.19,45927.83,46364.18,896.84849
2022-04-03 05:00:00+00:00,46364.18,46380.96,46225.0,46355.93,735.75202
2022-04-03 06:00:00+00:00,46355.93,46570.0,46312.04,46432.7,1561.68757
2022-04-03 07:00:00+00:00,46432.69,46465.55,46291.56,46363.82,947.44176
2022-04-03 08:00:00+00:00,46363.83,46416.75,46219.08,46271.68,634.8302
2022-04-03 09:00:00+00:00,46271.67,46446.8,46168.92,46362.66,986.69853
2022-04-03 10:00:00+00:00,46362.66,46400.0,46122.62,46180.0,794.41828
2022-04-03 11:00:00+00:00,46180.0,46332.83,46076.92,46252.59,736.22899
2022-04-03 12:00:00+00:00,46252.59,46435.08,46188.0,46383.12,836.19483
2022-04-03 13:00:00+00:00,46383.12,46670.04,46272.44,46441.27,2559.8563
2022-04-03 14:00:00+00:00,46441.27,46633.75,46301.67,46633.75,1011.00006
2022-04-03 15:00:00+00:00,46633.74,46723.0,46381.0,46412.49,1369.61349
2022-04-03 16:00:00+00:00,46412.49,46519.35,46220.16,46293.5,1220.80719
2022-04-03 17:00:00+00:00,46293.49,46411.11,46240.46,46394.95,992.49464
2022-04-03 18:00:00+00:00,46394.96,46770.65,46352.04,46586.31,1291.76765
2022-04-03 19:00:00+00:00,46586.31,46698.82,46400.41,46405.5,1661.83352
2022-04-03 20:00:00+00:00,46405.49,46482.33,46363.96,46365.02,590.68009
2022-04-03 21:00:00+00:00,46365.01,46980.0,46332.25,46980.0,1526.8614
2022-04-03 22:00:00+00:00,46980.0,47444.11,46584.63,46695.11,5819.85205
2022-04-03 23:00:00+00:00,46695.1,46711.58,46248.84,46407.35,2265.7311
2022-04-04 00:00:00+00:00,46407.36,46461.14,45744.77,45862.08,4363.15119
2022-04-04 01:00:00+00:00,45862.08,46049.04,45757.41,45863.28,1242.48919
2022-04-04 02:00:00+00:00,45863.28,46068.38,45756.94,46036.97,1078.88949
2022-04-04 03:00:00+00:00,46036.96,46174.46,46000.0,46005.44,691.29706
2022-04-04 04:00:00+00:00,46005.43,46153.84,45834.39,46075.85,1369.82887
2022-04-04 05:00:00+00:00,46075.85,46244.01,46025.27,46231.67,890.94553
2022-04-04 06:00:00+00:00,46231.67,46293.38,46162.63,46200.0,770.30602
2022-04-04 07:00:00+00:00,46200.0,46227.0,46083.62,46173.99,965.67336
2022-04-04 08:00:00+00:00,46174.0,46287.97,45964.2,46158.42,1390.83747
2022-04-04 09:00:00+00:00,46158.41,46158.42,45863.91,45904.99,1434.95981
2022-04-04 10:00:00+00:00,45905.0,46048.36,45787.0,45996.0,1846.3039
2022-04-04 11:00:00+00:00,45996.0,46199.11,45921.01,46160.09,1141.58599
2022-04-04 12:00:00+00:00,46160.08,46249.0,45902.0,46006.58,1240.20844
2022-04-04 13:00:00+00:00,46006.59,46239.14,45869.0,46168.57,1653.24432
2022-04-04 14:00:00+00:00,46168.56,46359.0,45868.27,45896.98,2824.34268
2022-04-04 15:00:00+00:00,45896.98,45957.49,45555.0,45633.88,2842.31142
2022-04-04 16:00:00+00:00,45633.88,45815.82,45566.37,45700.01,1290.24719
2022-04-04 17:00:00+00:00,45700.01,45766.4,45176.9,45375.27,3436.09838
2022-04-04 18:00:00+00:00,45375.28,45531.42,45118.0,45507.44,2231.0352
2022-04-04 19:00:00+00:00,45507.45,45940.35,45507.44,45925.76,1775.72292
2022-04-04 20:00:00+00:00,45925.77,46377.84,45626.02,46307.5,4249.00509
2022-04-04 21:00:00+00:00,46307.51,46588.85,46177.49,46449.06,2177.02783
2022-04-04 22:00:00+00:00,46449.07,46856.35,46372.05,46666.67,1841.99003
2022-04-04 23:00:00+00:00,46666.67,46890.71,46547.25,46580.51,1894.37376
2022-04-05 00:00:00+00:00,46580.5,46649.42,46412.62,46512.01,1516.16322
2022-04-05 01:00:00+00:00,46512.01,46694.66,46451.78,46632.24,885.83959
2022-04-05 02:00:00+00:00,46632.23,46759.79,46555.55,46626.0,1080.19918
2022-04-05 03:00:00+00:00,46626.01,46777.77,46594.27,46645.82,840.28456
2022-04-05 04:00:00+00:00,46645.83,46884.49,46617.77,46770.01,1367.20325
2022-04-05 05:00:00+00:00,46770.0,46833.06,46699.0,46699.99,711.54241
2022-04-05 06:00:00+00:00,46700.0,46754.76,46549.82,46609.29,825.93973
2022-04-05 07:00:00+00:00,46609.29,46742.5,46567.67,46709.99,801.32796
2022-04-05 08:00:00+00:00,46710.0,46737.89,46561.92,46665.89,925.32366
2022-04-05 09:00:00+00:00,46665.88,46703.99,46558.8,46571.41,1464.89769
2022-04-05 10:00:00+00:00,46571.42,46680.5,46522.52,46648.71,1587.17444
2022-04-05 11:00:00+00:00,46648.71,46740.0,46560.69,46683.37,869.06378
2022-04-05 12:00:00+00:00,46683.37,47200.0,46676.0,46767.99,3726.58321
2022-04-05 13:00:00+00:00,46767.99,46861.53,46333.0,46423.92,3580.82842
2022-04-05 14:00:00+00:00,46423.91,46466.13,45754.39,45820.0,5785.47439
2022-04-05 15:00:00+00:00,45820.0,45920.39,45667.4,45763.72,2203.25121
2022-04-05 16:00:00+00:00,45763.73,46022.33,45600.0,45928.96,2288.19097
2022-04-05 17:00:00+00:00,45928.97,46191.0,45896.61,45969.01,2260.56843
2022-04-05 18:00:00+00:00,45969.01,45987.19,45867.36,45893.04,827.14477
2022-04-05 19:00:00+00:00,45893.04,46050.0,45457.89,46032.5,3496.10832
2022-04-05 20:00:00+00:00,46032.49,46107.58,45627.42,45877.97,1643.51855
2022-04-05 21:00:00+00:00,45877.97,45958.81,45744.52,45953.55,893.79551
2022-04-05 22:00:00+00:00,45953.56,46050.22,45790.72,45854.49,767.40231
2022-04-05 23:00:00+00:00,45854.5,45885.7,45353.81,45497.55,1844.92296
2022-04-06 00:00:00+00:00,45497.54,45506.67,44412.0,45005.88,6445.51922
2022-04-06 01:00:00+00:00,45005.88,45365.48,44963.13,45188.86,1677.29334
2022-04-06 02:00:00+00:00,45188.87,45368.29,45150.0,45220.87,848.14718
2022-04-06 03:00:00+00:00,45220.86,45289.48,45139.93,45215.88,736.20798
2022-04-06 04:00:00+00:00,45215.88,45375.38,45119.0,45335.34,875.62253
2022-04-06 05:00:00+00:00,45335.34,45444.83,45302.0,45375.0,735.96483
2022-04-06 06:00:00+00:00,45374.99,45482.5,45251.43,45464.26,1327.43298
2022-04-06 07:00:00+00:00,45464.27,45507.14,45233.59,45276.04,1262.25479
2022-04-06 08:00:00+00:00,45276.04,45399.28,45177.48,45366.85,1214.65814
2022-04-06 09:00:00+00:00,45366.85,45393.25,45205.01,45330.2,842.65329
2022-04-06 10:00:00+00:00,45330.19,45453.94,45008.02,45072.53,1997.85052
2022-04-06 11:00:00+00:00,45072.54,45114.27,44665.91,44819.19,3700.53654
2022-04-06 12:00:00+00:00,44819.19,44999.99,44670.01,44751.0,2355.35781
2022-04-06 13:00:00+00:00,44751.0,44965.83,44130.12,44165.9,4798.23749
2022-04-06 14:00:00+00:00,44165.9,44496.97,43769.17,44258.99,6039.95689
2022-04-06 15:00:00+00:00,44258.99,44305.39,43705.64,44168.35,3945.39906
2022-04-06 16:00:00+00:00,44168.36,44274.8,43566.01,43781.3,3986.53099
2022-04-06 17:00:00+00:00,43781.3,43940.38,43393.74,43815.28,3205.11503
2022-04-06 18:00:00+00:00,43815.28,44298.61,43177.11,43837.63,6483.66757
2022-04-06 19:00:00+00:00,43837.64,43973.01,43527.09,43754.57,2766.10858
2022-04-06 20:00:00+00:00,43754.56,44041.1,43725.34,43877.45,1353.94246
2022-04-06 21:00:00+00:00,43877.45,43999.0,43792.47,43845.82,977.96036
2022-04-06 22:00:00+00:00,43845.81,43865.27,43484.71,43511.33,1126.17817
2022-04-06 23:00:00+00:00,43511.33,43609.56,43121.0,43170.47,2146.73361
2022-04-07 00:00:00+00:00,43170.47,43559.09,42727.35,42894.3,3738.44955
2022-04-07 01:00:00+00:00,42894.3,43410.16,42868.81,43374.97,2224.9679
2022-04-07 02:00:00+00:00,43374.97,43430.0,43120.14,43350.91,1226.51086
2022-04-07 03:00:00+00:00,43350.92,43409.96,43157.0,43294.04,1255.75246
2022-04-07 04:00:00+00:00,43294.04,43494.48,43210.47,43395.57,1169.59279
2022-04-07 05:00:00+00:00,43395.57,43465.18,43225.0,43399.99,1217.55336
2022-04-07 06:00:00+00:00,43399.99,43497.63,43300.0,43380.94,929.11382
2022-04-07 07:00:00+00:00,43380.94,43545.74,43366.01,43445.33,1246.42515
2022-04-07 08:00:00+00:00,43445.34,43553.14,43421.31,43521.92,964.22773
2022-04-07 09:00:00+00:00,43521.92,43521.93,43269.5,43457.98,1191.87092
2022-04-07 10:00:00+00:00,43457.98,43484.27,43328.99,43409.73,954.90136
2022-04-07 11:00:00+00:00,43409.74,43834.52,43302.01,43766.74,2809.47051
2022-04-07 12:00:00+00:00,43766.75,43900.99,43551.74,43554.97,1631.63551
2022-04-07 13:00:00+00:00,43554.97,43683.86,43330.09,43659.98,2268.17802
2022-04-07 14:00:00+00:00,43659.98,43781.97,43352.98,43420.69,2109.61707
2022-04-07 15:00:00+00:00,43420.69,43572.81,43024.86,43331.81,2804.13397
2022-04-07 16:00:00+00:00,43331.82,43497.28,43266.68,43494.0,1567.91119
2022-04-07 17:00:00+00:00,43494.0,43695.12,43472.05,43657.68,1634.74431
2022-04-07 18:00:00+00:00,43657.68,43819.99,43514.01,43702.95,1635.98052
2022-04-07 19:00:00+00:00,43702.96,43772.52,43375.36,43388.92,1261.65436
2022-04-07 20:00:00+00:00,43388.93,43600.06,43376.23,43567.36,714.68054
2022-04-07 21:00:00+00:00,43567.35,43596.3,43208.0,43520.07,954.30979
2022-04-07 22:00:00+00:00,43520.07,43635.24,43466.64,43629.73,800.61276
2022-04-07 23:00:00+00:00,43629.72,43750.0,43425.22,43444.19,1084.24711
2022-04-08 00:00:00+00:00,43444.2,43527.36,43305.57,43327.46,1004.29322
2022-04-08 01:00:00+00:00,43327.47,43647.92,43310.0,43607.61,1021.10737
2022-04-08 02:00:00+00:00,43607.61,43694.15,43566.38,43615.63,772.47903
2022-04-08 03:00:00+00:00,43615.63,43691.83,43550.0,43605.96,547.45765
2022-04-08 04:00:00+00:00,43605.95,43659.83,43491.46,43543.02,509.97862
2022-04-08 05:00:00+00:00,43543.03,43678.2,43476.97,43654.3,659.14366
2022-04-08 06:00:00+00:00,43654.3,43672.53,43484.28,43573.45,1187.43884
2022-04-08 07:00:00+00:00,43573.45,43780.32,43416.74,43763.52,1556.4029
2022-04-08 08:00:00+00:00,43763.53,43970.62,43650.0,43700.33,2334.89149
2022-04-08 09:00:00+00:00,43700.33,43772.45,43499.83,43588.73,1233.32916
2022-04-08 10:00:00+00:00,43588.72,43621.85,43500.1,43558.51,887.95801
2022-04-08 11:00:00+00:00,43558.51,43561.37,43260.76,43298.79,1880.17355
2022-04-08 12:00:00+00:00,43298.79,43417.96,43079.05,43151.75,1713.44905
2022-04-08 13:00:00+00:00,43151.75,43193.9,42751.01,42906.67,3636.19827
2022-04-08 14:00:00+00:00,42906.66,43846.15,42888.8,43750.14,3948.19621
2022-04-08 15:00:00+00:00,43750.15,43961.99,43587.23,43648.01,2407.37189
2022-04-08 16:00:00+00:00,43648.01,43714.97,43395.9,43433.71,1490.41591
2022-04-08 17:00:00+00:00,43433.71,43457.18,42801.26,43004.38,3040.57954
2022-04-08 18:00:00+00:00,43004.37,43320.76,42414.0,42957.57,4995.30505
2022-04-08 19:00:00+00:00,42957.56,43192.67,42657.5,42730.84,1959.31305
2022-04-08 20:00:00+00:00,42730.84,42870.7,42532.96,42798.74,1269.49201
2022-04-08 21:00:00+00:00,42798.75,42862.06,42450.88,42563.36,997.61688
2022-04-08 22:00:00+00:00,42563.36,42660.03,42241.0,42300.99,1803.83308
2022-04-08 23:00:00+00:00,42300.98,42370.06,42107.14,42252.01,1518.61759
2022-04-09 00:00:00+00:00,42252.02,42455.66,42160.0,42435.02,1403.09674
2022-04-09 01:00:00+00:00,42435.03,42466.87,42294.33,42433.4,748.41319
2022-04-09 02:00:00+00:00,42433.4,42448.16,42160.63,42180.0,894.66743
2022-04-09 03:00:00+00:00,42180.0,42439.22,42125.48,42380.0,1000.62984
2022-04-09 04:00:00+00:00,42380.0,42560.99,42341.79,42406.82,849.16273
2022-04-09 05:00:00+00:00,42406.82,42640.0,42406.01,42586.04,721.25421
2022-04-09 06:00:00+00:00,42586.04,42601.84,42399.72,42440.0,606.86637
2022-04-09 07:00:00+00:00,42440.01,42515.0,42364.25,42481.09,596.68457
2022-04-09 08:00:00+00:00,42481.08,42509.04,42372.54,42463.51,594.39467
2022-04-09 09:00:00+00:00,42463.5,42485.44,42397.66,42443.11,475.82385
2022-04-09 10:00:00+00:00,42443.11,42485.44,42322.72,42480.56,584.01232
2022-04-09 11:00:00+00:00,42480.56,42540.0,42434.36,42445.1,580.5026
2022-04-09 12:00:00+00:00,42445.09,42522.44,42397.39,42506.35,707.57097
2022-04-09 13:00:00+00:00,42506.34,42519.29,42445.72,42456.86,576.5279
2022-04-09 14:00:00+00:00,42456.86,42500.2,42361.01,42460.0,892.78165
2022-04-09 15:00:00+00:00,42459.99,42466.91,42158.67,42260.77,1331.57722
2022-04-09 16:00:00+00:00,42253.02,42522.57,42183.6,42445.64,1228.98827
2022-04-09 17:00:00+00:00,42445.65,42613.8,42410.0,42575.67,694.01053
2022-04-09 18:00:00+00:00,42575.67,42631.69,42454.62,42467.82,436.61166
2022-04-09 19:00:00+00:00,42467.82,42583.9,42448.11,42511.94,609.0946
2022-04-09 20:00:00+00:00,42511.95,42638.0,42423.18,42423.18,419.45489
2022-04-09 21:00:00+00:00,42423.18,42584.49,42390.0,42558.06,425.13616
2022-04-09 22:00:00+00:00,42558.06,42634.88,42501.31,42543.42,439.09087
2022-04-09 23:00:00+00:00,42543.42,42800.0,42488.23,42753.97,1075.30723
2022-04-10 00:00:00+00:00,42753.96,42776.62,42591.0,42632.32,609.62172
2022-04-10 01:00:00+00:00,42632.31,42786.02,42597.9,42767.23,489.67289
2022-04-10 02:00:00+00:00,42767.22,42896.64,42731.1,42833.03,507.70146
2022-04-10 03:00:00+00:00,42833.03,42891.91,42775.74,42785.72,507.09099
2022-04-10 04:00:00+00:00,42785.72,42791.24,42706.35,42740.86,345.20871
2022-04-10 05:00:00+00:00,42740.86,42799.0,42650.0,42656.7,471.15811
2022-04-10 06:00:00+00:00,42656.7,42793.21,42645.5,42785.32,439.85009
2022-04-10 07:00:00+00:00,42785.33,42796.01,42575.4,42633.59,568.83472
2022-04-10 08:00:00+00:00,42633.59,42716.75,42564.2,42642.54,513.84297
2022-04-10 09:00:00+00:00,42642.55,42655.94,42489.01,42523.95,630.29251
2022-04-10 10:00:00+00:00,42523.94,42563.62,42433.49,42530.0,592.10781
2022-04-10 11:00:00+00:00,42530.0,42715.84,42517.01,42680.36,614.98094
2022-04-10 12:00:00+00:00,42680.35,42850.0,42525.0,42590.0,1188.11992
2022-04-10 13:00:00+00:00,42589.99,42663.68,42525.44,42575.53,563.57179
2022-04-10 14:00:00+00:00,42575.54,42748.08,42541.5,42698.38,647.81139
2022-04-10 15:00:00+00:00,42698.38,42776.77,42650.02,42747.47,651.20995
2022-04-10 16:00:00+00:00,42747.48,42799.0,42659.64,42784.43,745.74316
2022-04-10 17:00:00+00:00,42784.43,43310.15,42784.43,43103.62,2448.37291
2022-04-10 18:00:00+00:00,43103.61,43258.83,43080.0,43107.6,863.39192
2022-04-10 19:00:00+00:00,43107.61,43290.0,43075.0,43235.77,645.97898
2022-04-10 20:00:00+00:00,43235.77,43410.3,43101.19,43101.23,924.48097
2022-04-10 21:00:00+00:00,43101.23,43198.2,42654.93,42706.0,1103.88956
2022-04-10 22:00:00+00:00,42706.71,42740.88,41868.0,42111.94,4409.45383
2022-04-10 23:00:00+00:00,42111.93,42434.51,41980.28,42158.85,2288.70673
2022-04-11 00:00:00+00:00,42158.85,42394.71,41755.0,42303.26,2724.82272
2022-04-11 01:00:00+00:00,42303.26,42414.71,42153.06,42159.32,1029.59676
2022-04-11 02:00:00+00:00,42159.32,42225.77,41800.0,41929.34,3752.11732
2022-04-11 03:00:00+00:00,41929.33,42148.69,41828.74,42111.22,1326.16362
2022-04-11 04:00:00+00:00,42111.21,42283.45,42084.56,42259.43,989.29185
2022-04-11 05:00:00+00:00,42259.44,42312.75,42183.5,42287.6,830.96408
2022-04-11 06:00:00+00:00,42287.61,42340.09,42153.8,42250.0,824.20199
2022-04-11 07:00:00+00:00,42249.99,42350.29,42161.45,42305.75,963.65274
2022-04-11 08:00:00+00:00,42305.74,42350.0,42079.56,42200.0,1452.29216
2022-04-11 09:00:00+00:00,42200.0,42202.79,41392.8,41416.22,3808.12893
2022-04-11 10:00:00+00:00,41416.22,41646.55,41215.0,41595.99,4364.96597
2022-04-11 11:00:00+00:00,41595.98,41595.99,40968.11,41067.63,4229.29764
2022-04-11 12:00:00+00:00,41067.64,41246.61,40916.01,41145.46,2739.34023
2022-04-11 13:00:00+00:00,41145.45,41184.0,40684.8,41141.13,4059.87941
2022-04-11 14:00:00+00:00,41141.13,41220.9,40716.37,40803.87,2705.43168
2022-04-11 15:00:00+00:00,40803.86,40989.99,40560.0,40581.51,2062.3939
2022-04-11 16:00:00+00:00,40581.52,40832.55,40485.12,40764.79,3114.81231
2022-04-11 17:00:00+00:00,40764.79,40896.83,40250.0,40459.07,3270.42247
2022-04-11 18:00:00+00:00,40459.07,40520.45,40238.0,40509.98,1441.60443
2022-04-11 19:00:00+00:00,40509.97,40598.43,39770.35,39985.33,5230.21519
2022-04-11 20:00:00+00:00,39985.34,40269.6,39500.0,39838.26,4362.21223
2022-04-11 21:00:00+00:00,39838.26,39916.45,39275.68,39395.29,2737.45528
2022-04-11 22:00:00+00:00,39395.29,39978.62,39200.0,39766.39,3367.38574
2022-04-11 23:00:00+00:00,39766.39,39840.39,39372.35,39530.45,2173.79856
2022-04-12 00:00:00+00:00,39530.45,39852.95,39357.64,39544.31,3026.11925
2022-04-12 01:00:00+00:00,39544.32,39727.8,39408.16,39504.54,2077.08447
2022-04-12 02:00:00+00:00,39504.54,39550.48,39290.0,39490.0,1836.21963
2022-04-12 03:00:00+00:00,39489.99,39750.01,39478.73,39747.13,1654.82549
2022-04-12 04:00:00+00:00,39747.14,39950.0,39624.71,39921.19,2169.61794
2022-04-12 05:00:00+00:00,39921.18,40145.0,39870.71,40105.78,2447.21004
2022-04-12 06:00:00+00:00,40105.78,40186.36,39834.98,39935.23,2016.83778
2022-04-12 07:00:00+00:00,39935.24,40196.39,39866.31,40183.97,2746.76562
2022-04-12 08:00:00+00:00,40183.97,40344.6,40108.31,40182.03,2076.09475
2022-04-12 09:00:00+00:00,40182.02,40245.48,40016.09,40212.26,1472.44762
2022-04-12 10:00:00+00:00,40212.25,40273.24,40094.66,40149.99,1387.97695
2022-04-12 11:00:00+00:00,40150.0,40464.0,40105.0,40378.0,1985.98708
2022-04-12 12:00:00+00:00,40378.0,40699.0,40196.48,40618.37,5896.31434
2022-04-12 13:00:00+00:00,40618.37,40627.48,40154.99,40401.03,4269.32189
2022-04-12 14:00:00+00:00,40401.03,40436.31,39800.0,39990.39,3856.304
2022-04-12 15:00:00+00:00,39990.38,40370.0,39959.21,40179.13,2422.61727
2022-04-12 16:00:00+00:00,40179.12,40376.8,39922.98,40097.23,2470.46725
2022-04-12 17:00:00+00:00,40097.23,40227.03,39940.02,40014.72,1921.53762
2022-04-12 18:00:00+00:00,40014.71,40056.52,39632.0,39667.85,2529.40412
2022-04-12 19:00:00+00:00,39667.85,39721.7,39261.39,39303.1,3111.24907
2022-04-12 20:00:00+00:00,39303.1,39597.94,39254.63,39519.99,1716.66943
2022-04-12 21:00:00+00:00,39519.99,39750.15,39473.91,39693.79,1252.26075
2022-04-12 22:00:00+00:00,39693.8,39927.0,39555.51,39827.96,1626.56329
2022-04-12 23:00:00+00:00,39827.97,40289.02,39819.0,40074.94,1781.12213
2022-04-13 00:00:00+00:00,40074.95,40189.0,39892.43,39936.17,1168.21926
2022-04-13 01:00:00+00:00,39936.17,39936.17,39588.54,39882.9,1514.99829
2022-04-13 02:00:00+00:00,39882.9,40189.27,39706.19,40059.14,1295.7161
2022-04-13 03:00:00+00:00,40059.15,40275.0,40013.79,40076.05,954.46905
2022-04-13 04:00:00+00:00,40076.05,40142.6,39931.51,40134.51,672.83924
2022-04-13 05:00:00+00:00,40134.5,40211.9,40063.51,40187.9,763.44194
2022-04-13 06:00:00+00:00,40187.89,40228.41,39858.34,39958.45,984.30171
2022-04-13 07:00:00+00:00,39958.44,40226.07,39910.07,40130.0,1293.85167
2022-04-13 08:00:00+00:00,40129.99,40200.03,40005.0,40162.32,1092.54646
2022-04-13 09:00:00+00:00,40162.32,40212.75,40029.86,40079.99,918.60258
2022-04-13 10:00:00+00:00,40080.0,40142.11,39728.59,39808.11,1421.31832
2022-04-13 11:00:00+00:00,39808.1,39990.0,39656.1,39722.64,1437.29346
2022-04-13 12:00:00+00:00,39722.63,39935.3,39648.78,39700.01,1843.9893
2022-04-13 13:00:00+00:00,39700.01,40569.99,39622.87,40521.75,4002.65579
2022-04-13 14:00:00+00:00,40521.75,40957.0,40365.0,40642.1,4840.88732
2022-04-13 15:00:00+00:00,40642.1,41411.0,40640.0,41158.18,4436.77629
2022-04-13 16:00:00+00:00,41158.18,41347.69,40938.14,41005.58,2487.51173
2022-04-13 17:00:00+00:00,41005.59,41141.57,40829.0,41043.91,2550.19169
2022-04-13 18:00:00+00:00,41043.91,41374.2,40990.62,41363.01,1420.36184
2022-04-13 19:00:00+00:00,41363.01,41561.31,41024.49,41059.3,2088.3285
2022-04-13 20:00:00+00:00,41059.31,41319.86,41000.0,41241.16,1093.07359
2022-04-13 21:00:00+00:00,41241.17,41337.0,41080.01,41219.72,687.31731
2022-04-13 22:00:00+00:00,41219.73,41404.58,41151.71,41279.05,1099.34099
2022-04-13 23:00:00+00:00,41279.04,41340.0,41075.04,41147.79,1274.24011
2022-04-14 00:00:00+00:00,41147.78,41272.19,41064.35,41186.23,1275.32515
2022-04-14 01:00:00+00:00,41186.22,41500.0,41177.94,41470.01,1489.01258
2022-04-14 02:00:00+00:00,41470.0,41473.24,41347.58,41419.99,1016.68136
2022-04-14 03:00:00+00:00,41420.0,41450.0,41271.08,41320.0,1036.40448
2022-04-14 04:00:00+00:00,41320.0,41413.11,41230.56,41290.81,975.51404
2022-04-14 05:00:00+00:00,41290.81,41343.62,41242.97,41308.44,551.62149
2022-04-14 06:00:00+00:00,41308.45,41332.7,41161.12,41195.39,947.46841
2022-04-14 07:00:00+00:00,41195.39,41360.0,41156.9,41271.66,934.16859
2022-04-14 08:00:00+00:00,41271.66,41324.93,41165.0,41172.72,1020.29445
2022-04-14 09:00:00+00:00,41172.72,41218.7,40973.51,41186.69,1661.27352
2022-04-14 10:00:00+00:00,41186.7,41225.0,40941.69,40946.47,1601.70113
2022-04-14 11:00:00+00:00,40946.47,41070.76,40851.5,40919.99,1222.59425
2022-04-14 12:00:00+00:00,40919.99,41186.9,40873.66,41149.98,1754.23484
2022-04-14 13:00:00+00:00,41149.98,41300.0,40516.48,40605.62,3760.4247
2022-04-14 14:00:00+00:00,40605.63,40659.82,40310.41,40435.04,3552.21665
2022-04-14 15:00:00+00:00,40435.03,40483.66,39925.21,39964.02,3229.43185
2022-04-14 16:00:00+00:00,39964.01,40069.0,39772.58,39951.1,3049.26909
2022-04-14 17:00:00+00:00,39951.11,40060.05,39842.0,39986.83,1440.41784
2022-04-14 18:00:00+00:00,39986.84,40028.94,39626.06,39659.0,1719.77026
2022-04-14 19:00:00+00:00,39658.99,39847.79,39551.94,39775.82,1463.19751
2022-04-14 20:00:00+00:00,39775.81,39910.0,39662.46,39909.99,1191.67137
2022-04-14 21:00:00+00:00,39909.99,40000.0,39861.31,39970.0,629.27941
2022-04-14 22:00:00+00:00,39969.99,40017.26,39806.25,39843.71,877.56531
2022-04-14 23:00:00+00:00,39843.71,39946.94,39828.95,39942.38,407.47573
2022-04-15 00:00:00+00:00,39942.37,40180.0,39766.4,39859.99,1357.42561
2022-04-15 01:00:00+00:00,39859.99,39978.66,39833.87,39941.0,940.72787
2022-04-15 02:00:00+00:00,39941.01,40075.35,39909.06,40017.2,642.37189
2022-04-15 03:00:00+00:00,40017.19,40207.25,40000.0,40200.94,829.28757
2022-04-15 04:00:00+00:00,40200.95,40266.47,40062.61,40103.26,784.39545
2022-04-15 05:00:00+00:00,40103.25,40214.59,40081.41,40132.73,719.80807
2022-04-15 06:00:00+00:00,40132.74,40164.19,39967.72,40040.0,766.7563
2022-04-15 07:00:00+00:00,40040.0,40449.96,39953.2,40239.43,1858.30014
2022-04-15 08:00:00+00:00,40239.43,40396.59,40100.0,40153.97,1633.77665
2022-04-15 09:00:00+00:00,40153.98,40194.67,40036.06,40112.16,774.88876
2022-04-15 10:00:00+00:00,40112.17,40399.0,40087.47,40268.24,1032.42238
2022-04-15 11:00:00+00:00,40268.23,40363.01,40100.0,40220.0,870.47033
2022-04-15 12:00:00+00:00,40220.0,40258.26,40106.54,40149.99,754.45673
2022-04-15 13:00:00+00:00,40150.0,40234.81,40010.2,40039.87,1166.26078
2022-04-15 14:00:00+00:00,40039.87,40870.36,39900.0,40450.0,2711.56276
2022-04-15 15:00:00+00:00,40450.0,40578.16,40354.54,40412.2,1614.52281
2022-04-15 16:00:00+00:00,40412.21,40449.23,40203.68,40383.09,1206.55006
2022-04-15 17:00:00+00:00,40383.1,40650.01,40356.71,40436.01,1323.42996
2022-04-15 18:00:00+00:00,40436.01,40472.25,40360.14,40388.11,598.67288
2022-04-15 19:00:00+00:00,40388.11,40395.5,40276.0,40313.35,581.56669
2022-04-15 20:00:00+00:00,40313.35,40403.26,40281.35,40396.69,412.66455
2022-04-15 21:00:00+00:00,40396.7,40465.0,40362.37,40426.0,387.30679
2022-04-15 22:00:00+00:00,40425.99,40504.67,40341.12,40467.48,558.3651
2022-04-15 23:00:00+00:00,40467.48,40602.0,40420.0,40551.9,500.36726
2022-04-16 00:00:00+00:00,40551.9,40573.68,40468.25,40560.0,548.17832
2022-04-16 01:00:00+00:00,40560.0,40709.35,40525.67,40579.99,656.88441
2022-04-16 02:00:00+00:00,40579.99,40595.02,40499.7,40522.34,502.06116
2022-04-16 03:00:00+00:00,40522.34,40522.34,40410.75,40434.12,563.82673
2022-04-16 04:00:00+00:00,40434.11,40563.46,40417.29,40539.47,518.75393
2022-04-16 05:00:00+00:00,40539.46,40539.47,40373.91,40456.82,531.50506
2022-04-16 06:00:00+00:00,40456.82,40456.82,40367.5,40419.52,402.69155
2022-04-16 07:00:00+00:00,40419.52,40450.0,40353.54,40393.77,467.82541
2022-04-16 08:00:00+00:00,40393.77,40447.71,40344.92,40369.99,443.87433
2022-04-16 09:00:00+00:00,40370.0,40414.58,40277.0,40328.79,825.48297
2022-04-16 10:00:00+00:00,40328.8,40484.7,40310.05,40413.91,712.24734
2022-04-16 11:00:00+00:00,40413.91,40492.91,40390.55,40416.95,686.41342
2022-04-16 12:00:00+00:00,40416.94,40472.01,40341.83,40449.11,756.47976
2022-04-16 13:00:00+00:00,40449.1,40461.73,40377.0,40438.15,579.16652
2022-04-16 14:00:00+00:00,40438.16,40505.52,40400.0,40493.32,497.09589
2022-04-16 15:00:00+00:00,40493.31,40577.57,39991.55,40062.68,2329.14942
2022-04-16 16:00:00+00:00,40062.67,40236.01,40005.78,40203.33,763.54151
2022-04-16 17:00:00+00:00,40203.33,40236.01,40096.4,40153.0,447.04961
2022-04-16 18:00:00+00:00,40152.99,40197.42,40106.98,40183.9,305.51699
2022-04-16 19:00:00+00:00,40183.91,40250.0,40170.0,40210.0,442.46418
2022-04-16 20:00:00+00:00,40210.01,40394.39,40185.45,40280.0,415.06685
2022-04-16 21:00:00+00:00,40280.0,40600.0,40280.0,40485.28,703.25763
2022-04-16 22:00:00+00:00,40485.28,40699.55,40392.5,40405.86,1271.72769
2022-04-16 23:00:00+00:00,40405.85,40499.0,40360.11,40378.71,435.1865
2022-04-17 00:00:00+00:00,40378.7,40413.14,40300.84,40374.13,505.34015
2022-04-17 01:00:00+00:00,40374.13,40423.0,40326.87,40387.43,240.24556
2022-04-17 02:00:00+00:00,40387.44,40387.44,40122.05,40166.93,693.66937
2022-04-17 03:00:00+00:00,40166.93,40295.0,40124.99,40230.86,434.99368
2022-04-17 04:00:00+00:00,40230.87,40340.0,40226.55,40282.58,291.55063
2022-04-17 05:00:00+00:00,40282.58,40430.0,40253.1,40364.48,325.65266
2022-04-17 06:00:00+00:00,40364.47,40391.71,40311.66,40323.16,358.55481
2022-04-17 07:00:00+00:00,40323.15,40359.74,40234.79,40285.15,337.17292
2022-04-17 08:00:00+00:00,40285.15,40424.01,40280.0,40390.16,573.226
2022-04-17 09:00:00+00:00,40390.15,40529.79,40390.15,40419.82,688.77151
2022-04-17 10:00:00+00:00,40419.82,40461.64,40377.77,40412.88,396.17757
2022-04-17 11:00:00+00:00,40412.89,40485.0,40363.6,40464.77,502.42203
2022-04-17 12:00:00+00:00,40464.77,40490.88,40366.98,40421.72,437.96495
2022-04-17 13:00:00+00:00,40421.72,40595.67,40250.02,40306.56,1647.94177
2022-04-17 14:00:00+00:00,40306.53,40421.15,40200.0,40359.19,804.50541
2022-04-17 15:00:00+00:00,40359.19,40485.82,40321.92,40445.3,645.51978
2022-04-17 16:00:00+00:00,40445.3,40476.07,40125.89,40200.01,996.43042
2022-04-17 17:00:00+00:00,40200.0,40276.0,40050.0,40101.72,926.98236
2022-04-17 18:00:00+00:00,40101.72,40160.0,39833.31,40119.99,1660.56701
2022-04-17 19:00:00+00:00,40119.99,40450.0,40087.19,40370.46,1028.90747
2022-04-17 20:00:00+00:00,40370.46,40459.52,40232.62,40263.19,734.27847
2022-04-17 21:00:00+00:00,40263.19,40285.56,40127.0,40208.14,587.11214
2022-04-17 22:00:00+00:00,40208.15,40340.22,39932.66,40000.0,1788.05433
2022-04-17 23:00:00+00:00,39999.99,40002.97,39546.17,39678.12,3382.45159
2022-04-18 00:00:00+00:00,39678.11,39784.98,39580.05,39732.92,1597.81786
2022-04-18 01:00:00+00:00,39732.92,39828.62,39667.63,39752.13,936.15216
2022-04-18 02:00:00+00:00,39752.13,39838.45,39721.24,39796.91,836.6054
2022-04-18 03:00:00+00:00,39796.91,39896.98,39743.64,39813.17,694.52326
2022-04-18 04:00:00+00:00,39813.17,39847.24,38673.18,38819.06,5910.36415
2022-04-18 05:00:00+00:00,38819.07,38986.2,38536.51,38922.21,2664.91735
2022-04-18 06:00:00+00:00,38922.21,39070.05,38883.88,38980.39,1252.17316
2022-04-18 07:00:00+00:00,38980.4,39068.96,38791.73,38919.85,1801.61014
2022-04-18 08:00:00+00:00,38919.85,39064.97,38851.57,38874.87,1140.00086
2022-04-18 09:00:00+00:00,38874.87,38990.89,38799.0,38976.39,1362.37489
2022-04-18 10:00:00+00:00,38976.39,39138.49,38920.62,38923.98,1290.77413
2022-04-18 11:00:00+00:00,38923.98,39107.99,38923.98,38998.54,1136.99587
2022-04-18 12:00:00+00:00,38998.54,39529.77,38998.54,39400.02,2598.94732
2022-04-18 13:00:00+00:00,39400.01,39620.8,39233.13,39326.13,3524.72302
2022-04-18 14:00:00+00:00,39326.13,39569.92,39302.15,39340.0,2647.31019
2022-04-18 15:00:00+00:00,39340.0,39370.0,39122.78,39254.5,1857.04882
2022-04-18 16:00:00+00:00,39254.5,39622.15,39000.0,39464.46,2649.34546
2022-04-18 17:00:00+00:00,39464.46,40370.8,39463.21,40211.03,6018.08022
2022-04-18 18:00:00+00:00,40211.03,41116.73,40211.03,40646.01,6382.58595
2022-04-18 19:00:00+00:00,40646.01,40747.02,40421.67,40680.68,2392.74189
2022-04-18 20:00:00+00:00,40680.68,40909.08,40632.51,40664.26,1637.34137
2022-04-18 21:00:00+00:00,40664.25,41099.0,40664.25,40801.3,1731.3162
2022-04-18 22:00:00+00:00,40801.29,40949.93,40710.0,40923.74,976.57394
2022-04-18 23:00:00+00:00,40923.75,40972.77,40721.25,40801.13,1203.17214
2022-04-19 00:00:00+00:00,40801.13,41263.43,40792.45,40880.79,2760.44917
2022-04-19 01:00:00+00:00,40880.79,40935.96,40699.09,40750.05,829.52749
2022-04-19 02:00:00+00:00,40750.05,40764.92,40601.0,40611.0,943.03519
2022-04-19 03:00:00+00:00,40611.01,40790.85,40609.3,40693.79,1045.17887
2022-04-19 04:00:00+00:00,40693.79,40883.99,40658.15,40864.27,894.52211
2022-04-19 05:00:00+00:00,40864.27,40877.5,40649.15,40660.96,644.4931
2022-04-19 06:00:00+00:00,40660.96,40805.69,40660.96,40711.6,696.79506
2022-04-19 07:00:00+00:00,40711.61,40750.0,40571.0,40683.14,1022.86614
2022-04-19 08:00:00+00:00,40683.13,40854.82,40666.9,40725.91,939.91756
2022-04-19 09:00:00+00:00,40725.91,40768.42,40580.0,40665.4,1032.06058
2022-04-19 10:00:00+00:00,40665.4,40815.87,40636.74,40795.62,1102.04205
2022-04-19 11:00:00+00:00,40795.61,41026.89,40665.05,40687.3,1361.26984
2022-04-19 12:00:00+00:00,40687.3,41104.0,40662.26,40975.11,1843.39091
2022-04-19 13:00:00+00:00,40975.12,41472.34,40841.65,41451.52,4784.33766
2022-04-19 14:00:00+00:00,41451.52,41687.14,41380.5,41565.91,3945.51147
2022-04-19 15:00:00+00:00,41565.92,41760.0,41371.81,41445.87,2627.42342
2022-04-19 16:00:00+00:00,41445.88,41546.63,41236.55,41342.26,2102.87183
2022-04-19 17:00:00+00:00,41342.25,41370.01,41167.92,41345.63,1420.25709
2022-04-19 18:00:00+00:00,41345.63,41503.76,41312.31,41400.55,1132.24277
2022-04-19 19:00:00+00:00,41400.56,41547.65,41362.02,41417.24,1340.95499
2022-04-19 20:00:00+00:00,41417.23,41417.25,41212.94,41293.15,1157.40014
2022-04-19 21:00:00+00:00,41293.15,41391.24,41260.0,41313.07,609.70504
2022-04-19 22:00:00+00:00,41313.08,41460.52,41265.86,41395.39,702.11
2022-04-19 23:00:00+00:00,41395.38,41539.9,41395.38,41493.18,850.49595
2022-04-20 00:00:00+00:00,41493.19,41541.23,41250.26,41295.37,1226.31947
2022-04-20 01:00:00+00:00,41295.37,41385.72,41229.96,41351.39,647.12059
2022-04-20 02:00:00+00:00,41351.39,41399.0,41311.69,41372.13,875.53208
2022-04-20 03:00:00+00:00,41372.13,41394.75,41296.01,41386.14,892.34588
2022-04-20 04:00:00+00:00,41386.14,41396.67,41261.58,41337.09,892.73771
2022-04-20 05:00:00+00:00,41337.09,41446.28,41290.0,41443.99,1146.59102
2022-04-20 06:00:00+00:00,41443.99,41472.34,41383.02,41472.34,909.11247
2022-04-20 07:00:00+00:00,41472.33,41631.47,41291.88,41340.05,1793.86028
2022-04-20 08:00:00+00:00,41340.04,41520.0,41302.02,41477.51,1178.59868
2022-04-20 09:00:00+00:00,41477.52,41720.0,41452.54,41540.01,1401.51165
2022-04-20 10:00:00+00:00,41540.01,41892.89,41448.35,41821.38,2889.19698
2022-04-20 11:00:00+00:00,41821.37,42199.0,41712.76,42090.0,3650.31306
2022-04-20 12:00:00+00:00,42090.01,42173.38,41943.55,42102.57,2209.03836
2022-04-20 13:00:00+00:00,42102.57,42110.07,41388.11,41591.55,3905.962
2022-04-20 14:00:00+00:00,41591.54,41756.49,41509.01,41549.13,2558.77015
2022-04-20 15:00:00+00:00,41549.13,41559.99,41054.1,41261.73,3504.19188
2022-04-20 16:00:00+00:00,41261.72,41438.51,41037.11,41371.85,2082.0607
2022-04-20 17:00:00+00:00,41371.85,41452.46,41283.61,41370.25,1341.44451
2022-04-20 18:00:00+00:00,41370.26,41370.26,40820.0,40965.95,2102.38273
2022-04-20 19:00:00+00:00,40965.94,41269.79,40938.06,41193.89,1609.14556
2022-04-20 20:00:00+00:00,41193.89,41434.88,41140.0,41413.27,1222.81044
2022-04-20 21:00:00+00:00,41413.27,41645.09,41371.33,41496.45,1087.8581
2022-04-20 22:00:00+00:00,41496.45,41616.89,41431.0,41467.66,1005.58613
2022-04-20 23:00:00+00:00,41467.65,41483.53,41286.53,41358.19,744.85998
2022-04-21 00:00:00+00:00,41358.19,41569.04,41320.47,41528.1,1090.87219
2022-04-21 01:00:00+00:00,41528.1,41785.48,41468.61,41674.49,1373.61786
2022-04-21 02:00:00+00:00,41674.48,41723.84,41567.42,41623.24,903.41797
2022-04-21 03:00:00+00:00,41623.24,41711.71,41551.68,41693.58,861.17131
2022-04-21 04:00:00+00:00,41693.58,41750.0,41525.0,41610.01,1138.64337
2022-04-21 05:00:00+00:00,41610.01,41699.0,41434.44,41462.76,1229.25936
2022-04-21 06:00:00+00:00,41462.75,41600.0,41419.2,41522.38,1049.71244
2022-04-21 07:00:00+00:00,41522.38,41940.0,41451.0,41855.69,1928.48091
2022-04-21 08:00:00+00:00,41855.69,42050.3,41741.1,41922.97,2518.0409
2022-04-21 09:00:00+00:00,41922.96,41971.9,41743.96,41803.7,1655.76993
2022-04-21 10:00:00+00:00,41803.7,42470.0,41782.71,42254.13,4751.6616
2022-04-21 11:00:00+00:00,42254.13,42690.0,42240.0,42440.0,3535.31476
2022-04-21 12:00:00+00:00,42440.01,42779.99,42343.97,42666.02,3379.88615
2022-04-21 13:00:00+00:00,42666.03,42976.0,42607.6,42693.0,4401.61058
2022-04-21 14:00:00+00:00,42693.0,42708.27,42415.63,42498.41,2706.33571
2022-04-21 15:00:00+00:00,42498.41,42568.75,42085.65,42135.33,3509.94007
2022-04-21 16:00:00+00:00,42135.34,42184.04,41814.92,41814.92,2864.46072
2022-04-21 17:00:00+00:00,41814.92,41927.56,41487.58,41554.0,3225.02027
2022-04-21 18:00:00+00:00,41554.0,41670.21,41393.68,41462.09,1936.30782
2022-04-21 19:00:00+00:00,41462.1,41555.16,41207.22,41218.81,2372.25302
2022-04-21 20:00:00+00:00,41218.82,41309.67,40541.56,40609.25,4030.09473
2022-04-21 21:00:00+00:00,40609.26,40846.14,40557.32,40726.46,1535.30332
2022-04-21 22:00:00+00:00,40726.46,40815.6,39751.0,40412.01,5472.90173
2022-04-21 23:00:00+00:00,40412.0,40561.63,40323.58,40480.01,1846.19985
2022-04-22 00:00:00+00:00,40480.01,40658.19,40232.63,40427.23,2936.59285
2022-04-22 01:00:00+00:00,40427.23,40565.22,40312.91,40501.22,1741.23287
2022-04-22 02:00:00+00:00,40501.23,40638.98,40425.31,40486.19,1476.82464
2022-04-22 03:00:00+00:00,40486.19,40634.49,40447.16,40502.11,1198.29783
2022-04-22 04:00:00+00:00,40502.1,40635.0,40458.12,40628.73,951.05621
2022-04-22 05:00:00+00:00,40628.74,40730.15,40596.69,40669.26,1307.07653
2022-04-22 06:00:00+00:00,40669.26,40795.06,40625.94,40678.09,964.70904
2022-04-22 07:00:00+00:00,40678.1,40788.19,40293.0,40709.59,2736.35765
2022-04-22 08:00:00+00:00,40709.6,40783.54,40352.69,40407.33,1922.06783
2022-04-22 09:00:00+00:00,40407.33,40476.63,40200.0,40298.26,1989.30313
2022-04-22 10:00:00+00:00,40298.26,40498.0,40138.03,40459.92,1644.75512
2022-04-22 11:00:00+00:00,40459.92,40600.0,40429.67,40585.54,1162.36968
2022-04-22 12:00:00+00:00,40585.54,40618.69,40362.06,40409.49,1190.06478
2022-04-22 13:00:00+00:00,40409.48,40640.0,40050.0,40244.96,3660.30415
2022-04-22 14:00:00+00:00,40244.96,40448.31,39804.72,39867.0,3796.87953
2022-04-22 15:00:00+00:00,39866.99,40012.7,39320.02,39433.6,5080.01325
2022-04-22 16:00:00+00:00,39433.6,39531.43,39177.0,39382.8,3376.0452
2022-04-22 17:00:00+00:00,39382.79,39536.51,39296.2,39340.61,1617.7215
2022-04-22 18:00:00+00:00,39340.61,39652.26,39203.52,39525.29,2113.77894
2022-04-22 19:00:00+00:00,39525.28,39786.62,39418.95,39502.92,2082.05792
2022-04-22 20:00:00+00:00,39502.92,39624.52,39401.0,39623.54,1050.80485
2022-04-22 21:00:00+00:00,39623.53,39710.0,39541.59,39615.22,776.51445
2022-04-22 22:00:00+00:00,39615.22,39750.0,39433.73,39711.22,1055.61156
2022-04-22 23:00:00+00:00,39711.22,39835.23,39663.12,39709.18,833.58009
2022-04-23 00:00:00+00:00,39709.19,39872.64,39557.21,39566.45,1225.3945
2022-04-23 01:00:00+00:00,39566.46,39699.0,39564.14,39608.78,679.47072
2022-04-23 02:00:00+00:00,39608.78,39611.31,39429.31,39495.49,701.84
2022-04-23 03:00:00+00:00,39495.48,39553.01,39406.25,39463.02,817.71652
2022-04-23 04:00:00+00:00,39463.01,39567.6,39285.0,39533.62,1329.06777
2022-04-23 05:00:00+00:00,39533.62,39627.18,39508.36,39570.0,836.01507
2022-04-23 06:00:00+00:00,39570.0,39687.77,39549.21,39588.25,776.46869
2022-04-23 07:00:00+00:00,39588.25,39654.24,39551.59,39600.98,685.7774
2022-04-23 08:00:00+00:00,39600.98,39686.64,39535.05,39639.22,715.38987
2022-04-23 09:00:00+00:00,39639.21,39653.96,39501.41,39520.82,707.0954
2022-04-23 10:00:00+00:00,39520.82,39661.37,39520.81,39600.28,910.92404
2022-04-23 11:00:00+00:00,39600.28,39684.0,39580.0,39602.93,813.41329
2022-04-23 12:00:00+00:00,39602.93,39777.77,39535.22,39695.13,1111.22549
2022-04-23 13:00:00+00:00,39695.12,39797.37,39642.79,39703.86,1143.72614
2022-04-23 14:00:00+00:00,39703.86,39758.93,39645.0,39715.31,574.13078
2022-04-23 15:00:00+00:00,39715.31,39820.62,39664.1,39792.65,810.04111
2022-04-23 16:00:00+00:00,39792.65,39980.0,39715.96,39828.68,1703.93767
2022-04-23 17:00:00+00:00,39828.68,39832.89,39710.02,39815.89,744.22201
2022-04-23 18:00:00+00:00,39815.88,39839.99,39658.09,39683.92,501.91997
2022-04-23 19:00:00+00:00,39683.91,39777.03,39666.02,39755.32,466.97089
2022-04-23 20:00:00+00:00,39755.31,39822.95,39748.74,39794.24,461.52787
2022-04-23 21:00:00+00:00,39794.23,39948.27,39778.93,39895.0,428.53398
2022-04-23 22:00:00+00:00,39895.01,39928.04,39786.08,39816.37,460.78042
2022-04-23 23:00:00+00:00,39816.36,39820.81,39327.58,39441.6,1685.83415
2022-04-24 00:00:00+00:00,39441.61,39654.56,39414.18,39560.56,1009.3371
2022-04-24 01:00:00+00:00,39560.55,39637.93,39467.7,39476.23,894.9606
2022-04-24 02:00:00+00:00,39476.22,39606.1,39420.11,39539.62,683.83461
2022-04-24 03:00:00+00:00,39539.62,39828.0,39511.57,39776.57,1149.06776
2022-04-24 04:00:00+00:00,39776.56,39815.42,39656.86,39703.67,646.45634
2022-04-24 05:00:00+00:00,39703.68,39720.98,39629.99,39667.21,426.64912
2022-04-24 06:00:00+00:00,39667.21,39800.01,39649.0,39744.43,796.42452
2022-04-24 07:00:00+00:00,39744.42,39810.02,39725.97,39751.38,543.98132
2022-04-24 08:00:00+00:00,39751.38,39803.74,39714.0,39723.88,464.8501
2022-04-24 09:00:00+00:00,39723.88,39779.26,39662.48,39750.11,504.12721
2022-04-24 10:00:00+00:00,39750.11,39784.66,39642.07,39695.42,503.43748
2022-04-24 11:00:00+00:00,39695.42,39720.0,39544.91,39609.11,744.59011
2022-04-24 12:00:00+00:00,39609.11,39660.0,39525.49,39582.37,802.98939
2022-04-24 13:00:00+00:00,39582.38,39636.12,39351.58,39579.7,1903.34386
2022-04-24 14:00:00+00:00,39579.7,39940.0,39371.46,39752.4,2319.75715
2022-04-24 15:00:00+00:00,39752.4,39842.64,39632.92,39656.49,1012.54675
2022-04-24 16:00:00+00:00,39656.49,39782.34,38929.62,39490.01,4493.65295
2022-04-24 17:00:00+00:00,39490.0,39531.52,39138.21,39421.19,2298.9675
2022-04-24 18:00:00+00:00,39421.18,39699.98,39408.61,39661.57,1073.09004
2022-04-24 19:00:00+00:00,39661.56,39807.94,39633.78,39703.74,1140.16508
2022-04-24 20:00:00+00:00,39703.74,39728.55,39469.32,39500.0,954.21607
2022-04-24 21:00:00+00:00,39499.99,39646.35,39454.62,39633.37,612.27148
2022-04-24 22:00:00+00:00,39633.37,39771.6,39530.0,39548.32,980.39238
2022-04-24 23:00:00+00:00,39548.31,39584.87,39426.01,39450.13,744.50294
2022-04-25 00:00:00+00:00,39450.12,39500.84,38674.0,38855.47,4228.78013
2022-04-25 01:00:00+00:00,38855.47,39154.38,38747.51,39095.81,2336.46392
2022-04-25 02:00:00+00:00,39095.81,39153.94,38961.64,39091.17,1205.51583
2022-04-25 03:00:00+00:00,39091.17,39294.76,39086.37,39253.71,1443.33178
2022-04-25 04:00:00+00:00,39253.7,39256.28,39055.71,39139.74,896.85541
2022-04-25 05:00:00+00:00,39139.74,39230.5,38947.42,38975.22,1057.48997
2022-04-25 06:00:00+00:00,38975.21,39057.97,38590.0,38636.35,2814.97162
2022-04-25 07:00:00+00:00,38636.35,38675.68,38200.0,38453.92,4738.63889
2022-04-25 08:00:00+00:00,38453.92,38578.84,38375.0,38418.06,2061.37
2022-04-25 09:00:00+00:00,38418.06,38636.86,38209.36,38588.2,1919.44107
2022-04-25 10:00:00+00:00,38588.2,38663.27,38400.0,38426.02,1341.76982
2022-04-25 11:00:00+00:00,38426.02,38947.89,38335.95,38832.29,3329.51776
2022-04-25 12:00:00+00:00,38832.29,39009.83,38743.92,38802.63,2125.40642
2022-04-25 13:00:00+00:00,38802.64,39299.0,38629.06,38735.61,4808.50742
2022-04-25 14:00:00+00:00,38735.61,39420.0,38578.6,39060.88,5175.0585
2022-04-25 15:00:00+00:00,39060.89,39390.03,38925.01,38976.76,3275.16997
2022-04-25 16:00:00+00:00,38976.76,39665.35,38911.57,39469.64,4300.19796
2022-04-25 17:00:00+00:00,39469.65,39574.42,39351.49,39394.92,2369.39553
2022-04-25 18:00:00+00:00,39394.93,40358.17,39297.61,39887.03,4173.81336
2022-04-25 19:00:00+00:00,39887.04,40384.61,39765.83,40225.97,4286.36176
2022-04-25 20:00:00+00:00,40225.98,40324.5,40046.34,40185.34,1678.94883
2022-04-25 21:00:00+00:00,40185.34,40249.93,40069.55,40227.58,609.73303
2022-04-25 22:00:00+00:00,40227.57,40616.0,40141.92,40346.97,1590.76407
2022-04-25 23:00:00+00:00,40346.97,40570.0,40242.65,40426.08,1269.62479
2022-04-26 00:00:00+00:00,40426.08,40773.65,40387.55,40554.7,2178.73925
2022-04-26 01:00:00+00:00,40554.71,40625.0,40450.0,40474.99,1274.43079
2022-04-26 02:00:00+00:00,40474.98,40596.45,40374.23,40524.32,1174.1217
2022-04-26 03:00:00+00:00,40524.32,40640.78,40490.45,40535.29,1119.51751
2022-04-26 04:00:00+00:00,40535.29,40620.0,40488.8,40560.01,888.62583
2022-04-26 05:00:00+00:00,40560.01,40690.47,40521.57,40589.58,1149.09977
2022-04-26 06:00:00+00:00,40589.58,40616.02,40435.72,40524.27,1739.08993
2022-04-26 07:00:00+00:00,40524.27,40656.93,40375.01,40584.5,1656.91332
2022-04-26 08:00:00+00:00,40584.5,40797.31,40444.3,40511.94,1791.78634
2022-04-26 09:00:00+00:00,40511.93,40534.74,40328.9,40382.28,1599.62868
2022-04-26 10:00:00+00:00,40382.29,40457.22,40325.03,40372.0,973.61049
2022-04-26 11:00:00+00:00,40372.0,40579.32,40229.41,40467.03,1649.78231
2022-04-26 12:00:00+00:00,40467.03,40625.0,40187.55,40286.35,2059.75856
2022-04-26 13:00:00+00:00,40286.36,40348.51,39792.43,39823.53,4780.67798
2022-04-26 14:00:00+00:00,39823.52,39823.78,39222.67,39274.4,5781.09647
2022-04-26 15:00:00+00:00,39274.4,39361.21,38550.0,38563.94,6041.6679
2022-04-26 16:00:00+00:00,38563.94,38886.51,38342.11,38667.14,6587.82295
2022-04-26 17:00:00+00:00,38667.14,38676.77,38000.18,38399.09,5627.56135
2022-04-26 18:00:00+00:00,38399.09,38473.96,38214.86,38408.86,2573.00415
2022-04-26 19:00:00+00:00,38408.86,38577.77,37842.49,38270.03,5384.53831
2022-04-26 20:00:00+00:00,38270.03,38423.85,37713.31,38129.14,4679.12721
2022-04-26 21:00:00+00:00,38129.14,38444.12,38028.46,38330.02,1356.22492
2022-04-26 22:00:00+00:00,38330.03,38463.4,38159.97,38221.01,1364.06271
2022-04-26 23:00:00+00:00,38221.0,38268.46,37702.26,38112.65,3219.36957
2022-04-27 00:00:00+00:00,38112.64,38261.17,37881.31,38179.53,2328.07957
2022-04-27 01:00:00+00:00,38179.53,38323.01,38166.4,38310.79,1573.20453
2022-04-27 02:00:00+00:00,38310.79,38444.8,38269.4,38426.55,1132.1303
2022-04-27 03:00:00+00:00,38426.56,38486.87,38326.44,38343.18,1150.34402
2022-04-27 04:00:00+00:00,38343.17,38460.0,38311.3,38410.93,1122.80363
2022-04-27 05:00:00+00:00,38410.93,38570.01,38372.3,38410.13,929.14733
2022-04-27 06:00:00+00:00,38410.13,38703.98,38401.17,38646.71,1422.85312
2022-04-27 07:00:00+00:00,38646.71,39113.72,38599.15,39112.74,3062.1694
2022-04-27 08:00:00+00:00,39113.06,39221.65,38694.6,38980.0,4542.00057
2022-04-27 09:00:00+00:00,38980.01,39107.64,38823.66,39053.68,1969.45221
2022-04-27 10:00:00+00:00,39053.69,39146.08,38955.47,39108.57,1331.45062
2022-04-27 11:00:00+00:00,39108.58,39119.1,38645.42,39017.19,2505.86769
2022-04-27 12:00:00+00:00,39017.19,39139.17,38862.48,38893.18,2654.31448
2022-04-27 13:00:00+00:00,38893.19,39474.72,38774.93,39344.7,5294.57623
2022-04-27 14:00:00+00:00,39344.69,39409.99,38435.95,38672.62,6521.53965
2022-04-27 15:00:00+00:00,38672.62,39141.86,38635.91,39005.76,4629.44553
2022-04-27 16:00:00+00:00,39005.77,39309.0,38918.43,39191.58,3302.86668
2022-04-27 17:00:00+00:00,39191.59,39260.48,38959.96,39109.99,2764.64899
2022-04-27 18:00:00+00:00,39109.99,39189.47,38750.48,38785.71,2072.2832
2022-04-27 19:00:00+00:00,38785.72,38915.38,38668.2,38858.26,2333.47935
2022-04-27 20:00:00+00:00,38858.27,39270.12,38831.73,39099.99,2098.57245
2022-04-27 21:00:00+00:00,39100.0,39399.99,39081.73,39221.97,827.47953
2022-04-27 22:00:00+00:00,39221.97,39270.0,38991.4,39074.34,884.4857
2022-04-27 23:00:00+00:00,39074.35,39290.81,39056.41,39235.72,629.92794
2022-04-28 00:00:00+00:00,39235.72,39455.0,39152.96,39385.87,1321.56279
2022-04-28 01:00:00+00:00,39385.87,39689.49,39178.11,39230.01,2191.17797
2022-04-28 02:00:00+00:00,39230.01,39472.54,39161.08,39429.1,1222.02594
2022-04-28 03:00:00+00:00,39429.1,39522.2,39323.64,39342.07,1761.4992
2022-04-28 04:00:00+00:00,39342.06,39400.0,39260.76,39388.5,813.40127
2022-04-28 05:00:00+00:00,39388.51,39436.73,39226.49,39321.03,785.56374
2022-04-28 06:00:00+00:00,39321.02,39436.93,39280.66,39415.45,811.11269
2022-04-28 07:00:00+00:00,39415.46,39660.0,39382.99,39385.01,1830.86783
2022-04-28 08:00:00+00:00,39385.01,39788.53,39359.63,39634.27,2399.0206
2022-04-28 09:00:00+00:00,39634.26,39882.38,39634.26,39773.98,2277.87713
2022-04-28 10:00:00+00:00,39773.99,39829.99,39599.96,39714.94,1325.64833
2022-04-28 11:00:00+00:00,39714.94,39765.9,39613.92,39679.31,915.49313
2022-04-28 12:00:00+00:00,39679.31,39865.1,39517.0,39560.12,2160.94944
2022-04-28 13:00:00+00:00,39560.13,39567.23,39052.63,39094.46,4467.90859
2022-04-28 14:00:00+00:00,39094.46,39398.78,38881.43,39287.09,3831.2603
2022-04-28 15:00:00+00:00,39287.09,40300.0,39088.84,39438.01,8976.11062
2022-04-28 16:00:00+00:00,39438.12,40127.0,39314.05,39899.44,4605.83883
2022-04-28 17:00:00+00:00,39899.43,40288.49,39860.01,40283.72,3465.95837
2022-04-28 18:00:00+00:00,40283.71,40372.63,40052.51,40083.32,2318.66324
2022-04-28 19:00:00+00:00,40083.32,40234.11,39918.0,39983.77,2201.77355
2022-04-28 20:00:00+00:00,39983.77,40216.27,39734.53,39870.0,3155.80915
2022-04-28 21:00:00+00:00,39870.0,39987.99,39761.52,39853.02,854.03598
2022-04-28 22:00:00+00:00,39853.02,39875.01,39606.92,39794.89,1537.53769
2022-04-28 23:00:00+00:00,39794.89,39853.28,39666.66,39742.07,855.57512
2022-04-29 00:00:00+00:00,39742.06,39869.28,39675.46,39845.0,1133.07982
2022-04-29 01:00:00+00:00,39844.99,39925.25,39769.98,39820.48,1087.33563
2022-04-29 02:00:00+00:00,39820.47,39831.85,39457.13,39522.12,1776.65661
2022-04-29 03:00:00+00:00,39522.12,39557.87,39286.01,39533.01,1777.88524
2022-04-29 04:00:00+00:00,39533.02,39598.3,39368.97,39542.94,1436.13149
2022-04-29 05:00:00+00:00,39542.94,39641.3,39481.45,39501.26,1154.06913
2022-04-29 06:00:00+00:00,39501.26,39574.05,39374.12,39459.0,1099.61828
2022-04-29 07:00:00+00:00,39459.0,39624.64,39413.45,39610.14,1336.83822
2022-04-29 08:00:00+00:00,39610.14,39634.12,39394.58,39410.22,1410.25162
2022-04-29 09:00:00+00:00,39410.22,39410.23,39070.38,39147.85,2349.04135
2022-04-29 10:00:00+00:00,39147.86,39243.54,38666.1,38805.41,2926.26292
2022-04-29 11:00:00+00:00,38805.4,38944.25,38616.46,38749.54,2496.75599
2022-04-29 12:00:00+00:00,38749.54,39136.02,38634.52,38916.71,2870.99782
2022-04-29 13:00:00+00:00,38916.72,39406.37,38800.0,39277.05,4306.93222
2022-04-29 14:00:00+00:00,39277.06,39323.86,38801.84,38958.44,3817.47257
2022-04-29 15:00:00+00:00,38958.44,39144.0,38846.24,39004.86,2781.06336
2022-04-29 16:00:00+00:00,39004.87,39078.3,38435.42,38522.33,4837.25824
2022-04-29 17:00:00+00:00,38522.32,38736.13,38467.15,38642.24,2404.26408
2022-04-29 18:00:00+00:00,38642.25,38673.27,38335.92,38543.11,2572.71039
2022-04-29 19:00:00+00:00,38543.11,38609.73,38175.0,38331.54,3763.64774
2022-04-29 20:00:00+00:00,38331.55,38584.0,38310.9,38564.44,1993.04933
2022-04-29 21:00:00+00:00,38564.38,38649.99,38450.47,38560.15,795.6983
2022-04-29 22:00:00+00:00,38560.14,38635.29,38430.03,38608.63,658.46652
2022-04-29 23:00:00+00:00,38608.63,38665.36,38555.98,38596.11,668.17028
2022-04-30 00:00:00+00:00,38596.11,38795.38,38551.12,38639.95,1150.93059
2022-04-30 01:00:00+00:00,38639.96,38764.26,38630.0,38701.96,722.99954
2022-04-30 02:00:00+00:00,38701.96,38772.56,38656.17,38692.99,819.77555
2022-04-30 03:00:00+00:00,38693.0,38706.11,38586.65,38656.37,591.45664
2022-04-30 04:00:00+00:00,38656.37,38699.63,38493.52,38553.36,851.41207
2022-04-30 05:00:00+00:00,38553.35,38778.79,38523.28,38703.01,857.1785
2022-04-30 06:00:00+00:00,38703.01,38734.63,38646.69,38701.11,639.14028
2022-04-30 07:00:00+00:00,38701.11,38746.15,38634.24,38650.34,867.42132
2022-04-30 08:00:00+00:00,38650.35,38688.72,38536.66,38577.06,1542.29491
2022-04-30 09:00:00+00:00,38577.07,38644.03,38540.98,38622.5,881.80886
2022-04-30 10:00:00+00:00,38622.51,38658.72,38564.46,38566.49,804.5226
2022-04-30 11:00:00+00:00,38566.49,38636.21,38563.4,38580.01,727.99685
2022-04-30 12:00:00+00:00,38580.0,38610.0,38525.34,38536.23,767.52198
2022-04-30 13:00:00+00:00,38536.23,38638.24,38501.0,38506.33,1275.79399
2022-04-30 14:00:00+00:00,38506.32,38638.38,38211.0,38258.27,4427.80048
2022-04-30 15:00:00+00:00,38258.27,38529.98,38156.04,38466.56,2450.1886
2022-04-30 16:00:00+00:00,38466.56,38610.15,38404.29,38426.31,1799.91996
2022-04-30 17:00:00+00:00,38426.31,38448.25,38201.78,38286.36,2674.01195
2022-04-30 18:00:00+00:00,38286.35,38353.69,38203.32,38345.82,1087.94608
2022-04-30 19:00:00+00:00,38345.82,38499.0,38303.34,38466.83,1007.10894
2022-04-30 20:00:00+00:00,38466.82,38466.83,38282.08,38326.45,676.71369
2022-04-30 21:00:00+00:00,38326.45,38370.84,38248.66,38301.14,591.0789
2022-04-30 22:00:00+00:00,38301.13,38370.0,38160.0,38250.44,1376.34685
2022-04-30 23:00:00+00:00,38250.43,38277.77,37578.2,37630.8,6729.82076
2022-05-01 00:00:00+00:00,37630.8,37806.79,37500.0,37680.67,2313.83572
2022-05-01 01:00:00+00:00,37680.66,38077.1,37386.38,37937.07,2622.65157
2022-05-01 02:00:00+00:00,37937.07,38053.68,37771.81,37817.79,1081.24561
2022-05-01 03:00:00+00:00,37817.78,38064.39,37801.52,38041.44,966.5385
2022-05-01 04:00:00+00:00,38041.44,38063.41,37885.3,37948.39,1405.77554
2022-05-01 05:00:00+00:00,37948.39,38165.12,37899.21,38060.05,2186.4064
2022-05-01 06:00:00+00:00,38060.06,38149.92,37950.0,37952.66,1033.8288
2022-05-01 07:00:00+00:00,37952.67,37999.0,37897.2,37970.27,1379.16792
2022-05-01 08:00:00+00:00,37970.27,38058.46,37924.13,38031.51,805.63863
2022-05-01 09:00:00+00:00,38031.51,38056.59,37866.62,37974.54,764.61621
2022-05-01 10:00:00+00:00,37974.55,38094.16,37951.64,38026.25,808.54641
2022-05-01 11:00:00+00:00,38026.24,38057.97,37903.7,37942.78,858.40103
2022-05-01 12:00:00+00:00,37942.78,38030.0,37841.9,37969.99,1049.30301
2022-05-01 13:00:00+00:00,37969.99,38026.85,37915.49,37922.85,620.23453
2022-05-01 14:00:00+00:00,37922.84,38022.65,37891.9,37991.17,1110.63058
2022-05-01 15:00:00+00:00,37991.17,38641.46,37981.14,38490.0,3629.17873
2022-05-01 16:00:00+00:00,38490.01,38675.0,38390.79,38504.49,2185.17012
2022-05-01 17:00:00+00:00,38504.49,38595.0,38370.0,38382.47,1289.1108
2022-05-01 18:00:00+00:00,38382.47,38417.48,37913.15,37934.91,2445.37601
2022-05-01 19:00:00+00:00,37934.9,38009.73,37750.0,37807.87,2107.59599
2022-05-01 20:00:00+00:00,37807.87,38349.98,37686.26,38313.23,1694.68393
2022-05-01 21:00:00+00:00,38313.23,38439.76,38083.07,38342.63,1581.42898
2022-05-01 22:00:00+00:00,38342.63,38574.5,38089.84,38306.63,2649.14143
2022-05-01 23:00:00+00:00,38306.63,38630.0,38241.37,38468.35,2223.73459
2022-05-02 00:00:00+00:00,38468.35,38810.73,38448.84,38672.88,2460.83144
2022-05-02 01:00:00+00:00,38672.88,38739.49,38487.91,38493.58,1149.05327
2022-05-02 02:00:00+00:00,38493.57,38654.54,38376.38,38621.62,1369.64886
2022-05-02 03:00:00+00:00,38621.62,38723.06,38621.62,38674.1,1052.89223
2022-05-02 04:00:00+00:00,38674.11,39122.77,38600.03,38975.11,2117.50358
2022-05-02 05:00:00+00:00,38975.11,39037.5,38881.19,39008.71,1589.33152
2022-05-02 06:00:00+00:00,39008.71,39167.34,38923.56,38926.11,1441.76394
2022-05-02 07:00:00+00:00,38926.11,39041.81,38826.7,38881.47,1379.2485
2022-05-02 08:00:00+00:00,38881.46,38996.84,38782.29,38922.16,1765.85866
2022-05-02 09:00:00+00:00,38922.16,39075.0,38772.81,38780.01,1243.4326
2022-05-02 10:00:00+00:00,38780.0,38866.04,38653.77,38711.88,1331.67926
2022-05-02 11:00:00+00:00,38711.87,38762.76,38482.41,38528.77,1858.15894
2022-05-02 12:00:00+00:00,38528.78,38705.0,38422.92,38500.41,1530.2497
2022-05-02 13:00:00+00:00,38500.42,39155.47,38242.51,38910.0,7532.50985
2022-05-02 14:00:00+00:00,38916.27,39104.02,38606.21,38840.0,6534.61749
2022-05-02 15:00:00+00:00,38840.0,38901.37,38605.71,38696.05,2520.98223
2022-05-02 16:00:00+00:00,38696.05,38868.88,38519.56,38551.0,2409.60287
2022-05-02 17:00:00+00:00,38550.99,38610.16,38193.66,38370.56,2585.95603
2022-05-02 18:00:00+00:00,38370.56,38454.31,38052.0,38209.49,3182.97637
2022-05-02 19:00:00+00:00,38209.5,38584.63,38152.81,38563.38,2996.22114
2022-05-02 20:00:00+00:00,38563.39,38614.81,38305.06,38316.36,1096.86055
2022-05-02 21:00:00+00:00,38316.36,38770.0,38280.76,38639.67,1315.62981
2022-05-02 22:00:00+00:00,38639.67,38908.56,38572.32,38591.04,1390.19759
2022-05-02 23:00:00+00:00,38591.03,38747.46,38458.9,38525.16,1345.71985
2022-05-03 00:00:00+00:00,38525.16,38573.82,38384.6,38410.01,1405.58114
2022-05-03 01:00:00+00:00,38410.0,38518.12,38358.0,38518.03,1089.59244
2022-05-03 02:00:00+00:00,38518.04,38609.27,38317.06,38404.99,1351.53465
2022-05-03 03:00:00+00:00,38404.99,38625.0,38396.06,38521.64,1195.63997
2022-05-03 04:00:00+00:00,38521.63,38561.1,38450.0,38501.06,867.48442
2022-05-03 05:00:00+00:00,38501.06,38544.39,38385.67,38526.52,969.37978
2022-05-03 06:00:00+00:00,38526.53,38579.77,38443.66,38470.79,974.56399
2022-05-03 07:00:00+00:00,38470.8,38569.62,38420.53,38559.99,1197.6237
2022-05-03 08:00:00+00:00,38559.99,38651.51,38530.0,38530.01,1080.30246
2022-05-03 09:00:00+00:00,38530.0,38568.69,38440.42,38454.54,1022.77054
2022-05-03 10:00:00+00:00,38454.55,38475.03,38363.63,38421.33,1013.45453
2022-05-03 11:00:00+00:00,38421.33,38570.01,38261.16,38570.01,2169.77953
2022-05-03 12:00:00+00:00,38570.01,38607.09,38416.81,38446.62,1222.31276
2022-05-03 13:00:00+00:00,38446.63,38475.0,38152.0,38364.82,3346.89297
2022-05-03 14:00:00+00:00,38364.82,38480.02,38173.16,38278.7,2524.66193
2022-05-03 15:00:00+00:00,38278.69,38420.0,38214.38,38326.36,1739.08407
2022-05-03 16:00:00+00:00,38326.37,38396.05,38050.0,38149.23,2461.67997
2022-05-03 17:00:00+00:00,38149.24,38315.0,38052.0,38052.01,1633.08513
2022-05-03 18:00:00+00:00,38052.0,38052.01,37570.5,37763.78,5697.76699
2022-05-03 19:00:00+00:00,37763.79,37786.32,37517.8,37717.49,2597.5227
2022-05-03 20:00:00+00:00,37717.5,37879.99,37530.01,37785.8,1420.97968
2022-05-03 21:00:00+00:00,37785.79,38036.46,37625.93,37795.58,1446.66315
2022-05-03 22:00:00+00:00,37795.59,37880.0,37730.0,37739.69,952.00281
2022-05-03 23:00:00+00:00,37739.68,37763.68,37632.54,37728.95,936.09427
2022-05-04 00:00:00+00:00,37728.95,37943.66,37670.0,37902.06,1198.37701
2022-05-04 01:00:00+00:00,37902.06,37995.06,37872.83,37888.01,905.29317
2022-05-04 02:00:00+00:00,37888.02,38050.0,37882.37,37962.62,895.27606
2022-05-04 03:00:00+00:00,37962.62,38100.0,37961.83,38013.62,1034.6628
2022-05-04 04:00:00+00:00,38013.62,38094.07,37944.25,37998.69,718.0778
2022-05-04 05:00:00+00:00,37998.7,38136.0,37970.0,38091.4,1087.92617
2022-05-04 06:00:00+00:00,38091.4,38436.74,38082.85,38409.2,2539.42064
2022-05-04 07:00:00+00:00,38409.2,38757.27,38303.9,38701.32,5129.01115
2022-05-04 08:00:00+00:00,38701.32,39100.0,38670.0,38968.53,4011.26324
2022-05-04 09:00:00+00:00,38968.53,39088.0,38813.45,38884.13,2967.08993
2022-05-04 10:00:00+00:00,38884.13,39066.44,38850.37,38995.84,1834.68713
2022-05-04 11:00:00+00:00,38995.84,39047.96,38867.29,39002.3,1472.57657
2022-05-04 12:00:00+00:00,39002.31,39182.0,38860.31,38964.28,2641.9744
2022-05-04 13:00:00+00:00,38964.29,39097.01,38691.5,38712.06,2375.76976
2022-05-04 14:00:00+00:00,38712.05,38876.34,38658.96,38786.21,2464.9989
2022-05-04 15:00:00+00:00,38786.22,39091.13,38718.53,38973.2,2243.92571
2022-05-04 16:00:00+00:00,38973.2,39475.0,38868.15,39189.99,3675.07925
2022-05-04 17:00:00+00:00,39189.99,39249.99,38811.28,38985.3,2995.38887
2022-05-04 18:00:00+00:00,38985.31,39800.0,38590.97,39617.08,12007.23476
2022-05-04 19:00:00+00:00,39617.08,40023.77,39534.68,39859.22,5118.12031
2022-05-04 20:00:00+00:00,39859.23,39942.35,39753.98,39811.15,1576.92621
2022-05-04 21:00:00+00:00,39811.16,39891.12,39714.1,39741.08,967.44747
2022-05-04 22:00:00+00:00,39741.08,39774.6,39678.0,39681.81,1123.51725
2022-05-04 23:00:00+00:00,39681.8,39735.28,39614.54,39690.0,1590.5728
2022-05-05 00:00:00+00:00,39690.0,39743.47,39536.66,39661.34,1779.74058
2022-05-05 01:00:00+00:00,39661.35,39708.96,39600.0,39629.7,1173.62234
2022-05-05 02:00:00+00:00,39629.71,39798.09,39554.46,39773.33,1487.13236
2022-05-05 03:00:00+00:00,39773.32,39773.33,39673.01,39729.41,993.42354
2022-05-05 04:00:00+00:00,39729.4,39764.7,39678.97,39752.93,667.46685
2022-05-05 05:00:00+00:00,39752.93,39845.51,39568.43,39602.65,1260.5589
2022-05-05 06:00:00+00:00,39602.65,39689.93,39534.02,39549.28,1018.68906
2022-05-05 07:00:00+00:00,39549.28,39619.94,39516.92,39588.84,1028.20748
2022-05-05 08:00:00+00:00,39588.85,39629.85,39444.01,39482.98,1185.5092
2022-05-05 09:00:00+00:00,39482.98,39560.0,39407.17,39485.25,982.55894
2022-05-05 10:00:00+00:00,39485.25,39619.37,39456.02,39513.66,1313.98027
2022-05-05 11:00:00+00:00,39513.67,39576.0,39451.42,39492.83,1024.50753
2022-05-05 12:00:00+00:00,39492.84,39545.66,39455.34,39503.95,1256.24239
2022-05-05 13:00:00+00:00,39503.96,39503.96,38960.53,38992.54,4140.28447
2022-05-05 14:00:00+00:00,38992.53,39053.69,38090.29,38209.0,9350.98056
2022-05-05 15:00:00+00:00,38209.01,38220.88,36514.29,36909.67,20886.39771
2022-05-05 16:00:00+00:00,36909.67,37322.0,36784.87,37036.55,8019.20947
2022-05-05 17:00:00+00:00,37036.55,37162.48,36770.05,36816.56,4067.6427
2022-05-05 18:00:00+00:00,36816.55,36852.65,36001.0,36387.03,8490.56166
2022-05-05 19:00:00+00:00,36386.83,36390.0,35571.9,36316.0,10383.49886
2022-05-05 20:00:00+00:00,36316.01,36477.71,36132.85,36466.44,3130.2055
2022-05-05 21:00:00+00:00,36466.44,36600.0,36328.8,36458.58,1797.64214
2022-05-05 22:00:00+00:00,36458.58,36495.0,36211.89,36238.63,1455.11242
2022-05-05 23:00:00+00:00,36238.62,36600.0,36238.62,36552.97,1829.25862
2022-05-06 00:00:00+00:00,36552.97,36675.63,36290.0,36373.41,1902.4684
2022-05-06 01:00:00+00:00,36373.42,36406.33,36163.44,36311.56,1571.87355
2022-05-06 02:00:00+00:00,36311.57,36553.33,36311.56,36433.4,1891.82188
2022-05-06 03:00:00+00:00,36433.41,36474.6,36360.31,36461.82,1038.05498
2022-05-06 04:00:00+00:00,36461.81,36472.91,36287.46,36435.42,1090.06777
2022-05-06 05:00:00+00:00,36435.43,36509.69,36381.56,36501.45,1246.5782
2022-05-06 06:00:00+00:00,36501.46,36550.0,36393.12,36409.12,994.10719
2022-05-06 07:00:00+00:00,36409.12,36448.0,35833.01,36371.94,6194.23548
2022-05-06 08:00:00+00:00,36371.94,36514.63,36163.92,36218.08,2431.69974
2022-05-06 09:00:00+00:00,36218.07,36432.16,36169.39,36406.54,1315.44494
2022-05-06 10:00:00+00:00,36406.54,36426.52,35793.81,35944.81,2433.5599
2022-05-06 11:00:00+00:00,35944.82,36128.31,35587.1,35780.84,4030.8727
2022-05-06 12:00:00+00:00,35780.83,36339.26,35688.6,35826.22,5544.11513
2022-05-06 13:00:00+00:00,35826.22,36063.72,35258.0,35747.51,9334.99281
2022-05-06 14:00:00+00:00,35747.51,36246.49,35637.21,36140.18,9080.25783
2022-05-06 15:00:00+00:00,36140.17,36436.2,35950.0,36004.34,4301.90684
2022-05-06 16:00:00+00:00,36004.33,36235.29,35928.48,36218.01,3508.87788
2022-05-06 17:00:00+00:00,36218.02,36239.4,35848.13,35896.43,2674.8658
2022-05-06 18:00:00+00:00,35896.42,36100.0,35834.03,35940.01,2014.33399
2022-05-06 19:00:00+00:00,35940.0,36151.79,35841.63,36001.35,2695.40864
2022-05-06 20:00:00+00:00,36001.34,36113.89,35863.59,36082.53,873.96055
2022-05-06 21:00:00+00:00,36082.53,36102.4,35894.91,35959.47,644.42578
2022-05-06 22:00:00+00:00,35959.47,36072.57,35881.55,35999.24,940.44475
2022-05-06 23:00:00+00:00,35999.23,36116.81,35999.23,36013.77,683.42714
2022-05-07 00:00:00+00:00,36013.77,36077.98,35945.0,35995.93,848.16112
2022-05-07 01:00:00+00:00,35995.94,36045.21,35918.67,36017.05,763.4522
2022-05-07 02:00:00+00:00,36017.06,36030.0,35936.28,35953.64,691.2886
2022-05-07 03:00:00+00:00,35953.63,35959.99,35760.0,35812.21,950.37032
2022-05-07 04:00:00+00:00,35812.22,35882.67,35725.72,35746.63,1038.35464
2022-05-07 05:00:00+00:00,35746.62,35900.0,35722.24,35898.95,897.23593
2022-05-07 06:00:00+00:00,35898.96,35909.75,35790.02,35806.27,890.85528
2022-05-07 07:00:00+00:00,35806.28,35961.05,35800.0,35921.6,1485.78602
2022-05-07 08:00:00+00:00,35921.6,36069.01,35879.96,36015.01,1371.14032
2022-05-07 09:00:00+00:00,36015.0,36060.83,35965.14,35986.05,836.27782
2022-05-07 10:00:00+00:00,35986.04,36144.0,35955.17,36087.43,1178.4637
2022-05-07 11:00:00+00:00,36087.44,36146.3,35999.99,36055.86,1003.23062
2022-05-07 12:00:00+00:00,36055.86,36055.86,35970.09,36033.4,967.04985
2022-05-07 13:00:00+00:00,36033.4,36049.42,35866.0,35900.74,1503.22605
2022-05-07 14:00:00+00:00,35900.73,35995.99,35882.1,35962.96,711.79511
2022-05-07 15:00:00+00:00,35962.96,36085.5,35946.19,35962.47,728.02159
2022-05-07 16:00:00+00:00,35962.47,35979.42,35885.01,35965.83,607.53671
2022-05-07 17:00:00+00:00,35965.83,35965.84,35865.89,35886.31,574.35299
2022-05-07 18:00:00+00:00,35886.31,35997.14,35869.79,35896.35,636.48154
2022-05-07 19:00:00+00:00,35896.35,35925.62,35852.06,35876.36,569.3068
2022-05-07 20:00:00+00:00,35876.37,35876.37,35752.35,35785.69,1780.79166
2022-05-07 21:00:00+00:00,35785.69,35820.91,35000.0,35026.37,4828.39846
2022-05-07 22:00:00+00:00,35026.37,35328.47,34785.0,35046.06,5308.12687
2022-05-07 23:00:00+00:00,35046.07,35769.69,35015.53,35472.39,4112.00262
2022-05-08 00:00:00+00:00,35472.4,35514.22,35071.97,35107.02,2609.76893
2022-05-08 01:00:00+00:00,35107.02,35237.33,34690.5,34824.17,4195.88615
2022-05-08 02:00:00+00:00,34824.18,34925.5,34315.78,34575.77,7462.50016
2022-05-08 03:00:00+00:00,34575.76,34634.52,34210.0,34480.24,6890.02533
2022-05-08 04:00:00+00:00,34480.23,34678.97,34397.46,34400.81,3035.06811
2022-05-08 05:00:00+00:00,34400.81,34477.39,34318.46,34449.15,1790.10229
2022-05-08 06:00:00+00:00,34449.14,34952.5,34449.14,34778.1,2296.80627
2022-05-08 07:00:00+00:00,34778.09,34906.04,34579.17,34596.55,2077.9545
2022-05-08 08:00:00+00:00,34596.55,34729.79,34501.57,34664.04,1855.4627
2022-05-08 09:00:00+00:00,34664.05,34705.9,34520.32,34571.29,1433.55239
2022-05-08 10:00:00+00:00,34571.29,34799.71,34515.45,34730.95,2124.18139
2022-05-08 11:00:00+00:00,34730.94,34870.88,34715.94,34786.24,1586.89476
2022-05-08 12:00:00+00:00,34786.25,34843.01,34600.0,34627.6,1636.5561
2022-05-08 13:00:00+00:00,34627.59,34679.83,34361.0,34371.16,3521.0681
2022-05-08 14:00:00+00:00,34371.16,34586.62,34301.01,34450.84,2194.42226
2022-05-08 15:00:00+00:00,34450.83,34594.07,34350.0,34357.92,1897.28592
2022-05-08 16:00:00+00:00,34357.91,34550.0,34312.0,34383.19,2106.57974
2022-05-08 17:00:00+00:00,34383.18,34389.1,33713.95,34068.7,10331.77785
2022-05-08 18:00:00+00:00,34068.7,34629.53,33821.5,34515.54,3341.3983
2022-05-08 19:00:00+00:00,34515.54,34763.34,34488.92,34587.64,1867.20792
2022-05-08 20:00:00+00:00,34587.64,34640.0,34216.54,34229.76,2425.53128
2022-05-08 21:00:00+00:00,34229.75,34476.35,34229.75,34460.7,1336.45092
2022-05-08 22:00:00+00:00,34460.7,34479.28,34031.54,34275.27,2190.42821
2022-05-08 23:00:00+00:00,34275.27,34289.52,33930.0,34038.4,2238.73386
2022-05-09 00:00:00+00:00,34038.39,34231.72,33986.57,34142.51,2960.7945
2022-05-09 01:00:00+00:00,34142.5,34243.15,34022.76,34053.61,2180.04167
2022-05-09 02:00:00+00:00,34053.6,34068.44,33267.26,33496.16,11986.08765
2022-05-09 03:00:00+00:00,33496.16,33823.52,33363.06,33563.15,5650.98008
2022-05-09 04:00:00+00:00,33563.15,33838.42,33520.57,33648.89,1767.05822
2022-05-09 05:00:00+00:00,33648.9,33731.6,33462.06,33510.6,1757.12156
2022-05-09 06:00:00+00:00,33510.6,33593.27,33340.29,33571.73,2535.33027
2022-05-09 07:00:00+00:00,33571.74,33749.45,33504.73,33523.27,2346.64721
2022-05-09 08:00:00+00:00,33523.27,33759.78,33150.0,33671.42,4424.49156
2022-05-09 09:00:00+00:00,33671.42,33777.0,33423.0,33501.69,2730.51195
2022-05-09 10:00:00+00:00,33501.68,33547.0,32650.39,32822.22,11779.786999
2022-05-09 11:00:00+00:00,32822.21,33180.24,32663.82,33122.31,5843.43339
2022-05-09 12:00:00+00:00,33122.31,33134.28,32812.85,32858.81,4725.67078
2022-05-09 13:00:00+00:00,32858.82,33424.21,32733.46,33036.38,11628.38875
2022-05-09 14:00:00+00:00,33037.29,33068.28,32420.0,32455.61,8665.028394
2022-05-09 15:00:00+00:00,32455.61,32676.23,32061.29,32341.53,9734.989182
2022-05-09 16:00:00+00:00,32341.53,32588.2,31581.11,31692.1,12422.224935
2022-05-09 17:00:00+00:00,31692.09,31982.22,31000.0,31268.1,20015.338306
2022-05-09 18:00:00+00:00,31268.1,31454.13,30334.07,30786.98,20390.518224
2022-05-09 19:00:00+00:00,30786.97,31101.83,30369.85,30944.82,13028.93575
2022-05-09 20:00:00+00:00,30940.62,31899.99,30635.89,30954.25,13515.94823
2022-05-09 21:00:00+00:00,30954.25,31542.35,30758.19,30835.14,6972.44514
2022-05-09 22:00:00+00:00,30835.15,31340.66,30646.54,31087.89,5703.53028
2022-05-09 23:00:00+00:00,31087.88,31220.62,30033.33,30076.31,9111.623398
2022-05-10 00:00:00+00:00,30074.23,30991.44,29730.4,30800.11,17431.98576
2022-05-10 01:00:00+00:00,30800.11,31463.42,30662.15,30888.81,11708.46301
2022-05-10 02:00:00+00:00,30888.8,31402.04,30777.14,31041.99,7959.36565
2022-05-10 03:00:00+00:00,31041.99,31182.78,30625.0,30642.55,6084.48924
2022-05-10 04:00:00+00:00,30642.55,31350.0,30600.0,31219.46,6497.08804
2022-05-10 05:00:00+00:00,31219.46,31983.86,31206.6,31827.87,8317.62771
2022-05-10 06:00:00+00:00,31827.87,32658.99,31810.6,32080.02,10314.40819
2022-05-10 07:00:00+00:00,32080.01,32204.08,31605.69,31609.78,7111.53673
2022-05-10 08:00:00+00:00,31609.79,32016.66,31540.72,31749.81,6650.62935
2022-05-10 09:00:00+00:00,31749.81,31932.36,31313.13,31397.69,7805.10016
2022-05-10 10:00:00+00:00,31397.68,31575.7,31240.0,31305.27,5537.9658
2022-05-10 11:00:00+00:00,31305.27,31828.24,31249.09,31622.24,6008.72445
2022-05-10 12:00:00+00:00,31622.24,32311.22,31518.17,32158.11,6745.55651
2022-05-10 13:00:00+00:00,32158.12,32383.8,31540.0,31815.77,8226.83831
2022-05-10 14:00:00+00:00,31815.76,32194.66,30819.98,31085.34,9228.22969
2022-05-10 15:00:00+00:00,31085.33,31536.12,30860.0,31320.0,7643.09814
2022-05-10 16:00:00+00:00,31320.0,31447.97,30962.9,31217.91,4764.02134
2022-05-10 17:00:00+00:00,31217.92,31805.15,31198.37,31682.51,4322.2892
2022-05-10 18:00:00+00:00,31683.41,31787.59,31415.75,31624.51,2879.03488
2022-05-10 19:00:00+00:00,31624.52,31700.0,31205.39,31330.03,3110.36285
2022-05-10 20:00:00+00:00,31330.0,31353.43,30914.56,31009.27,2343.29073
2022-05-10 21:00:00+00:00,31009.28,31152.28,30239.04,30239.04,4488.31707
2022-05-10 22:00:00+00:00,30239.04,30948.83,30147.78,30785.18,6497.01416
2022-05-10 23:00:00+00:00,30785.18,31260.97,30691.34,31017.1,3856.56614
2022-05-11 00:00:00+00:00,31017.11,31348.91,30802.28,31043.78,4163.64281
2022-05-11 01:00:00+00:00,31043.79,31093.31,30695.09,30768.31,2440.49431
2022-05-11 02:00:00+00:00,30768.31,31545.19,30626.22,31479.82,4519.48708
2022-05-11 03:00:00+00:00,31479.82,31691.89,31157.77,31205.96,3183.23114
2022-05-11 04:00:00+00:00,31205.95,31398.24,31049.25,31218.02,3472.08749
2022-05-11 05:00:00+00:00,31218.01,31888.85,31077.32,31438.77,6991.9709
2022-05-11 06:00:00+00:00,31438.77,31522.44,30351.09,30498.04,6771.75859
2022-05-11 07:00:00+00:00,30498.04,30808.64,30200.0,30614.99,12280.57439
2022-05-11 08:00:00+00:00,30614.99,31419.88,30376.61,31406.8,9587.78125
2022-05-11 09:00:00+00:00,31406.79,31789.47,31089.81,31755.24,7029.05259
2022-05-11 10:00:00+00:00,31755.25,32162.59,31579.44,31843.87,6445.07347
2022-05-11 11:00:00+00:00,31843.87,31906.53,31467.35,31533.15,5039.74841
2022-05-11 12:00:00+00:00,31533.14,31785.51,29039.54,29329.3,28246.619757
2022-05-11 13:00:00+00:00,29329.3,31888.77,29150.67,31231.96,28613.98381
2022-05-11 14:00:00+00:00,31228.05,32000.0,30700.0,31811.78,16265.83667
2022-05-11 15:00:00+00:00,31811.78,31850.0,30783.74,30977.61,7541.84291
2022-05-11 16:00:00+00:00,30977.61,31131.58,30206.3,30327.19,5657.92082
2022-05-11 17:00:00+00:00,30327.2,30380.0,29402.0,29924.38,8436.15417
2022-05-11 18:00:00+00:00,29924.38,30266.1,29750.0,29915.9,4928.23052
2022-05-11 19:00:00+00:00,29915.9,30046.0,29190.0,29372.22,5061.3382
2022-05-11 20:00:00+00:00,29372.21,29652.63,28200.0,28486.14,9983.986074
2022-05-11 21:00:00+00:00,28499.94,29361.19,27785.0,29117.98,9992.763567
2022-05-11 22:00:00+00:00,29117.98,29358.58,28537.73,28863.11,6822.59727
2022-05-11 23:00:00+00:00,28863.12,29130.36,28629.4,29103.94,3587.56308
2022-05-12 00:00:00+00:00,29103.94,30243.0,28963.61,29831.35,8385.16757
2022-05-12 01:00:00+00:00,29831.36,30018.2,29113.01,29227.17,5398.89417
2022-05-12 02:00:00+00:00,29227.18,29474.29,28691.5,28809.82,7273.30511
2022-05-12 03:00:00+00:00,28809.83,29000.01,28367.07,28406.15,7690.3325
2022-05-12 04:00:00+00:00,28406.15,28478.7,27113.0,27793.62,18762.45474
2022-05-12 05:00:00+00:00,27793.63,27867.97,26700.0,27128.94,19603.254308
2022-05-12 06:00:00+00:00,27128.93,27999.73,26973.28,27114.84,14726.67283
2022-05-12 07:00:00+00:00,27114.84,28643.93,26750.0,28193.4,21433.68996
2022-05-12 08:00:00+00:00,28193.4,28323.9,27477.7,28112.8,10474.28206
2022-05-12 09:00:00+00:00,28112.81,28535.07,27906.64,28061.73,7016.58804
2022-05-12 10:00:00+00:00,28061.74,28929.85,27750.0,28622.32,7442.23889
2022-05-12 11:00:00+00:00,28622.31,29294.0,28325.0,28472.98,7086.66545
2022-05-12 12:00:00+00:00,28472.98,28777.28,27955.0,28506.3,6607.15895
2022-05-12 13:00:00+00:00,28506.3,28891.0,27902.95,28208.31,8011.80828
2022-05-12 14:00:00+00:00,28208.32,29672.35,27970.82,29580.94,10217.30276
2022-05-12 15:00:00+00:00,29580.94,29813.0,29018.94,29021.27,8833.36733
2022-05-12 16:00:00+00:00,29021.26,29967.03,28928.58,29701.1,8843.03004
2022-05-12 17:00:00+00:00,29708.84,29763.41,28536.41,28648.87,5818.21765
2022-05-12 18:00:00+00:00,28648.86,28812.06,28186.74,28352.18,4091.54693
2022-05-12 19:00:00+00:00,28352.19,28897.19,28286.56,28641.15,4004.1161
2022-05-12 20:00:00+00:00,28640.0,28982.48,28500.0,28617.1,2729.0306
2022-05-12 21:00:00+00:00,28614.38,28623.38,28001.0,28445.2,2776.6068
2022-05-12 22:00:00+00:00,28445.2,28843.7,28344.98,28821.52,3446.31937
2022-05-12 23:00:00+00:00,28824.1,29300.0,28821.2,29029.75,3835.2127
2022-05-13 00:00:00+00:00,29029.74,29605.0,28751.67,29545.39,4778.69819
2022-05-13 01:00:00+00:00,29545.38,29747.7,29255.25,29522.93,3986.91116
2022-05-13 02:00:00+00:00,29522.94,30225.02,29420.01,30140.97,6633.08826
2022-05-13 03:00:00+00:00,30140.98,30800.0,30025.0,30582.54,7075.86497
2022-05-13 04:00:00+00:00,30582.54,30624.77,30266.92,30471.6,3680.05664
2022-05-13 05:00:00+00:00,30471.59,31083.37,30425.85,30532.64,6509.45949
2022-05-13 06:00:00+00:00,30531.19,30690.0,30327.56,30390.75,2924.42294
2022-05-13 07:00:00+00:00,30390.76,30513.12,30154.24,30171.13,4502.19123
2022-05-13 08:00:00+00:00,30171.13,30459.15,30171.13,30335.38,3012.60834
2022-05-13 09:00:00+00:00,30335.38,30767.38,30333.33,30442.54,3896.06074
2022-05-13 10:00:00+00:00,30442.54,30600.69,30180.0,30475.72,2537.82262
2022-05-13 11:00:00+00:00,30475.71,30762.71,30246.92,30668.08,3783.81184
2022-05-13 12:00:00+00:00,30668.07,30837.0,30451.0,30719.31,4103.04595
2022-05-13 13:00:00+00:00,30719.3,30870.0,30346.51,30749.99,5712.20131
2022-05-13 14:00:00+00:00,30750.0,31033.0,30619.0,30692.08,4856.67053
2022-05-13 15:00:00+00:00,30692.08,30730.0,30227.62,30339.99,3555.08734
2022-05-13 16:00:00+00:00,30340.0,30537.78,29733.0,29939.96,6102.55466
2022-05-13 17:00:00+00:00,29939.96,30299.0,29561.0,29599.65,4775.93752
2022-05-13 18:00:00+00:00,29599.65,30250.0,29382.66,30131.98,5701.69046
2022-05-13 19:00:00+00:00,30131.99,30236.81,29950.07,30084.11,2592.04538
2022-05-13 20:00:00+00:00,30084.1,30125.02,29781.73,29798.11,1545.2948
2022-05-13 21:00:00+00:00,29798.11,30100.0,29704.13,30046.65,883.9747
2022-05-13 22:00:00+00:00,30046.65,30139.16,29801.0,29809.47,1218.72625
2022-05-13 23:00:00+00:00,29809.47,29850.0,29200.0,29287.05,3504.14425
2022-05-14 00:00:00+00:00,29287.05,29622.69,29219.37,29507.47,2140.68787
2022-05-14 01:00:00+00:00,29507.47,29824.69,29368.23,29706.36,2144.64476
2022-05-14 02:00:00+00:00,29706.35,29769.27,29513.37,29524.44,1467.34231
2022-05-14 03:00:00+00:00,29524.45,29688.0,29466.84,29569.89,1681.71065
2022-05-14 04:00:00+00:00,29569.89,29591.71,29200.0,29355.87,2046.54519
2022-05-14 05:00:00+00:00,29355.87,29526.83,29271.84,29451.96,1197.19198
2022-05-14 06:00:00+00:00,29451.95,29611.7,29390.2,29510.26,1046.08964
2022-05-14 07:00:00+00:00,29510.26,29584.1,29400.0,29431.59,1057.35956
2022-05-14 08:00:00+00:00,29431.58,29599.51,29361.01,29538.33,1194.9528
2022-05-14 09:00:00+00:00,29538.32,29599.41,29364.0,29495.68,1850.89921
2022-05-14 10:00:00+00:00,29495.69,29590.99,29252.19,29321.18,1953.16818
2022-05-14 11:00:00+00:00,29321.18,29374.14,28830.0,29074.24,5336.9299
2022-05-14 12:00:00+00:00,29074.24,29260.29,28949.35,29102.21,2171.69093
2022-05-14 13:00:00+00:00,29102.21,29169.1,28786.76,28835.22,2671.76609
2022-05-14 14:00:00+00:00,28835.23,28981.5,28660.76,28942.74,2454.75831
2022-05-14 15:00:00+00:00,28942.73,29098.08,28768.0,28818.06,1633.8505
2022-05-14 16:00:00+00:00,28818.05,29694.15,28630.0,29351.51,3995.66511
2022-05-14 17:00:00+00:00,29351.5,29626.06,29250.0,29613.1,2215.29536
2022-05-14 18:00:00+00:00,29613.09,29942.82,29464.07,29526.58,3567.72511
2022-05-14 19:00:00+00:00,29526.57,29650.0,29285.19,29338.78,1836.70139
2022-05-14 20:00:00+00:00,29338.79,29653.69,29300.0,29380.36,1366.23736
2022-05-14 21:00:00+00:00,29380.36,29886.68,29365.2,29701.15,1274.72069
2022-05-14 22:00:00+00:00,29701.15,30343.27,29578.28,30239.33,2660.41806
2022-05-14 23:00:00+00:00,30239.33,30300.0,29900.0,30086.74,2129.52767
2022-05-15 00:00:00+00:00,30086.74,30273.21,29933.73,29963.54,1993.34578
2022-05-15 01:00:00+00:00,29963.55,29996.62,29818.85,29936.69,1445.66819
2022-05-15 02:00:00+00:00,29936.7,30076.08,29746.0,29849.99,1431.24665
2022-05-15 03:00:00+00:00,29850.0,29900.69,29553.47,29721.65,1098.92167
2022-05-15 04:00:00+00:00,29721.66,29799.0,29480.0,29614.12,1111.16595
2022-05-15 05:00:00+00:00,29614.11,29839.56,29495.62,29802.34,1202.26267
2022-05-15 06:00:00+00:00,29802.33,30008.33,29716.46,29961.08,1325.40016
2022-05-15 07:00:00+00:00,29961.08,30061.54,29785.56,29825.99,1616.6976
2022-05-15 08:00:00+00:00,29826.0,29859.55,29547.48,29587.86,1320.55139
2022-05-15 09:00:00+00:00,29587.86,29794.53,29551.92,29757.22,1121.00979
2022-05-15 10:00:00+00:00,29757.23,29952.01,29564.47,29947.03,1351.45212
2022-05-15 11:00:00+00:00,29947.04,30327.68,29783.78,30241.46,3154.0121
2022-05-15 12:00:00+00:00,30241.46,30561.37,30178.55,30310.0,2931.84734
2022-05-15 13:00:00+00:00,30309.99,30400.0,30100.0,30181.92,1968.76131
2022-05-15 14:00:00+00:00,30181.92,30223.34,29782.01,29974.67,2491.0891
2022-05-15 15:00:00+00:00,29974.67,30178.41,29847.82,30013.47,1516.2471
2022-05-15 16:00:00+00:00,30013.46,30296.36,29950.01,30213.05,1946.545
2022-05-15 17:00:00+00:00,30213.05,30293.22,29962.95,29990.0,1233.80988
2022-05-15 18:00:00+00:00,29990.01,30423.0,29936.49,30312.1,1902.52848
2022-05-15 19:00:00+00:00,30312.11,30500.0,30190.0,30457.88,1443.98443
2022-05-15 20:00:00+00:00,30457.88,31180.0,30355.22,31058.19,5900.34861
2022-05-15 21:00:00+00:00,31058.19,31220.0,30858.01,31075.87,2055.70975
2022-05-15 22:00:00+00:00,31075.87,31460.0,31075.36,31090.7,3106.7429
2022-05-15 23:00:00+00:00,31090.7,31397.93,31047.61,31328.89,1606.32115
2022-05-16 00:00:00+00:00,31328.89,31328.9,31048.0,31111.5,2286.18686
2022-05-16 01:00:00+00:00,31111.5,31159.52,30686.55,30776.06,3244.77632
2022-05-16 02:00:00+00:00,30776.05,30780.0,30376.0,30496.35,2662.42791
2022-05-16 03:00:00+00:00,30496.36,30520.87,30211.32,30323.23,1621.39927
2022-05-16 04:00:00+00:00,30323.23,30443.04,30132.86,30330.01,1703.80175
2022-05-16 05:00:00+00:00,30330.0,30473.31,30250.01,30291.11,1476.27189
2022-05-16 06:00:00+00:00,30291.12,30291.12,29376.2,29578.31,6918.515
2022-05-16 07:00:00+00:00,29578.3,29741.28,29258.0,29593.89,3162.7921
2022-05-16 08:00:00+00:00,29593.89,29900.0,29574.06,29797.9,2603.53405
2022-05-16 09:00:00+00:00,29797.9,29797.91,29470.0,29611.29,2713.75496
2022-05-16 10:00:00+00:00,29611.29,30205.0,29433.9,30177.89,4060.74717
2022-05-16 11:00:00+00:00,30177.89,30202.18,29918.81,29950.95,2414.71277
2022-05-16 12:00:00+00:00,29950.95,30252.77,29583.83,29893.45,5443.1339
2022-05-16 13:00:00+00:00,29893.44,30082.91,29450.0,29519.14,5732.86986
2022-05-16 14:00:00+00:00,29519.14,29842.88,29450.53,29489.45,3161.48561
2022-05-16 15:00:00+00:00,29489.46,29734.63,29313.48,29676.56,4119.14717
2022-05-16 16:00:00+00:00,29676.56,29746.26,29087.04,29317.97,4438.19006
2022-05-16 17:00:00+00:00,29317.98,29819.72,29255.68,29727.47,2963.85305
2022-05-16 18:00:00+00:00,29727.47,29985.3,29673.67,29906.86,2633.86299
2022-05-16 19:00:00+00:00,29906.86,29976.94,29543.27,29576.7,2409.7138
2022-05-16 20:00:00+00:00,29576.7,29958.18,29543.46,29943.48,1406.14585
2022-05-16 21:00:00+00:00,29943.47,30259.78,29906.59,30170.0,2203.09323
2022-05-16 22:00:00+00:00,30170.01,30225.94,29980.02,30018.45,2121.64277
2022-05-16 23:00:00+00:00,30018.45,30107.85,29827.92,29874.01,1580.13824
2022-05-17 00:00:00+00:00,29874.01,30227.79,29807.16,30150.03,1790.10534
2022-05-17 01:00:00+00:00,30150.03,30180.78,29780.97,29998.27,1820.4552
2022-05-17 02:00:00+00:00,29998.26,30140.89,29894.72,30065.0,1006.19778
2022-05-17 03:00:00+00:00,30064.99,30508.0,30020.3,30363.59,2611.6395
2022-05-17 04:00:00+00:00,30363.59,30438.95,30244.52,30384.61,1333.88873
2022-05-17 05:00:00+00:00,30384.61,30530.0,30282.76,30466.17,1527.06104
2022-05-17 06:00:00+00:00,30466.17,30544.8,30351.14,30529.99,1205.70619
2022-05-17 07:00:00+00:00,30530.0,30578.14,30352.0,30412.06,1276.6721
2022-05-17 08:00:00+00:00,30412.05,30788.37,30395.0,30577.16,1972.84706
2022-05-17 09:00:00+00:00,30577.16,30732.97,30566.92,30643.05,1512.75715
2022-05-17 10:00:00+00:00,30643.05,30650.3,30448.48,30456.89,1336.62797
2022-05-17 11:00:00+00:00,30456.89,30529.69,30271.21,30319.47,2264.85476
2022-05-17 12:00:00+00:00,30319.48,30650.0,30290.0,30585.44,2767.36127
2022-05-17 13:00:00+00:00,30585.45,30748.0,30388.22,30516.67,3269.62275
2022-05-17 14:00:00+00:00,30516.66,30557.48,29944.48,30066.01,5046.2805
2022-05-17 15:00:00+00:00,30066.01,30232.8,29976.37,30153.74,3080.91116
2022-05-17 16:00:00+00:00,30153.74,30223.0,29883.91,30145.93,2930.21932
2022-05-17 17:00:00+00:00,30145.93,30272.38,30084.72,30090.76,2256.774
2022-05-17 18:00:00+00:00,30090.75,30244.0,29450.38,29851.95,6529.62536
2022-05-17 19:00:00+00:00,29851.95,30320.0,29807.45,30097.09,4044.01764
2022-05-17 20:00:00+00:00,30097.1,30219.51,30045.85,30106.56,1363.67315
2022-05-17 21:00:00+00:00,30106.56,30669.0,30080.0,30551.79,2010.38883
2022-05-17 22:00:00+00:00,30551.8,30609.25,30237.18,30351.47,2284.81718
2022-05-17 23:00:00+00:00,30351.46,30569.99,30351.46,30444.93,1481.62909
2022-05-18 00:00:00+00:00,30444.93,30709.99,30416.34,30501.58,1512.0766
2022-05-18 01:00:00+00:00,30501.57,30513.77,30063.18,30125.4,1664.13591
2022-05-18 02:00:00+00:00,30125.41,30237.27,30087.7,30216.22,1371.38328
2022-05-18 03:00:00+00:00,30216.22,30221.41,29732.49,29831.4,2812.35207
2022-05-18 04:00:00+00:00,29831.4,29934.13,29754.6,29830.0,1780.21955
2022-05-18 05:00:00+00:00,29829.99,30051.02,29799.99,30032.2,2466.70875
2022-05-18 06:00:00+00:00,30032.19,30090.51,29739.02,29742.23,1746.35981
2022-05-18 07:00:00+00:00,29742.23,29918.2,29682.97,29910.25,1861.88412
2022-05-18 08:00:00+00:00,29910.25,29952.93,29742.99,29875.17,1620.48063
2022-05-18 09:00:00+00:00,29875.17,30023.85,29760.42,29957.35,2314.67153
2022-05-18 10:00:00+00:00,29957.34,30046.79,29903.37,29950.93,2238.646
2022-05-18 11:00:00+00:00,29950.94,29972.08,29753.66,29833.58,1610.15741
2022-05-18 12:00:00+00:00,29833.59,29909.66,29514.13,29549.51,2553.04538
2022-05-18 13:00:00+00:00,29549.5,29680.0,29289.23,29348.78,5254.46966
2022-05-18 14:00:00+00:00,29348.79,29500.0,29064.74,29240.01,3495.13411
2022-05-18 15:00:00+00:00,29240.0,29241.85,28875.0,28984.99,4392.70808
2022-05-18 16:00:00+00:00,28984.98,29290.0,28750.0,29222.94,4157.82241
2022-05-18 17:00:00+00:00,29222.93,29227.43,28929.41,28986.62,2451.11228
2022-05-18 18:00:00+00:00,28986.63,29263.24,28881.35,29207.12,2825.09476
2022-05-18 19:00:00+00:00,29207.12,29538.19,29185.0,29276.55,3283.51527
2022-05-18 20:00:00+00:00,29276.55,29293.4,28960.87,29236.47,2141.94198
2022-05-18 21:00:00+00:00,29236.48,29349.21,29100.0,29208.32,1212.56031
2022-05-18 22:00:00+00:00,29208.31,29411.07,28911.05,28976.15,2563.27329
2022-05-18 23:00:00+00:00,28976.15,29100.0,28654.47,28715.32,2419.4048
2022-05-19 00:00:00+00:00,28715.33,29056.56,28700.01,28915.78,2025.92751
2022-05-19 01:00:00+00:00,28915.79,29044.29,28723.0,28766.72,1389.16532
2022-05-19 02:00:00+00:00,28766.73,29337.52,28691.38,29167.98,2948.32136
2022-05-19 03:00:00+00:00,29167.97,29322.8,29086.8,29196.78,2487.55093
2022-05-19 04:00:00+00:00,29196.77,29286.32,29085.26,29096.77,1254.46341
2022-05-19 05:00:00+00:00,29096.77,29200.0,29029.88,29059.99,1647.65045
2022-05-19 06:00:00+00:00,29059.99,29432.8,29059.99,29319.92,2352.0316
2022-05-19 07:00:00+00:00,29319.92,29353.8,29084.0,29192.13,2071.901
2022-05-19 08:00:00+00:00,29192.13,29259.46,28950.06,28966.75,1877.8784
2022-05-19 09:00:00+00:00,28966.75,29061.94,28855.42,29010.0,2529.06491
2022-05-19 10:00:00+00:00,29009.99,29274.12,28932.63,29205.84,2408.97293
2022-05-19 11:00:00+00:00,29205.84,29540.0,29122.08,29500.2,3035.70713
2022-05-19 12:00:00+00:00,29499.81,29659.33,29380.89,29498.45,3403.10975
2022-05-19 13:00:00+00:00,29498.45,29777.0,29353.82,29517.33,5299.66903
2022-05-19 14:00:00+00:00,29517.32,29900.0,29504.68,29867.71,4561.55588
2022-05-19 15:00:00+00:00,29867.7,30545.18,29802.72,30389.45,7993.23976
2022-05-19 16:00:00+00:00,30389.45,30456.56,30086.84,30153.02,4384.76778
2022-05-19 17:00:00+00:00,30153.02,30266.41,29961.7,30191.17,3303.94509
2022-05-19 18:00:00+00:00,30191.17,30357.81,30136.74,30224.06,2672.7368
2022-05-19 19:00:00+00:00,30224.06,30306.64,29967.2,29967.4,2584.35903
2022-05-19 20:00:00+00:00,29967.4,30270.2,29950.45,30270.19,1633.87615
2022-05-19 21:00:00+00:00,30270.2,30486.57,30204.13,30276.23,2161.43399
2022-05-19 22:00:00+00:00,30276.24,30278.95,30110.0,30185.18,1537.95654
2022-05-19 23:00:00+00:00,30185.18,30450.11,30153.6,30319.23,2312.0794
2022-05-20 00:00:00+00:00,30319.22,30363.69,30142.93,30264.01,1324.28374
2022-05-20 01:00:00+00:00,30264.0,30777.33,30130.48,30475.57,4218.55549
2022-05-20 02:00:00+00:00,30475.58,30512.8,30228.63,30336.34,1661.00444
2022-05-20 03:00:00+00:00,30336.34,30345.24,30136.08,30175.03,1631.13443
2022-05-20 04:00:00+00:00,30175.04,30249.1,30012.0,30099.67,1621.85469
2022-05-20 05:00:00+00:00,30099.66,30194.27,30025.45,30185.39,1258.50356
2022-05-20 06:00:00+00:00,30185.39,30187.81,29850.51,30005.76,2104.50897
2022-05-20 07:00:00+00:00,30005.77,30362.16,29965.21,30256.74,2716.81758
2022-05-20 08:00:00+00:00,30256.74,30409.89,30151.89,30183.99,2095.49382
2022-05-20 09:00:00+00:00,30183.99,30390.0,30110.04,30301.81,1803.12593
2022-05-20 10:00:00+00:00,30301.81,30430.16,30262.28,30418.99,1518.64498
2022-05-20 11:00:00+00:00,30418.99,30535.4,30239.08,30414.07,2490.74402
2022-05-20 12:00:00+00:00,30414.06,30449.98,30080.74,30250.25,2170.2701
2022-05-20 13:00:00+00:00,30250.25,30425.0,30103.06,30362.53,3690.10434
2022-05-20 14:00:00+00:00,30362.55,30367.29,29400.0,29489.33,5657.19893
2022-05-20 15:00:00+00:00,29489.32,29491.84,29071.39,29152.9,5363.9516
2022-05-20 16:00:00+00:00,29152.9,29152.91,28730.0,28901.08,5405.72354
2022-05-20 17:00:00+00:00,28901.09,29025.25,28734.0,28959.22,3643.01702
2022-05-20 18:00:00+00:00,28959.22,29093.32,28813.45,29010.0,2222.21454
2022-05-20 19:00:00+00:00,29009.99,29359.23,28934.28,29291.55,3188.34541
2022-05-20 20:00:00+00:00,29291.55,29357.72,29123.77,29141.88,1581.87295
2022-05-20 21:00:00+00:00,29141.89,29311.38,29134.99,29183.6,913.41767
2022-05-20 22:00:00+00:00,29183.59,29326.82,29140.0,29152.93,1054.48586
2022-05-20 23:00:00+00:00,29152.93,29391.4,29152.0,29201.01,1181.97964
2022-05-21 00:00:00+00:00,29201.01,29347.52,29164.95,29279.17,803.22404
2022-05-21 01:00:00+00:00,29279.16,29300.0,28947.28,29150.0,1490.97084
2022-05-21 02:00:00+00:00,29150.0,29258.57,29076.14,29228.98,729.63095
2022-05-21 03:00:00+00:00,29228.97,29288.01,29124.59,29258.18,711.88315
2022-05-21 04:00:00+00:00,29258.17,29272.18,29205.23,29255.16,450.96651
2022-05-21 05:00:00+00:00,29255.16,29325.0,29223.52,29286.28,710.75511
2022-05-21 06:00:00+00:00,29286.28,29376.1,29230.03,29362.93,624.52065
2022-05-21 07:00:00+00:00,29362.93,29566.0,29320.0,29423.18,1553.5242
2022-05-21 08:00:00+00:00,29423.18,29481.1,29357.76,29375.04,763.04671
2022-05-21 09:00:00+00:00,29375.04,29384.31,29246.74,29342.89,693.20507
2022-05-21 10:00:00+00:00,29342.88,29432.29,29218.49,29299.87,985.38704
2022-05-21 11:00:00+00:00,29299.88,29319.99,29168.68,29288.0,749.58983
2022-05-21 12:00:00+00:00,29288.0,29347.56,29190.0,29293.05,767.28339
2022-05-21 13:00:00+00:00,29293.04,29371.28,29240.0,29308.93,595.35987
2022-05-21 14:00:00+00:00,29308.94,29484.9,29258.99,29405.92,1114.27013
2022-05-21 15:00:00+00:00,29405.91,29645.7,29277.77,29552.47,1867.02437
2022-05-21 16:00:00+00:00,29552.47,29656.18,29495.93,29563.17,1253.02269
2022-05-21 17:00:00+00:00,29563.17,29600.0,29390.62,29408.74,1058.6018
2022-05-21 18:00:00+00:00,29408.74,29493.4,29404.25,29478.06,790.55474
2022-05-21 19:00:00+00:00,29478.06,29580.02,29428.65,29464.31,1031.24076
2022-05-21 20:00:00+00:00,29464.32,29523.98,29350.0,29429.29,616.85678
2022-05-21 21:00:00+00:00,29429.29,29464.65,29340.0,29352.56,523.57591
2022-05-21 22:00:00+00:00,29352.55,29414.26,29311.07,29414.26,438.38109
2022-05-21 23:00:00+00:00,29414.25,29538.66,29408.36,29445.06,664.25561
2022-05-22 00:00:00+00:00,29445.07,29505.0,29396.2,29474.8,528.17425
2022-05-22 01:00:00+00:00,29474.81,29545.75,29474.8,29505.7,543.13315
2022-05-22 02:00:00+00:00,29505.7,29516.23,29365.88,29400.17,901.13087
2022-05-22 03:00:00+00:00,29400.18,29490.0,29331.26,29363.5,807.51194
2022-05-22 04:00:00+00:00,29363.5,29363.51,29255.11,29286.1,692.02029
2022-05-22 05:00:00+00:00,29286.09,29418.23,29286.09,29369.68,606.47384
2022-05-22 06:00:00+00:00,29369.69,29415.0,29363.74,29404.73,444.94882
2022-05-22 07:00:00+00:00,29404.74,29457.89,29358.83,29441.78,562.99536
2022-05-22 08:00:00+00:00,29441.78,29594.07,29421.53,29555.02,1039.36609
2022-05-22 09:00:00+00:00,29555.03,30201.0,29538.16,30140.78,4570.07476
2022-05-22 10:00:00+00:00,30140.79,30311.31,30102.11,30187.84,3037.23391
2022-05-22 11:00:00+00:00,30187.84,30259.69,29800.0,29897.52,3807.36507
2022-05-22 12:00:00+00:00,29897.52,30236.63,29892.18,30170.1,2077.76878
2022-05-22 13:00:00+00:00,30170.09,30172.67,29974.2,30080.0,1273.64337
2022-05-22 14:00:00+00:00,30080.0,30148.9,29929.98,29964.77,1933.18732
2022-05-22 15:00:00+00:00,29964.78,29981.25,29668.51,29844.01,1946.26341
2022-05-22 16:00:00+00:00,29844.01,29973.98,29738.57,29926.67,1223.10287
2022-05-22 17:00:00+00:00,29926.68,30177.93,29885.52,29931.68,2078.93841
2022-05-22 18:00:00+00:00,29931.67,30053.99,29844.95,30036.19,970.15957
2022-05-22 19:00:00+00:00,30036.19,30088.16,29906.79,29936.01,831.59656
2022-05-22 20:00:00+00:00,29936.02,30099.21,29910.14,29938.75,947.09289
2022-05-22 21:00:00+00:00,29938.75,30079.55,29911.09,30017.71,785.26623
2022-05-22 22:00:00+00:00,30017.7,30486.32,30017.7,30275.59,3204.54738
2022-05-22 23:00:00+00:00,30275.58,30487.99,30275.58,30293.94,1346.99234
2022-05-23 00:00:00+00:00,30293.93,30459.56,30193.53,30280.51,1515.75247
2022-05-23 01:00:00+00:00,30280.51,30280.52,30167.18,30220.0,837.85423
2022-05-23 02:00:00+00:00,30220.0,30220.0,30048.77,30128.5,1471.7462
2022-05-23 03:00:00+00:00,30128.51,30205.69,30097.28,30171.32,831.81805
2022-05-23 04:00:00+00:00,30171.32,30242.22,30101.07,30126.63,1097.64722
2022-05-23 05:00:00+00:00,30126.64,30330.01,30108.98,30301.46,1233.70524
2022-05-23 06:00:00+00:00,30301.46,30655.0,30284.91,30487.77,2977.24082
2022-05-23 07:00:00+00:00,30487.77,30670.51,30418.98,30457.01,2259.63317
2022-05-23 08:00:00+00:00,30457.01,30523.51,30281.89,30345.73,2508.01525
2022-05-23 09:00:00+00:00,30345.73,30520.0,30299.99,30441.94,1658.92556
2022-05-23 10:00:00+00:00,30441.94,30556.28,30410.2,30484.01,1513.5194
2022-05-23 11:00:00+00:00,30484.0,30616.18,30336.42,30397.11,1925.20251
2022-05-23 12:00:00+00:00,30397.12,30625.98,30352.18,30385.02,2030.2588
2022-05-23 13:00:00+00:00,30385.01,30559.56,30160.0,30323.07,4624.3823
2022-05-23 14:00:00+00:00,30323.06,30345.0,29967.07,30256.51,5573.80056
2022-05-23 15:00:00+00:00,30256.51,30480.0,30232.52,30373.53,2189.35969
2022-05-23 16:00:00+00:00,30373.53,30529.9,30162.95,30255.95,2759.37539
2022-05-23 17:00:00+00:00,30255.96,30256.85,30042.09,30099.22,2424.416
2022-05-23 18:00:00+00:00,30099.22,30160.0,29820.55,29879.36,2182.0966
2022-05-23 19:00:00+00:00,29879.36,29883.44,29078.3,29089.9,8407.03264
2022-05-23 20:00:00+00:00,29089.91,29459.45,29041.54,29345.89,4103.87872
2022-05-23 21:00:00+00:00,29345.88,29499.03,29286.77,29346.34,1690.24433
2022-05-23 22:00:00+00:00,29346.33,29346.34,29035.58,29211.24,4062.98069
2022-05-23 23:00:00+00:00,29211.24,29211.25,28866.35,29109.15,4022.61348
2022-05-24 00:00:00+00:00,29109.14,29257.39,29056.7,29147.93,2120.99891
2022-05-24 01:00:00+00:00,29147.93,29243.17,29106.26,29224.82,1192.06029
2022-05-24 02:00:00+00:00,29224.83,29298.91,29190.01,29267.45,1242.95279
2022-05-24 03:00:00+00:00,29267.46,29326.74,29237.09,29299.92,1217.62011
2022-05-24 04:00:00+00:00,29299.91,29439.26,29251.41,29358.74,1537.66288
2022-05-24 05:00:00+00:00,29358.74,29428.31,29295.74,29347.86,1275.38756
2022-05-24 06:00:00+00:00,29347.86,29396.06,29241.61,29338.98,1836.62137
2022-05-24 07:00:00+00:00,29338.98,29432.52,29312.85,29404.55,1114.55104
2022-05-24 08:00:00+00:00,29404.54,29404.55,29155.03,29158.44,1554.27963
2022-05-24 09:00:00+00:00,29158.43,29359.99,29123.89,29340.0,2016.26528
2022-05-24 10:00:00+00:00,29339.99,29371.12,29265.12,29344.34,1574.16436
2022-05-24 11:00:00+00:00,29344.34,29430.83,29240.98,29295.74,1486.997
2022-05-24 12:00:00+00:00,29295.75,29345.49,29150.0,29258.03,1642.09785
2022-05-24 13:00:00+00:00,29258.04,29326.92,28910.0,28960.87,5213.8976
2022-05-24 14:00:00+00:00,28960.87,29122.75,28669.0,29069.03,6982.07459
2022-05-24 15:00:00+00:00,29069.04,29650.0,28979.93,29382.31,6526.9723
2022-05-24 16:00:00+00:00,29382.32,29593.77,29241.95,29328.15,3735.17497
2022-05-24 17:00:00+00:00,29328.16,29398.09,29150.81,29341.02,3229.58049
2022-05-24 18:00:00+00:00,29341.02,29487.67,29101.0,29176.16,3551.70415
2022-05-24 19:00:00+00:00,29176.16,29470.5,29161.4,29391.62,3211.11923
2022-05-24 20:00:00+00:00,29391.62,29493.99,29250.22,29462.95,1282.22516
2022-05-24 21:00:00+00:00,29462.95,29650.0,29416.74,29586.76,1462.8789
2022-05-24 22:00:00+00:00,29586.76,29638.51,29531.84,29605.6,1302.91668
2022-05-24 23:00:00+00:00,29605.6,29845.86,29582.11,29654.58,3132.75722
2022-05-25 00:00:00+00:00,29654.58,29688.92,29557.36,29625.21,1237.37556
2022-05-25 01:00:00+00:00,29625.2,29803.22,29573.04,29789.69,1121.74731
2022-05-25 02:00:00+00:00,29789.69,30180.85,29734.07,30114.78,3774.15671
2022-05-25 03:00:00+00:00,30114.78,30222.87,30069.59,30198.09,2026.12239
2022-05-25 04:00:00+00:00,30198.09,30223.74,30068.65,30103.44,1949.18985
2022-05-25 05:00:00+00:00,30103.43,30140.01,29844.36,29869.25,2006.90412
2022-05-25 06:00:00+00:00,29869.25,29913.81,29666.67,29807.98,2596.36781
2022-05-25 07:00:00+00:00,29807.97,29851.02,29691.41,29701.46,1352.57768
2022-05-25 08:00:00+00:00,29701.47,29941.41,29560.67,29821.03,2532.18696
2022-05-25 09:00:00+00:00,29821.04,29876.75,29685.26,29813.0,2011.16618
2022-05-25 10:00:00+00:00,29813.0,29857.6,29683.2,29724.27,1236.95202
2022-05-25 11:00:00+00:00,29724.27,29758.38,29294.21,29409.01,5017.92808
2022-05-25 12:00:00+00:00,29409.01,29625.0,29339.57,29567.64,2961.03098
2022-05-25 13:00:00+00:00,29567.65,29862.06,29490.01,29713.0,3948.50712
2022-05-25 14:00:00+00:00,29713.01,29909.0,29661.55,29783.35,4573.36079
2022-05-25 15:00:00+00:00,29783.35,29828.4,29600.0,29629.36,2191.57829
2022-05-25 16:00:00+00:00,29629.35,29700.01,29430.54,29563.36,2610.59973
2022-05-25 17:00:00+00:00,29563.36,29783.24,29540.0,29711.63,1718.2489
2022-05-25 18:00:00+00:00,29711.64,30034.37,29535.02,29885.61,7069.81695
2022-05-25 19:00:00+00:00,29885.61,29976.9,29570.55,29599.1,2595.28863
2022-05-25 20:00:00+00:00,29599.1,29804.08,29560.71,29792.24,1552.8036
2022-05-25 21:00:00+00:00,29792.25,29849.52,29741.78,29824.98,805.00315
2022-05-25 22:00:00+00:00,29824.99,29880.0,29747.82,29785.55,986.41657
2022-05-25 23:00:00+00:00,29785.56,29787.05,29537.31,29542.15,1662.05721
2022-05-26 00:00:00+00:00,29542.14,29877.42,29503.72,29786.79,1705.6722
2022-05-26 01:00:00+00:00,29786.8,29819.9,29661.28,29677.27,1080.45821
2022-05-26 02:00:00+00:00,29677.28,29886.64,29677.27,29809.55,1103.97905
2022-05-26 03:00:00+00:00,29809.56,29857.0,29675.0,29837.16,1341.0716
2022-05-26 04:00:00+00:00,29837.16,29876.72,29747.6,29772.13,988.94185
2022-05-26 05:00:00+00:00,29772.13,29850.0,29664.52,29720.54,1471.17717
2022-05-26 06:00:00+00:00,29720.55,29750.37,29337.77,29681.29,2778.19259
2022-05-26 07:00:00+00:00,29681.3,29746.94,29564.94,29733.7,1899.70862
2022-05-26 08:00:00+00:00,29733.71,29744.25,28877.0,29009.59,10145.88705
2022-05-26 09:00:00+00:00,29009.58,29255.45,28881.75,29193.66,3941.88933
2022-05-26 10:00:00+00:00,29193.66,29256.68,29117.22,29144.26,1619.00862
2022-05-26 11:00:00+00:00,29144.26,29186.1,28925.33,28998.4,5653.88388
2022-05-26 12:00:00+00:00,28998.4,29144.38,28800.0,28951.46,7013.28126
2022-05-26 13:00:00+00:00,28951.46,28981.41,28019.56,28811.0,18414.47459
2022-05-26 14:00:00+00:00,28811.0,29361.89,28792.46,29250.71,11579.74126
2022-05-26 15:00:00+00:00,29250.7,29495.0,29222.15,29393.1,4359.73629
2022-05-26 16:00:00+00:00,29393.1,29787.69,29370.0,29586.31,5130.96042
2022-05-26 17:00:00+00:00,29586.31,29677.96,29464.81,29638.62,2065.11332
2022-05-26 18:00:00+00:00,29638.61,29645.79,29479.99,29605.21,2214.08134
2022-05-26 19:00:00+00:00,29605.21,29619.79,29373.35,29379.76,2483.00926
2022-05-26 20:00:00+00:00,29379.76,29593.7,29285.13,29460.01,1822.48199
2022-05-26 21:00:00+00:00,29460.01,29682.84,29460.0,29578.92,1487.30219
2022-05-26 22:00:00+00:00,29578.92,29669.63,29489.27,29508.87,1267.567
2022-05-26 23:00:00+00:00,29508.88,29556.47,29174.0,29201.35,3014.03554
2022-05-27 00:00:00+00:00,29201.35,29390.34,29025.3,29074.51,3668.7136
2022-05-27 01:00:00+00:00,29074.5,29131.65,28880.0,28959.82,4209.86129
2022-05-27 02:00:00+00:00,28959.82,29088.88,28840.39,28988.95,3376.29015
2022-05-27 03:00:00+00:00,28988.94,29155.26,28970.92,29020.01,1910.76971
2022-05-27 04:00:00+00:00,29020.01,29113.89,28873.06,28927.29,2917.24574
2022-05-27 05:00:00+00:00,28927.3,29051.6,28643.89,28799.99,7258.46856
2022-05-27 06:00:00+00:00,28799.99,29039.0,28650.0,28974.53,7939.07277
2022-05-27 07:00:00+00:00,28974.53,29214.0,28900.17,28992.99,3551.7513
2022-05-27 08:00:00+00:00,28993.0,29142.75,28785.56,28940.95,3674.40041
2022-05-27 09:00:00+00:00,28940.95,29085.18,28884.21,29033.24,2434.92877
2022-05-27 10:00:00+00:00,29033.25,29051.54,28779.4,28834.75,2437.52558
2022-05-27 11:00:00+00:00,28834.76,29054.48,28810.0,28912.96,2399.24588
2022-05-27 12:00:00+00:00,28912.95,29397.66,28861.77,29259.9,4473.35383
2022-05-27 13:00:00+00:00,29259.91,29379.54,29125.68,29324.71,4280.17138
2022-05-27 14:00:00+00:00,29324.72,29341.41,28742.92,28787.42,4033.05023
2022-05-27 15:00:00+00:00,28787.42,28965.41,28639.26,28850.45,4428.96097
2022-05-27 16:00:00+00:00,28850.46,28936.44,28659.0,28733.99,3215.20924
2022-05-27 17:00:00+00:00,28734.0,28868.93,28340.0,28388.14,8825.60958
2022-05-27 18:00:00+00:00,28388.13,28489.99,28282.9,28466.67,3838.29979
2022-05-27 19:00:00+00:00,28466.68,29056.0,28414.0,28880.0,3781.24873
2022-05-27 20:00:00+00:00,28880.0,29025.0,28699.99,28755.88,3286.62526
2022-05-27 21:00:00+00:00,28755.88,28842.46,28700.0,28718.71,1085.27382
2022-05-27 22:00:00+00:00,28718.71,28907.13,28650.01,28822.96,864.55848
2022-05-27 23:00:00+00:00,28822.96,28856.31,28504.64,28629.8,3107.88503
2022-05-28 00:00:00+00:00,28629.81,28825.44,28558.24,28806.3,1875.59197
2022-05-28 01:00:00+00:00,28806.3,28842.93,28450.0,28615.82,5775.34689
2022-05-28 02:00:00+00:00,28615.83,28743.02,28598.43,28685.95,1288.08616
2022-05-28 03:00:00+00:00,28685.94,28854.05,28630.81,28819.2,1787.27409
2022-05-28 04:00:00+00:00,28819.2,28890.0,28754.4,28833.13,1362.65989
2022-05-28 05:00:00+00:00,28833.12,28949.39,28777.02,28876.96,1812.58195
2022-05-28 06:00:00+00:00,28876.96,28917.98,28770.78,28865.21,1267.23219
2022-05-28 07:00:00+00:00,28865.2,28917.15,28819.2,28885.72,983.03562
2022-05-28 08:00:00+00:00,28885.71,28925.0,28766.68,28838.49,1433.54976
2022-05-28 09:00:00+00:00,28838.49,28884.55,28768.2,28804.82,926.09019
2022-05-28 10:00:00+00:00,28804.81,28849.79,28771.38,28804.9,876.92555
2022-05-28 11:00:00+00:00,28804.89,28930.81,28779.49,28828.02,1414.11096
2022-05-28 12:00:00+00:00,28828.02,29032.0,28795.78,28979.86,1560.29485
2022-05-28 13:00:00+00:00,28979.85,29266.0,28945.71,29071.81,2609.18058
2022-05-28 14:00:00+00:00,29071.81,29101.64,28930.0,28957.23,1098.68856
2022-05-28 15:00:00+00:00,28957.23,29089.32,28890.0,28988.21,1372.67136
2022-05-28 16:00:00+00:00,28988.2,29050.0,28902.84,28907.5,1084.13049
2022-05-28 17:00:00+00:00,28907.5,29030.0,28784.48,28886.61,2238.88338
2022-05-28 18:00:00+00:00,28886.61,29019.16,28886.6,29001.74,599.37685
2022-05-28 19:00:00+00:00,29001.74,29067.01,28943.03,29019.82,665.98027
2022-05-28 20:00:00+00:00,29019.81,29042.22,28985.43,29026.27,525.284
2022-05-28 21:00:00+00:00,29026.27,29060.0,28991.9,29017.47,450.20101
2022-05-28 22:00:00+00:00,29017.46,29040.0,28960.0,28992.65,413.19818
2022-05-28 23:00:00+00:00,28992.65,29154.61,28991.05,29031.33,1058.97652
2022-05-29 00:00:00+00:00,29031.33,29045.34,28970.3,29005.47,786.45225
2022-05-29 01:00:00+00:00,29005.46,29024.65,28900.0,28925.85,940.66592
2022-05-29 02:00:00+00:00,28925.85,28925.86,28839.21,28904.13,1227.04778
2022-05-29 03:00:00+00:00,28904.12,28997.21,28876.08,28984.32,719.15298
2022-05-29 04:00:00+00:00,28984.31,28984.32,28914.96,28941.09,456.89978
2022-05-29 05:00:00+00:00,28941.1,29049.39,28932.97,29043.09,542.01008
2022-05-29 06:00:00+00:00,29043.1,29060.32,28987.52,29034.84,576.53965
2022-05-29 07:00:00+00:00,29034.84,29037.98,28996.42,29008.35,498.38752
2022-05-29 08:00:00+00:00,29008.35,29190.0,28987.24,29063.3,1520.4673
2022-05-29 09:00:00+00:00,29063.29,29075.0,28952.7,28990.46,1206.82047
2022-05-29 10:00:00+00:00,28990.46,29216.76,28990.45,29159.49,1768.40223
2022-05-29 11:00:00+00:00,29159.5,29235.76,29112.01,29213.85,1557.66031
2022-05-29 12:00:00+00:00,29213.85,29489.0,29198.01,29380.43,3053.96027
2022-05-29 13:00:00+00:00,29380.43,29483.57,29312.0,29332.97,1238.61076
2022-05-29 14:00:00+00:00,29332.96,29382.94,29289.1,29298.95,1039.78051
2022-05-29 15:00:00+00:00,29298.95,29298.96,29166.51,29215.98,1486.62814
2022-05-29 16:00:00+00:00,29215.97,29339.95,29215.97,29285.25,974.67788
2022-05-29 17:00:00+00:00,29285.25,29355.5,29179.81,29222.97,795.15167
2022-05-29 18:00:00+00:00,29222.96,29253.28,29162.07,29165.95,660.51153
2022-05-29 19:00:00+00:00,29165.95,29199.57,29077.98,29126.41,1116.17307
2022-05-29 20:00:00+00:00,29126.4,29182.95,29091.67,29182.95,806.89307
2022-05-29 21:00:00+00:00,29182.95,29242.93,29171.1,29235.64,530.86826
2022-05-29 22:00:00+00:00,29235.64,29587.78,29175.29,29426.81,3083.20527
2022-05-29 23:00:00+00:00,29426.81,29499.8,29400.45,29468.1,980.38094
2022-05-30 00:00:00+00:00,29468.1,29470.61,29299.62,29322.46,1174.28881
2022-05-30 01:00:00+00:00,29322.45,29775.99,29320.21,29770.01,3296.7504
2022-05-30 02:00:00+00:00,29770.0,30279.15,29761.48,30216.71,7189.13189
2022-05-30 03:00:00+00:00,30216.7,30400.0,30209.62,30353.07,3204.19374
2022-05-30 04:00:00+00:00,30353.07,30432.12,30236.55,30332.84,2659.89887
2022-05-30 05:00:00+00:00,30332.83,30479.87,30297.05,30462.09,2574.84692
2022-05-30 06:00:00+00:00,30462.08,30928.71,30421.19,30702.52,7152.94322
2022-05-30 07:00:00+00:00,30702.52,30742.97,30542.14,30636.12,2880.22779
2022-05-30 08:00:00+00:00,30636.12,30736.0,30571.04,30731.78,1863.21411
2022-05-30 09:00:00+00:00,30731.78,30765.09,30593.72,30716.03,2843.55486
2022-05-30 10:00:00+00:00,30716.02,30758.49,30556.63,30596.27,2826.03603
2022-05-30 11:00:00+00:00,30596.27,30706.44,30581.52,30665.37,1818.86969
2022-05-30 12:00:00+00:00,30665.38,30931.0,30354.47,30537.25,5155.24941
2022-05-30 13:00:00+00:00,30537.25,30572.13,30269.22,30519.3,3069.35712
2022-05-30 14:00:00+00:00,30519.3,30748.64,30440.2,30467.42,3374.50978
2022-05-30 15:00:00+00:00,30467.42,30679.0,30450.0,30634.08,1933.56178
2022-05-30 16:00:00+00:00,30634.08,30714.22,30566.54,30622.04,1908.30848
2022-05-30 17:00:00+00:00,30622.04,30786.49,30582.7,30706.84,1788.90178
2022-05-30 18:00:00+00:00,30706.85,30720.0,30643.04,30674.8,796.6629
2022-05-30 19:00:00+00:00,30674.79,30878.1,30586.27,30643.11,3952.9504
2022-05-30 20:00:00+00:00,30643.1,31438.48,30500.0,31277.18,13450.89959
2022-05-30 21:00:00+00:00,31277.18,32222.0,30992.34,31807.98,12707.97414
2022-05-30 22:00:00+00:00,31807.99,31912.79,31400.0,31768.45,6284.84685
2022-05-30 23:00:00+00:00,31768.45,31894.6,31623.17,31734.22,2878.76904
2022-05-31 00:00:00+00:00,31734.23,31861.55,31445.59,31573.73,3174.01244
2022-05-31 01:00:00+00:00,31573.74,31619.38,31440.52,31558.69,1695.9495
2022-05-31 02:00:00+00:00,31558.69,31718.0,31520.87,31695.53,1361.95407
2022-05-31 03:00:00+00:00,31695.54,31835.73,31627.79,31772.82,4484.9679
2022-05-31 04:00:00+00:00,31772.81,31800.67,31654.72,31691.5,1181.40009
2022-05-31 05:00:00+00:00,31691.51,31739.48,31621.02,31641.63,1526.98987
2022-05-31 06:00:00+00:00,31641.64,31662.22,31434.66,31499.46,2719.85773
2022-05-31 07:00:00+00:00,31499.46,31585.14,31480.95,31573.77,1482.11959
2022-05-31 08:00:00+00:00,31573.76,31726.18,31570.12,31624.82,1750.68548
2022-05-31 09:00:00+00:00,31624.82,31640.77,31496.09,31546.01,1831.62888
2022-05-31 10:00:00+00:00,31546.01,31698.34,31518.39,31669.99,1634.79732
2022-05-31 11:00:00+00:00,31670.0,31842.69,31662.62,31767.0,1993.87778
2022-05-31 12:00:00+00:00,31766.99,31803.62,31547.93,31613.68,2011.42295
2022-05-31 13:00:00+00:00,31613.68,31927.58,31200.01,31392.79,5852.04046
2022-05-31 14:00:00+00:00,31392.79,31740.0,31226.01,31684.45,4407.26718
2022-05-31 15:00:00+00:00,31684.45,32181.37,31558.82,32058.53,4460.93216
2022-05-31 16:00:00+00:00,32058.52,32399.0,31839.67,32158.03,6124.06408
2022-05-31 17:00:00+00:00,32158.04,32197.25,31891.03,32122.09,3005.99799
2022-05-31 18:00:00+00:00,32122.09,32161.99,31592.33,31682.91,3624.22881
2022-05-31 19:00:00+00:00,31682.09,31784.7,31570.53,31625.71,3215.28839
2022-05-31 20:00:00+00:00,31625.71,31813.65,31584.29,31813.65,1277.75606
2022-05-31 21:00:00+00:00,31813.65,31831.94,31657.26,31720.01,968.45304
2022-05-31 22:00:00+00:00,31720.0,31895.01,31683.9,31869.28,1443.70621
2022-05-31 23:00:00+00:00,31869.27,31936.5,31770.29,31801.04,1203.71834
2022-06-01 00:00:00+00:00,31801.05,31982.97,31688.01,31936.54,2237.33599
2022-06-01 01:00:00+00:00,31936.53,31947.26,31836.99,31926.12,1280.94083
2022-06-01 02:00:00+00:00,31926.13,31926.13,31731.01,31806.72,1647.05696
2022-06-01 03:00:00+00:00,31806.71,31806.72,31614.01,31627.3,1937.06614
2022-06-01 04:00:00+00:00,31627.29,31670.0,31371.45,31566.6,2528.78791
2022-06-01 05:00:00+00:00,31566.6,31626.93,31445.76,31622.28,1293.69241
2022-06-01 06:00:00+00:00,31622.28,31669.01,31568.69,31584.62,1058.34091
2022-06-01 07:00:00+00:00,31584.62,31642.68,31474.4,31482.43,1693.71781
2022-06-01 08:00:00+00:00,31482.42,31647.31,31450.0,31624.91,2005.46649
2022-06-01 09:00:00+00:00,31624.9,31708.39,31614.0,31695.99,1187.22373
2022-06-01 10:00:00+00:00,31696.0,31709.99,31540.46,31553.0,1399.10858
2022-06-01 11:00:00+00:00,31552.99,31670.69,31444.0,31609.16,2405.2173
2022-06-01 12:00:00+00:00,31609.15,31846.27,31533.66,31727.65,2698.50253
2022-06-01 13:00:00+00:00,31727.65,31901.34,31649.43,31739.45,3429.33158
2022-06-01 14:00:00+00:00,31739.44,31819.02,30955.0,31172.49,7201.07578
2022-06-01 15:00:00+00:00,31172.48,31239.14,30600.0,30742.59,10280.12197
2022-06-01 16:00:00+00:00,30742.59,30744.19,30291.67,30419.62,14127.39573
2022-06-01 17:00:00+00:00,30419.62,30429.71,29901.29,30179.67,11518.4614
2022-06-01 18:00:00+00:00,30179.68,30445.0,30119.41,30167.69,5554.23114
2022-06-01 19:00:00+00:00,30167.69,30351.74,30002.92,30126.72,6735.20838
2022-06-01 20:00:00+00:00,30126.71,30162.44,29301.0,29636.09,13421.54865
2022-06-01 21:00:00+00:00,29636.1,29772.15,29576.72,29592.93,2013.80831
2022-06-01 22:00:00+00:00,29592.92,29769.61,29519.58,29747.16,2091.86169
2022-06-01 23:00:00+00:00,29747.17,30074.95,29728.8,29805.83,3650.1316
2022-06-02 00:00:00+00:00,29805.84,29817.89,29594.55,29680.0,2826.62933
2022-06-02 01:00:00+00:00,29680.01,29888.02,29640.18,29811.89,1742.44118
2022-06-02 02:00:00+00:00,29811.9,29903.74,29778.12,29826.16,1292.33107
2022-06-02 03:00:00+00:00,29826.16,29856.93,29703.05,29730.12,1690.59886
2022-06-02 04:00:00+00:00,29730.12,29824.11,29650.93,29817.24,1223.11546
2022-06-02 05:00:00+00:00,29817.24,29885.29,29683.82,29875.72,1545.78454
2022-06-02 06:00:00+00:00,29875.72,29951.73,29806.79,29915.24,1213.29204
2022-06-02 07:00:00+00:00,29915.24,30123.35,29901.01,29968.26,2812.52841
2022-06-02 08:00:00+00:00,29968.27,30020.84,29914.14,29938.48,1508.58728
2022-06-02 09:00:00+00:00,29938.47,30019.23,29871.0,29934.5,1468.23464
2022-06-02 10:00:00+00:00,29934.5,30171.82,29865.0,30034.37,2138.70768
2022-06-02 11:00:00+00:00,30034.37,30210.18,29961.04,30173.67,2236.3885
2022-06-02 12:00:00+00:00,30173.66,30186.64,30051.36,30089.29,1889.59851
2022-06-02 13:00:00+00:00,30089.29,30251.96,29597.01,29895.28,8229.09439
2022-06-02 14:00:00+00:00,29895.29,30144.93,29768.27,30052.08,5264.79605
2022-06-02 15:00:00+00:00,30052.08,30387.84,30040.97,30212.73,4196.22918
2022-06-02 16:00:00+00:00,30212.73,30408.54,30184.72,30294.44,2694.37916
2022-06-02 17:00:00+00:00,30294.45,30353.51,30166.42,30193.95,2162.49035
2022-06-02 18:00:00+00:00,30193.95,30330.0,29977.45,30138.75,1977.71791
2022-06-02 19:00:00+00:00,30138.74,30301.14,30068.96,30293.01,1748.67124
2022-06-02 20:00:00+00:00,30293.0,30389.56,30243.15,30243.74,1295.32193
2022-06-02 21:00:00+00:00,30243.74,30382.69,30235.7,30367.37,691.25502
2022-06-02 22:00:00+00:00,30367.37,30689.0,30324.1,30482.95,3426.21289
2022-06-02 23:00:00+00:00,30482.95,30642.79,30433.05,30452.62,1687.02366
2022-06-03 00:00:00+00:00,30452.63,30515.2,30359.54,30401.53,1755.69048
2022-06-03 01:00:00+00:00,30401.53,30699.0,30384.92,30628.38,2067.0197
2022-06-03 02:00:00+00:00,30628.39,30667.33,30532.34,30549.76,1105.54346
2022-06-03 03:00:00+00:00,30549.77,30562.15,30468.17,30529.96,1115.90936
2022-06-03 04:00:00+00:00,30529.96,30547.2,30422.62,30425.0,1199.14326
2022-06-03 05:00:00+00:00,30425.01,30561.32,30413.08,30540.64,1043.07229
2022-06-03 06:00:00+00:00,30540.64,30543.95,30363.07,30363.08,1035.46628
2022-06-03 07:00:00+00:00,30363.07,30489.71,30282.29,30443.74,1807.68814
2022-06-03 08:00:00+00:00,30443.7,30529.07,30393.46,30440.97,1536.6775
2022-06-03 09:00:00+00:00,30440.97,30475.48,30156.41,30250.0,2799.59414
2022-06-03 10:00:00+00:00,30249.99,30268.05,29745.37,29821.3,4220.7974
2022-06-03 11:00:00+00:00,29821.3,29954.67,29680.0,29758.19,3524.68684
2022-06-03 12:00:00+00:00,29758.2,29889.49,29486.1,29531.45,6514.17152
2022-06-03 13:00:00+00:00,29531.35,29773.5,29439.71,29722.17,5560.21352
2022-06-03 14:00:00+00:00,29722.18,29767.62,29282.36,29478.65,5028.32153
2022-06-03 15:00:00+00:00,29478.65,29576.35,29339.63,29506.24,2678.20877
2022-06-03 16:00:00+00:00,29506.25,29558.16,29401.0,29544.18,1811.41965
2022-06-03 17:00:00+00:00,29544.19,29677.14,29436.3,29507.86,2315.48089
2022-06-03 18:00:00+00:00,29507.85,29560.0,29465.4,29549.97,1261.59698
2022-06-03 19:00:00+00:00,29549.97,29620.0,29491.09,29572.52,1375.87989
2022-06-03 20:00:00+00:00,29572.52,29741.76,29558.3,29662.43,1087.51887
2022-06-03 21:00:00+00:00,29662.43,29863.25,29652.24,29807.1,1088.90461
2022-06-03 22:00:00+00:00,29807.1,29887.56,29704.81,29730.41,1207.62764
2022-06-03 23:00:00+00:00,29730.41,29744.21,29648.2,29700.21,926.81455
2022-06-04 00:00:00+00:00,29700.21,29763.35,29680.36,29717.59,719.79255
2022-06-04 01:00:00+00:00,29717.59,29747.13,29546.86,29584.26,1295.12164
2022-06-04 02:00:00+00:00,29584.26,29619.15,29500.0,29568.26,2212.70647
2022-06-04 03:00:00+00:00,29568.26,29643.55,29549.55,29560.12,1225.98934
2022-06-04 04:00:00+00:00,29560.12,29734.49,29546.78,29715.67,1548.15348
2022-06-04 05:00:00+00:00,29715.67,29723.49,29654.87,29682.1,404.50481
2022-06-04 06:00:00+00:00,29682.11,29714.0,29655.38,29694.9,612.11494
2022-06-04 07:00:00+00:00,29694.9,29705.81,29646.27,29700.96,478.26152
2022-06-04 08:00:00+00:00,29700.96,29800.0,29681.16,29750.03,825.71662
2022-06-04 09:00:00+00:00,29750.03,29771.32,29673.64,29724.96,884.1162
2022-06-04 10:00:00+00:00,29724.96,29791.04,29706.7,29729.9,831.17642
2022-06-04 11:00:00+00:00,29729.9,29742.09,29594.91,29681.69,897.04996
2022-06-04 12:00:00+00:00,29681.68,29703.64,29516.01,29538.0,1134.57345
2022-06-04 13:00:00+00:00,29538.0,29654.52,29522.99,29596.11,960.73462
2022-06-04 14:00:00+00:00,29596.11,29988.88,29485.0,29777.32,2794.76263
2022-06-04 15:00:00+00:00,29777.31,29888.01,29750.29,29858.8,1492.70826
2022-06-04 16:00:00+00:00,29858.79,29858.8,29747.63,29751.41,1138.48775
2022-06-04 17:00:00+00:00,29751.41,29755.24,29613.26,29712.52,1017.79595
2022-06-04 18:00:00+00:00,29712.52,29799.82,29712.51,29768.67,762.28045
2022-06-04 19:00:00+00:00,29768.68,29775.37,29634.05,29655.41,741.55965
2022-06-04 20:00:00+00:00,29655.41,29750.0,29632.05,29749.77,620.23887
2022-06-04 21:00:00+00:00,29749.77,29862.57,29745.51,29846.33,612.7848
2022-06-04 22:00:00+00:00,29846.33,29977.99,29791.65,29808.01,1658.35818
2022-06-04 23:00:00+00:00,29808.02,29869.4,29771.22,29864.04,748.91257
2022-06-05 00:00:00+00:00,29864.03,29897.18,29729.37,29740.64,782.85069
2022-06-05 01:00:00+00:00,29740.64,29755.23,29681.85,29691.74,862.23099
2022-06-05 02:00:00+00:00,29691.73,29799.99,29678.5,29793.99,592.84149
2022-06-05 03:00:00+00:00,29793.99,29819.95,29748.88,29766.95,474.10191
2022-06-05 04:00:00+00:00,29766.95,29782.19,29686.0,29722.9,646.57341
2022-06-05 05:00:00+00:00,29722.9,29819.85,29722.89,29793.95,439.88382
2022-06-05 06:00:00+00:00,29793.94,29796.83,29729.7,29729.71,376.08204
2022-06-05 07:00:00+00:00,29729.71,29810.2,29645.67,29645.67,666.95377
2022-06-05 08:00:00+00:00,29645.68,29738.73,29643.93,29691.81,615.97894
2022-06-05 09:00:00+00:00,29691.82,29691.82,29531.42,29639.46,1159.92989
2022-06-05 10:00:00+00:00,29639.46,29710.0,29600.0,29641.65,493.53234
2022-06-05 11:00:00+00:00,29641.65,29742.13,29588.95,29718.69,718.61891
2022-06-05 12:00:00+00:00,29718.69,29780.65,29675.24,29717.99,564.954
2022-06-05 13:00:00+00:00,29718.0,29754.89,29640.73,29656.46,508.84233
2022-06-05 14:00:00+00:00,29656.45,29837.86,29626.65,29791.71,1035.92173
2022-06-05 15:00:00+00:00,29791.72,29981.0,29781.7,29972.22,1570.92494
2022-06-05 16:00:00+00:00,29972.23,30189.0,29761.0,29866.94,3160.67496
2022-06-05 17:00:00+00:00,29866.95,30132.47,29846.38,30021.99,1856.99172
2022-06-05 18:00:00+00:00,30022.0,30092.09,29979.44,29996.31,904.97902
2022-06-05 19:00:00+00:00,29996.31,30100.0,29956.07,30049.86,744.61866
2022-06-05 20:00:00+00:00,30049.85,30127.47,29945.84,29945.84,793.84855
2022-06-05 21:00:00+00:00,29945.85,29996.75,29815.75,29965.23,1006.36058
2022-06-05 22:00:00+00:00,29965.23,30070.83,29875.01,30022.67,1946.38215
2022-06-05 23:00:00+00:00,30022.67,30050.92,29894.89,29919.21,1215.85126
2022-06-06 00:00:00+00:00,29919.2,30396.99,29890.23,30301.7,2491.61974
2022-06-06 01:00:00+00:00,30301.69,30924.56,30301.69,30844.07,5378.11621
2022-06-06 02:00:00+00:00,30844.06,31145.32,30844.06,30926.11,4177.22499
2022-06-06 03:00:00+00:00,30926.12,31276.87,30926.11,31251.0,6152.95419
2022-06-06 04:00:00+00:00,31250.99,31357.0,31148.43,31222.91,2376.7092
2022-06-06 05:00:00+00:00,31222.91,31283.34,31153.6,31169.05,1937.11907
2022-06-06 06:00:00+00:00,31169.05,31434.75,31160.42,31274.23,2619.20575
2022-06-06 07:00:00+00:00,31274.23,31393.15,31196.74,31292.77,2240.20227
2022-06-06 08:00:00+00:00,31292.76,31483.28,31281.0,31469.28,2697.09011
2022-06-06 09:00:00+00:00,31469.27,31550.0,31380.0,31475.14,2231.52074
2022-06-06 10:00:00+00:00,31475.13,31535.9,31390.0,31483.19,1653.15499
2022-06-06 11:00:00+00:00,31483.19,31599.37,31338.37,31396.71,2651.56181
2022-06-06 12:00:00+00:00,31396.72,31479.57,31346.95,31408.96,1933.57207
2022-06-06 13:00:00+00:00,31408.97,31527.9,31256.0,31442.96,4312.83641
2022-06-06 14:00:00+00:00,31442.96,31765.64,31421.73,31506.69,4918.62416
2022-06-06 15:00:00+00:00,31506.69,31559.41,31162.55,31541.42,5502.63391
2022-06-06 16:00:00+00:00,31541.41,31555.75,31223.78,31310.95,3354.61617
2022-06-06 17:00:00+00:00,31310.95,31372.99,31000.01,31346.12,3330.05141
2022-06-06 18:00:00+00:00,31346.12,31437.6,31230.24,31349.5,2019.47844
2022-06-06 19:00:00+00:00,31349.5,31483.96,31244.99,31470.72,1765.41874
2022-06-06 20:00:00+00:00,31470.72,31542.66,31272.39,31462.49,1816.14991
2022-06-06 21:00:00+00:00,31462.49,31599.85,31410.23,31488.86,1300.12136
2022-06-06 22:00:00+00:00,31488.86,31543.4,31381.58,31395.55,964.87495
2022-06-06 23:00:00+00:00,31395.55,31431.14,31317.61,31373.1,1012.06796
2022-06-07 00:00:00+00:00,31373.1,31381.03,30131.01,30197.77,10182.07375
2022-06-07 01:00:00+00:00,30197.77,30257.14,29295.18,29568.47,11463.15517
2022-06-07 02:00:00+00:00,29568.47,29568.48,29218.96,29402.08,6359.73876
2022-06-07 03:00:00+00:00,29402.09,29668.1,29340.0,29563.62,6120.68755
2022-06-07 04:00:00+00:00,29563.61,29608.0,29455.4,29522.42,3289.71517
2022-06-07 05:00:00+00:00,29522.42,29632.49,29401.0,29478.41,3878.02366
2022-06-07 06:00:00+00:00,29478.4,29561.26,29441.92,29521.24,1489.61972
2022-06-07 07:00:00+00:00,29521.23,29598.75,29493.92,29585.12,1628.00425
2022-06-07 08:00:00+00:00,29585.12,29733.63,29560.54,29652.76,2128.62612
2022-06-07 09:00:00+00:00,29652.76,29663.91,29550.0,29561.54,1388.65084
2022-06-07 10:00:00+00:00,29561.53,29655.96,29532.5,29597.79,1142.84869
2022-06-07 11:00:00+00:00,29597.79,29617.57,29345.0,29521.5,3012.27658
2022-06-07 12:00:00+00:00,29521.51,29570.0,29401.44,29504.21,2637.31256
2022-06-07 13:00:00+00:00,29504.21,29715.57,29430.01,29564.48,3272.75616
2022-06-07 14:00:00+00:00,29564.47,30041.25,29506.33,29908.73,5812.94357
2022-06-07 15:00:00+00:00,29908.72,30027.01,29775.8,29891.17,3357.91031
2022-06-07 16:00:00+00:00,29891.17,29950.0,29747.62,29918.31,1742.51734
2022-06-07 17:00:00+00:00,29918.32,29989.3,29863.2,29943.75,1230.33646
2022-06-07 18:00:00+00:00,29943.76,30268.65,29925.19,30193.41,2532.70536
2022-06-07 19:00:00+00:00,30193.42,31429.85,30189.78,31059.71,9207.19644
2022-06-07 20:00:00+00:00,31059.71,31589.6,31048.99,31350.33,8526.58092
2022-06-07 21:00:00+00:00,31350.33,31547.56,31271.1,31401.21,3571.36425
2022-06-07 22:00:00+00:00,31401.21,31568.0,30300.0,31259.96,10302.91669
2022-06-07 23:00:00+00:00,31259.96,31386.46,30914.26,31125.33,6396.55626
2022-06-08 00:00:00+00:00,31125.32,31327.22,31050.83,31079.67,3357.85846
2022-06-08 01:00:00+00:00,31079.67,31230.0,30738.51,31118.19,4038.99251
2022-06-08 02:00:00+00:00,31118.19,31244.16,30948.83,30973.14,1803.16908
2022-06-08 03:00:00+00:00,30973.13,31028.92,29843.88,30026.72,10457.20765
2022-06-08 04:00:00+00:00,30026.71,30396.0,29872.55,30248.45,6228.52668
2022-06-08 05:00:00+00:00,30248.45,30650.02,30213.34,30548.89,2681.82617
2022-06-08 06:00:00+00:00,30548.89,30686.63,30352.58,30534.75,2395.55103
2022-06-08 07:00:00+00:00,30534.74,30637.84,30314.45,30561.77,2004.93254
2022-06-08 08:00:00+00:00,30561.77,30616.85,30431.48,30505.23,1813.73793
2022-06-08 09:00:00+00:00,30505.24,30575.76,30373.17,30530.6,1709.95412
2022-06-08 10:00:00+00:00,30530.6,30535.31,30336.81,30382.78,1204.7517
2022-06-08 11:00:00+00:00,30382.79,30510.01,30340.72,30410.85,1599.65981
2022-06-08 12:00:00+00:00,30410.85,30450.22,30111.01,30137.78,2626.91411
2022-06-08 13:00:00+00:00,30137.79,30901.67,30051.16,30766.49,6583.01654
2022-06-08 14:00:00+00:00,30766.5,30797.0,30338.75,30425.75,4147.98896
2022-06-08 15:00:00+00:00,30425.76,30558.06,30375.39,30476.77,2186.63599
2022-06-08 16:00:00+00:00,30476.77,30552.64,30213.92,30331.51,2307.3844
2022-06-08 17:00:00+00:00,30331.51,30457.43,30287.62,30382.62,1419.4362
2022-06-08 18:00:00+00:00,30382.61,30421.05,29916.45,30234.87,3684.77528
2022-06-08 19:00:00+00:00,30234.86,30307.94,30075.17,30140.14,1975.02956
2022-06-08 20:00:00+00:00,30140.14,30321.92,30102.86,30202.53,997.7306
2022-06-08 21:00:00+00:00,30202.53,30499.0,30200.16,30424.25,1134.90422
2022-06-08 22:00:00+00:00,30424.24,30457.23,30283.32,30310.55,1061.03909
2022-06-08 23:00:00+00:00,30310.55,30370.17,30189.22,30204.77,1121.59013
2022-06-09 00:00:00+00:00,30204.77,30274.24,30070.24,30223.76,1757.26206
2022-06-09 01:00:00+00:00,30223.76,30323.51,30090.39,30090.5,1214.83639
2022-06-09 02:00:00+00:00,30090.51,30213.18,30075.42,30203.15,895.42981
2022-06-09 03:00:00+00:00,30203.14,30303.51,30189.54,30293.49,741.38966
2022-06-09 04:00:00+00:00,30293.5,30302.05,30235.85,30267.46,692.12559
2022-06-09 05:00:00+00:00,30267.46,30465.59,30250.35,30315.29,1806.68925
2022-06-09 06:00:00+00:00,30315.29,30350.0,30283.57,30334.47,976.76919
2022-06-09 07:00:00+00:00,30334.46,30487.54,30317.21,30487.54,1629.8285
2022-06-09 08:00:00+00:00,30487.53,30569.0,30360.27,30510.57,2169.33239
2022-06-09 09:00:00+00:00,30510.56,30700.0,30482.82,30549.46,2243.71821
2022-06-09 10:00:00+00:00,30549.45,30600.04,30384.66,30433.81,1530.23911
2022-06-09 11:00:00+00:00,30433.81,30453.4,30251.89,30299.47,1984.95739
2022-06-09 12:00:00+00:00,30299.46,30366.68,30004.77,30112.88,6144.09476
2022-06-09 13:00:00+00:00,30112.87,30258.99,29944.1,30167.3,3931.82547
2022-06-09 14:00:00+00:00,30167.3,30287.07,30059.29,30116.57,3021.19869
2022-06-09 15:00:00+00:00,30116.56,30389.05,30036.19,30302.24,2361.3136
2022-06-09 16:00:00+00:00,30302.23,30375.34,30180.2,30351.93,2294.70656
2022-06-09 17:00:00+00:00,30351.94,30450.0,30207.92,30323.53,2148.16414
2022-06-09 18:00:00+00:00,30323.54,30347.0,30141.91,30148.23,1734.47661
2022-06-09 19:00:00+00:00,30148.23,30173.22,29976.0,30017.12,1811.20259
2022-06-09 20:00:00+00:00,30017.12,30197.77,29970.51,30185.93,1703.27776
2022-06-09 21:00:00+00:00,30185.92,30250.0,30134.61,30139.31,785.53064
2022-06-09 22:00:00+00:00,30139.3,30155.66,30017.0,30067.61,1243.30469
2022-06-09 23:00:00+00:00,30067.61,30124.04,30000.0,30109.93,1469.51344
2022-06-10 00:00:00+00:00,30109.93,30145.38,29578.96,29755.12,7314.09681
2022-06-10 01:00:00+00:00,29755.11,30057.51,29739.9,29885.72,2057.48623
2022-06-10 02:00:00+00:00,29885.73,30039.13,29874.06,30024.0,1053.64458
2022-06-10 03:00:00+00:00,30024.0,30382.8,30024.0,30114.38,5084.61057
2022-06-10 04:00:00+00:00,30114.38,30147.2,30042.13,30093.0,1034.93661
2022-06-10 05:00:00+00:00,30093.0,30185.0,30087.94,30104.12,830.74518
2022-06-10 06:00:00+00:00,30104.11,30226.79,30067.97,30095.48,1832.60554
2022-06-10 07:00:00+00:00,30095.48,30135.68,30052.43,30052.43,1218.44265
2022-06-10 08:00:00+00:00,30052.44,30114.25,30005.0,30020.81,2466.99599
2022-06-10 09:00:00+00:00,30020.8,30078.84,29868.0,29897.09,4351.84185
2022-06-10 10:00:00+00:00,29897.09,30012.88,29875.09,30000.65,1474.98796
2022-06-10 11:00:00+00:00,30000.64,30089.51,29968.91,30020.56,972.21828
2022-06-10 12:00:00+00:00,30020.56,30184.4,29501.0,29642.6,9211.55757
2022-06-10 13:00:00+00:00,29642.6,29717.1,29258.0,29396.04,7957.4946
2022-06-10 14:00:00+00:00,29396.04,29694.47,29222.67,29565.01,5099.2983
2022-06-10 15:00:00+00:00,29565.01,29622.59,29353.81,29454.53,3005.30966
2022-06-10 16:00:00+00:00,29454.52,29484.45,28850.0,29045.46,8018.10386
2022-06-10 17:00:00+00:00,29045.47,29197.1,28922.72,29115.01,3115.7385
2022-06-10 18:00:00+00:00,29115.01,29142.06,28976.67,29056.8,1861.85843
2022-06-10 19:00:00+00:00,29056.79,29160.0,28945.63,28980.02,2454.90746
2022-06-10 20:00:00+00:00,28980.03,29261.39,28970.0,29204.02,1866.36728
2022-06-10 21:00:00+00:00,29204.01,29400.0,29154.81,29200.01,852.92226
2022-06-10 22:00:00+00:00,29200.01,29304.21,29100.0,29178.15,1475.44774
2022-06-10 23:00:00+00:00,29178.15,29212.8,29031.52,29091.88,1592.63189
2022-06-11 00:00:00+00:00,29091.87,29248.42,29047.93,29233.79,1512.25566
2022-06-11 01:00:00+00:00,29233.79,29266.75,29180.81,29209.05,998.29537
2022-06-11 02:00:00+00:00,29209.05,29300.17,29185.69,29269.68,921.52076
2022-06-11 03:00:00+00:00,29269.68,29315.21,29229.87,29272.43,904.16938
2022-06-11 04:00:00+00:00,29272.43,29386.38,29251.17,29383.2,810.84406
2022-06-11 05:00:00+00:00,29383.2,29440.41,29253.25,29283.45,1230.43828
2022-06-11 06:00:00+00:00,29283.45,29314.78,29265.26,29314.5,796.86594
2022-06-11 07:00:00+00:00,29314.5,29358.65,29279.99,29326.83,880.62621
2022-06-11 08:00:00+00:00,29326.83,29345.11,28990.0,28994.03,2844.64066
2022-06-11 09:00:00+00:00,28994.04,29184.1,28742.38,29073.02,6274.53111
2022-06-11 10:00:00+00:00,29073.02,29122.39,28850.0,28922.01,1924.2081
2022-06-11 11:00:00+00:00,28922.01,28961.46,28590.0,28734.01,5524.36901
2022-06-11 12:00:00+00:00,28734.01,28870.0,28479.6,28479.61,4616.89908
2022-06-11 13:00:00+00:00,28479.6,28869.63,28348.78,28780.11,6035.12404
2022-06-11 14:00:00+00:00,28780.11,28781.98,28386.7,28429.65,3745.76199
2022-06-11 15:00:00+00:00,28429.65,28605.15,28251.0,28405.54,6262.02068
2022-06-11 16:00:00+00:00,28405.55,28505.61,28099.99,28470.8,6469.4851
2022-06-11 17:00:00+00:00,28470.79,28582.06,28390.38,28499.25,2492.88157
2022-06-11 18:00:00+00:00,28499.24,28794.46,28454.69,28611.35,2666.56328
2022-06-11 19:00:00+00:00,28611.34,28759.29,28592.66,28595.28,1242.70446
2022-06-11 20:00:00+00:00,28595.27,28623.63,28378.37,28408.17,1854.27393
2022-06-11 21:00:00+00:00,28408.18,28620.27,28389.91,28561.05,1046.18359
2022-06-11 22:00:00+00:00,28561.04,28683.54,28538.14,28635.76,1681.65202
2022-06-11 23:00:00+00:00,28635.75,28645.0,28250.04,28424.7,3165.08467
2022-06-12 00:00:00+00:00,28424.71,28544.96,28376.11,28506.53,1537.89985
2022-06-12 01:00:00+00:00,28506.53,28516.94,28171.0,28244.71,2323.57501
2022-06-12 02:00:00+00:00,28244.7,28346.72,27307.32,27427.48,13225.95243
2022-06-12 03:00:00+00:00,27427.48,27764.64,27249.0,27553.23,4214.70095
2022-06-12 04:00:00+00:00,27553.22,27656.05,27428.48,27436.64,2183.10906
2022-06-12 05:00:00+00:00,27436.63,27473.14,27190.0,27270.79,4662.37988
2022-06-12 06:00:00+00:00,27270.79,27553.12,27245.7,27485.79,3053.59487
2022-06-12 07:00:00+00:00,27485.8,27677.18,27395.6,27645.89,1946.30787
2022-06-12 08:00:00+00:00,27645.88,27726.15,27532.8,27568.21,2350.33425
2022-06-12 09:00:00+00:00,27568.21,27611.13,27455.17,27469.84,1811.19261
2022-06-12 10:00:00+00:00,27469.97,27580.0,27360.16,27444.46,2436.45547
2022-06-12 11:00:00+00:00,27444.46,27526.59,27342.82,27457.39,2094.76174
2022-06-12 12:00:00+00:00,27457.39,27583.1,27424.74,27436.71,1331.19369
2022-06-12 13:00:00+00:00,27436.72,27475.06,27234.55,27313.36,2687.45763
2022-06-12 14:00:00+00:00,27313.35,27965.76,26890.0,27815.0,10301.73719
2022-06-12 15:00:00+00:00,27814.99,28347.89,27776.99,28094.42,8311.67826
2022-06-12 16:00:00+00:00,28094.42,28177.64,27812.0,27932.6,3091.91952
2022-06-12 17:00:00+00:00,27932.6,28238.58,27921.78,28124.01,2818.28778
2022-06-12 18:00:00+00:00,28124.01,28141.34,27876.95,27908.06,2084.84016
2022-06-12 19:00:00+00:00,27908.07,27939.18,27423.73,27424.71,3644.44153
2022-06-12 20:00:00+00:00,27424.71,27557.05,27359.19,27377.0,2175.22878
2022-06-12 21:00:00+00:00,27376.99,27532.07,27333.33,27369.34,1300.18637
2022-06-12 22:00:00+00:00,27369.35,27454.38,26925.27,26995.44,6595.47181
2022-06-12 23:00:00+00:00,26995.44,27190.0,26560.0,26574.53,6291.892099
2022-06-13 00:00:00+00:00,26574.53,26895.84,26285.56,26307.16,11892.255709
2022-06-13 01:00:00+00:00,26307.16,26470.53,25602.17,25771.59,14019.023406
2022-06-13 02:00:00+00:00,25771.6,25862.98,25334.66,25341.4,10863.860561
2022-06-13 03:00:00+00:00,25341.39,25672.59,24900.0,25520.05,16677.088807
2022-06-13 04:00:00+00:00,25520.05,26257.31,25371.82,25389.99,10154.68654
2022-06-13 05:00:00+00:00,25388.71,25849.99,25190.27,25234.44,6932.25581
2022-06-13 06:00:00+00:00,25234.44,25607.0,25057.33,25358.14,8367.78234
2022-06-13 07:00:00+00:00,25358.15,25472.58,24555.0,24811.59,12873.891003
2022-06-13 08:00:00+00:00,24811.59,24941.17,24152.88,24182.6,15274.248184
2022-06-13 09:00:00+00:00,24182.6,24651.17,23788.0,24052.83,18839.125408
2022-06-13 10:00:00+00:00,24052.82,24324.19,23841.57,23990.63,10421.93522
2022-06-13 11:00:00+00:00,23990.63,24104.7,23500.0,23729.43,10305.801345
2022-06-13 12:00:00+00:00,23729.43,24376.09,23633.66,23683.31,9142.38054
2022-06-13 13:00:00+00:00,23683.3,23979.67,23338.73,23651.94,15801.876775
2022-06-13 14:00:00+00:00,23651.94,23740.0,22600.0,22804.62,19134.71625
2022-06-13 15:00:00+00:00,22804.62,23507.48,22618.63,23271.54,13322.86186
2022-06-13 16:00:00+00:00,23271.53,24204.55,23123.97,23733.48,11860.59394
2022-06-13 17:00:00+00:00,23732.85,23761.4,23106.2,23538.33,5778.7285
2022-06-13 18:00:00+00:00,23538.32,23810.87,23363.61,23375.01,3950.63054
2022-06-13 19:00:00+00:00,23375.02,23410.83,23101.01,23218.22,4403.48687
2022-06-13 20:00:00+00:00,23215.97,23787.3,23191.48,23245.83,3549.75188
2022-06-13 21:00:00+00:00,23245.82,23390.54,22862.09,23061.45,3068.9887
2022-06-13 22:00:00+00:00,23061.44,23131.51,22563.0,22587.9,4302.867919
2022-06-13 23:00:00+00:00,22587.9,22650.0,21925.77,22487.41,13672.196859
2022-06-14 00:00:00+00:00,22485.27,22796.71,21756.73,21759.51,11644.293473
2022-06-14 01:00:00+00:00,21759.51,21887.84,20855.0,20855.0,22595.644697
2022-06-14 02:00:00+00:00,20855.0,21790.0,20846.0,21548.74,18705.61297
2022-06-14 03:00:00+00:00,21548.74,22300.0,21327.36,22127.91,11194.43061
2022-06-14 04:00:00+00:00,22127.92,22466.88,21763.71,21977.83,10250.83244
2022-06-14 05:00:00+00:00,21977.83,23362.88,21918.66,22747.24,15621.63646
2022-06-14 06:00:00+00:00,22747.25,22909.5,22323.78,22633.82,8974.26356
2022-06-14 07:00:00+00:00,22633.81,23041.27,22171.0,22877.52,9045.80315
2022-06-14 08:00:00+00:00,22877.52,22979.96,22572.35,22609.91,5775.72228
2022-06-14 09:00:00+00:00,22609.9,22700.0,22289.36,22298.92,4764.54332
2022-06-14 10:00:00+00:00,22298.92,22648.13,22250.43,22381.28,4582.8363
2022-06-14 11:00:00+00:00,22381.27,22422.1,21725.22,21994.56,7370.92217
2022-06-14 12:00:00+00:00,21994.56,22455.91,21811.01,22150.85,6788.7361
2022-06-14 13:00:00+00:00,22150.85,22591.78,21967.0,22411.33,8229.72466
2022-06-14 14:00:00+00:00,22416.91,22555.0,22019.06,22513.72,7373.15864
2022-06-14 15:00:00+00:00,22513.71,22800.0,22260.94,22680.38,6773.63786
2022-06-14 16:00:00+00:00,22680.38,22777.07,22421.16,22484.69,3386.6256
2022-06-14 17:00:00+00:00,22484.69,22740.0,22325.0,22361.56,3019.36466
2022-06-14 18:00:00+00:00,22361.94,22590.72,22219.23,22297.16,2711.97933
2022-06-14 19:00:00+00:00,22297.16,22331.77,22126.4,22196.28,2347.20373
2022-06-14 20:00:00+00:00,22190.93,22244.44,21839.48,21989.87,3107.48157
2022-06-14 21:00:00+00:00,21989.88,22099.57,21358.0,21484.73,4074.72978
2022-06-14 22:00:00+00:00,21484.74,21659.0,21475.87,21598.93,3069.91582
2022-06-14 23:00:00+00:00,21598.92,22344.0,21579.07,22136.41,5792.54753
2022-06-15 00:00:00+00:00,22136.42,22153.2,21741.59,21808.32,3921.70541
2022-06-15 01:00:00+00:00,21808.33,22297.37,21770.68,22163.99,4223.39193
2022-06-15 02:00:00+00:00,22164.0,22174.98,21851.39,21985.86,2756.33431
2022-06-15 03:00:00+00:00,21985.85,22044.44,21406.68,21455.8,4638.98575
2022-06-15 04:00:00+00:00,21455.8,21490.67,20923.51,21148.79,11547.41245
2022-06-15 05:00:00+00:00,21148.8,21350.0,20750.0,21226.31,8756.798933
2022-06-15 06:00:00+00:00,21226.31,21412.29,20965.03,21336.0,6425.58338
2022-06-15 07:00:00+00:00,21336.01,21445.71,20652.18,20722.92,10181.92016
2022-06-15 08:00:00+00:00,20722.92,20755.8,20185.0,20265.06,18440.164889
2022-06-15 09:00:00+00:00,20265.07,20425.01,20111.62,20238.04,10728.192175
2022-06-15 10:00:00+00:00,20238.03,20819.37,20200.58,20573.58,13664.50954
2022-06-15 11:00:00+00:00,20573.59,21290.0,20394.8,21177.03,10360.6993
2022-06-15 12:00:00+00:00,21177.04,21580.0,21045.13,21197.61,8343.09996
2022-06-15 13:00:00+00:00,21197.62,21798.95,21149.82,21561.5,7815.11646
2022-06-15 14:00:00+00:00,21561.49,21773.34,21080.26,21215.09,6073.13627
2022-06-15 15:00:00+00:00,21215.08,21500.0,21133.0,21419.1,3868.2601
2022-06-15 16:00:00+00:00,21419.09,21545.6,20632.84,20723.0,6647.3656
2022-06-15 17:00:00+00:00,20723.0,21507.04,20500.0,21117.26,8610.49357
2022-06-15 18:00:00+00:00,21117.26,22496.52,20250.0,21540.07,26390.27323
2022-06-15 19:00:00+00:00,21540.07,22280.0,21449.74,21632.04,8629.94579
2022-06-15 20:00:00+00:00,21632.03,21927.43,21450.0,21681.79,3813.74363
2022-06-15 21:00:00+00:00,21681.79,22445.53,21642.46,22214.02,3866.67365
2022-06-15 22:00:00+00:00,22214.03,22800.0,22207.1,22474.41,8077.44415
2022-06-15 23:00:00+00:00,22474.42,22686.81,22422.67,22583.72,2993.24283
2022-06-16 00:00:00+00:00,22583.72,22806.59,22484.93,22680.0,4551.35597
2022-06-16 01:00:00+00:00,22680.0,22995.73,22352.56,22368.42,4848.76679
2022-06-16 02:00:00+00:00,22368.42,22543.93,22324.22,22454.07,3067.44076
2022-06-16 03:00:00+00:00,22454.06,22530.0,22167.08,22211.62,2933.61256
2022-06-16 04:00:00+00:00,22211.62,22361.98,22037.67,22093.97,2745.11311
2022-06-16 05:00:00+00:00,22093.96,22198.99,21915.24,21941.97,2371.1606
2022-06-16 06:00:00+00:00,21941.98,22006.32,21712.0,21797.51,2824.63942
2022-06-16 07:00:00+00:00,21797.51,21939.66,21646.64,21764.17,3849.4982
2022-06-16 08:00:00+00:00,21764.18,21888.0,21604.14,21786.97,3068.11349
2022-06-16 09:00:00+00:00,21786.97,21793.58,21125.03,21273.85,6673.11058
2022-06-16 10:00:00+00:00,21273.86,21361.26,20852.35,21243.04,6892.2802
2022-06-16 11:00:00+00:00,21247.9,21295.8,20893.69,21044.55,4312.07086
2022-06-16 12:00:00+00:00,21044.56,21510.2,20921.99,21144.79,5194.96209
2022-06-16 13:00:00+00:00,21144.8,21364.0,20901.01,21022.04,5445.38015
2022-06-16 14:00:00+00:00,21022.04,21140.93,20745.0,20924.33,5742.24321
2022-06-16 15:00:00+00:00,20924.32,21278.77,20917.33,21074.77,3855.17142
2022-06-16 16:00:00+00:00,21074.77,21250.01,20818.0,21186.1,4998.55978
2022-06-16 17:00:00+00:00,21186.1,21500.0,21055.0,21068.65,3819.30218
2022-06-16 18:00:00+00:00,21068.64,21123.48,20914.27,21029.37,2946.10659
2022-06-16 19:00:00+00:00,21029.36,21130.84,20860.01,20875.48,3028.68186
2022-06-16 20:00:00+00:00,20875.48,21048.38,20502.0,20712.58,4025.51668
2022-06-16 21:00:00+00:00,20712.58,20932.0,20631.01,20685.5,2035.35819
2022-06-16 22:00:00+00:00,20685.5,20707.78,20343.22,20364.99,4621.68329
2022-06-16 23:00:00+00:00,20364.98,20492.52,20232.0,20401.31,5823.46631
2022-06-17 00:00:00+00:00,20400.6,20630.0,20246.66,20363.63,4725.47209
2022-06-17 01:00:00+00:00,20363.64,20949.2,20347.03,20880.8,6104.53991
2022-06-17 02:00:00+00:00,20880.81,21059.68,20543.09,20580.3,3930.0286
2022-06-17 03:00:00+00:00,20580.29,20680.5,20352.67,20383.38,2663.77548
2022-06-17 04:00:00+00:00,20383.37,20633.65,20326.0,20536.92,2633.99746
2022-06-17 05:00:00+00:00,20536.91,20974.71,20526.69,20807.76,3328.20044
2022-06-17 06:00:00+00:00,20807.77,20994.28,20616.2,20898.02,4067.3857
2022-06-17 07:00:00+00:00,20898.02,21286.01,20829.05,21100.64,5654.94925
2022-06-17 08:00:00+00:00,21100.65,21365.43,21022.21,21069.39,3909.35129
2022-06-17 09:00:00+00:00,21069.39,21137.93,20877.17,20972.66,3251.20975
2022-06-17 10:00:00+00:00,20972.66,21150.0,20847.49,21119.5,3088.03145
2022-06-17 11:00:00+00:00,21119.5,21218.0,20943.56,20972.04,2992.05756
2022-06-17 12:00:00+00:00,20972.04,21047.41,20588.0,20654.49,4422.41977
2022-06-17 13:00:00+00:00,20654.5,20920.65,20569.63,20801.35,5267.6047
2022-06-17 14:00:00+00:00,20801.34,20810.76,20386.93,20550.71,6026.00197
2022-06-17 15:00:00+00:00,20550.71,20749.24,20524.84,20663.7,3768.70917
2022-06-17 16:00:00+00:00,20661.95,20791.96,20530.0,20571.21,3648.99953
2022-06-17 17:00:00+00:00,20571.2,20714.23,20510.06,20592.6,3024.89403
2022-06-17 18:00:00+00:00,20592.59,20653.13,20468.88,20517.62,2388.9294
2022-06-17 19:00:00+00:00,20517.62,20547.06,20440.92,20515.59,2289.6773
2022-06-17 20:00:00+00:00,20515.59,20723.0,20515.13,20652.65,2990.76131
2022-06-17 21:00:00+00:00,20652.65,20680.0,20513.03,20554.16,1655.07405
2022-06-17 22:00:00+00:00,20554.16,20605.58,20368.2,20451.19,3311.49068
2022-06-17 23:00:00+00:00,20451.19,20544.43,20428.22,20468.81,1550.77574
2022-06-18 00:00:00+00:00,20468.81,20792.06,20440.82,20569.14,3598.90375
2022-06-18 01:00:00+00:00,20569.14,20599.29,20375.16,20390.01,2874.25323
2022-06-18 02:00:00+00:00,20390.02,20523.25,20322.08,20475.28,3973.65498
2022-06-18 03:00:00+00:00,20475.28,20498.75,20380.7,20459.65,2596.52691
2022-06-18 04:00:00+00:00,20459.65,20499.67,20397.06,20493.37,1692.29487
2022-06-18 05:00:00+00:00,20493.38,20537.34,20394.46,20424.05,1571.28239
2022-06-18 06:00:00+00:00,20424.04,20446.52,19120.0,19439.26,16590.795609
2022-06-18 07:00:00+00:00,19439.26,19600.0,19066.8,19258.58,16079.78318
2022-06-18 08:00:00+00:00,19258.58,19393.0,18742.5,19008.88,17850.701399
2022-06-18 09:00:00+00:00,19008.89,19218.18,18901.01,19173.92,6472.11707
2022-06-18 10:00:00+00:00,19173.91,19540.0,19149.27,19395.33,7696.44156
2022-06-18 11:00:00+00:00,19395.33,19464.15,19237.05,19243.98,4699.67246
2022-06-18 12:00:00+00:00,19243.99,19291.99,19125.01,19155.45,4418.521
2022-06-18 13:00:00+00:00,19155.46,19233.71,19090.92,19200.11,3893.64991
2022-06-18 14:00:00+00:00,19200.12,19261.75,19069.68,19077.58,3039.66279
2022-06-18 15:00:00+00:00,19077.58,19123.97,18942.75,18953.76,4758.23093
2022-06-18 16:00:00+00:00,18953.76,19101.28,18811.0,18875.25,5520.84591
2022-06-18 17:00:00+00:00,18875.25,18964.93,18511.0,18621.13,13060.296568
2022-06-18 18:00:00+00:00,18621.12,18653.57,18128.0,18215.78,14773.236792
2022-06-18 19:00:00+00:00,18215.77,18358.75,18031.13,18067.6,9216.460705
2022-06-18 20:00:00+00:00,18067.61,18177.41,17622.0,17809.0,23329.136121
2022-06-18 21:00:00+00:00,17808.99,18919.78,17763.38,18517.72,13789.82116
2022-06-18 22:00:00+00:00,18517.71,19493.23,18425.56,19186.93,10325.10569
2022-06-18 23:00:00+00:00,19186.92,19269.99,18908.96,18970.79,4620.26054
2022-06-19 00:00:00+00:00,18970.79,19198.0,18859.29,18972.29,5217.72237
2022-06-19 01:00:00+00:00,18972.28,19042.48,18410.79,18480.1,5423.07867
2022-06-19 02:00:00+00:00,18480.1,18529.32,18224.98,18380.1,4696.99078
2022-06-19 03:00:00+00:00,18380.1,18750.0,18262.56,18311.09,4218.74032
2022-06-19 04:00:00+00:00,18311.1,18621.57,18264.66,18504.96,2603.49217
2022-06-19 05:00:00+00:00,18504.96,18543.47,17960.41,18126.08,6123.12877
2022-06-19 06:00:00+00:00,18126.08,18481.31,18053.13,18256.55,4309.78717
2022-06-19 07:00:00+00:00,18256.54,18546.0,18245.0,18306.93,3634.55104
2022-06-19 08:00:00+00:00,18307.39,18712.06,18264.67,18671.79,4289.56862
2022-06-19 09:00:00+00:00,18671.78,19314.91,18577.25,19006.11,8160.00557
2022-06-19 10:00:00+00:00,19006.11,20057.2,18898.74,19907.41,15953.30282
2022-06-19 11:00:00+00:00,19907.41,20150.0,19573.3,19692.5,5625.2177
2022-06-19 12:00:00+00:00,19692.49,19944.52,19284.5,19344.27,7514.61224
2022-06-19 13:00:00+00:00,19344.26,19592.57,19130.84,19185.87,3738.37319
2022-06-19 14:00:00+00:00,19185.86,19514.14,19156.22,19472.24,3052.85422
2022-06-19 15:00:00+00:00,19472.24,19945.88,19327.44,19824.97,6738.79065
2022-06-19 16:00:00+00:00,19824.96,19872.18,19350.08,19520.84,3797.28877
2022-06-19 17:00:00+00:00,19521.68,19597.64,19388.82,19445.99,2006.1414
2022-06-19 18:00:00+00:00,19445.6,20263.29,19413.44,20254.52,4671.57279
2022-06-19 19:00:00+00:00,20254.52,20344.91,19840.93,20124.08,7907.43097
2022-06-19 20:00:00+00:00,20124.07,20716.25,20050.47,20639.48,7750.16027
2022-06-19 21:00:00+00:00,20639.48,20660.44,20287.0,20395.64,3042.38225
2022-06-19 22:00:00+00:00,20395.63,20815.95,20313.0,20695.22,5281.10582
2022-06-19 23:00:00+00:00,20695.22,20713.77,20412.47,20574.0,2564.57738
2022-06-20 00:00:00+00:00,20574.0,20687.99,20056.01,20060.39,6676.88781
2022-06-20 01:00:00+00:00,20060.4,20161.19,19637.03,19795.52,6402.80583
2022-06-20 02:00:00+00:00,19795.53,20117.77,19670.74,19946.18,4536.73322
2022-06-20 03:00:00+00:00,19946.17,20197.28,19854.68,19980.49,3460.46218
2022-06-20 04:00:00+00:00,19980.49,20182.02,19813.3,19857.89,2617.58341
2022-06-20 05:00:00+00:00,19857.9,20118.36,19776.58,20107.81,3089.50205
2022-06-20 06:00:00+00:00,20107.81,20258.29,19925.0,20140.04,3200.58837
2022-06-20 07:00:00+00:00,20140.05,20158.83,19876.01,20086.63,2916.22251
2022-06-20 08:00:00+00:00,20086.62,20658.7,20023.14,20568.22,7842.3841
2022-06-20 09:00:00+00:00,20568.23,21022.0,20475.61,20652.36,8080.57311
2022-06-20 10:00:00+00:00,20652.36,20990.0,20468.1,20884.11,6728.5315
2022-06-20 11:00:00+00:00,20884.1,20962.65,20677.57,20801.79,4211.13317
2022-06-20 12:00:00+00:00,20801.79,20820.0,20364.33,20555.68,5277.1312
2022-06-20 13:00:00+00:00,20555.67,20715.88,20385.15,20525.56,5481.97965
2022-06-20 14:00:00+00:00,20525.55,20931.0,20509.99,20845.95,4241.64368
2022-06-20 15:00:00+00:00,20845.94,21090.0,20571.86,20824.74,5540.16717
2022-06-20 16:00:00+00:00,20824.74,20832.82,20206.11,20280.93,4318.62869
2022-06-20 17:00:00+00:00,20280.93,20450.0,19967.01,19977.6,4743.31651
2022-06-20 18:00:00+00:00,19977.59,20110.84,19832.95,20046.43,3985.97749
2022-06-20 19:00:00+00:00,20046.44,20200.0,19886.27,20072.81,3505.19992
2022-06-20 20:00:00+00:00,20072.8,20529.74,20001.53,20455.54,3338.66721
2022-06-20 21:00:00+00:00,20455.55,20633.88,20320.13,20418.45,2677.15009
2022-06-20 22:00:00+00:00,20418.44,20582.25,20251.59,20489.62,3061.36499
2022-06-20 23:00:00+00:00,20489.62,20784.77,20378.22,20573.89,3094.30768
2022-06-21 00:00:00+00:00,20573.9,20705.74,20396.77,20672.3,4235.77392
2022-06-21 01:00:00+00:00,20672.3,20783.99,20504.89,20670.88,3892.91412
2022-06-21 02:00:00+00:00,20670.87,20699.93,20348.4,20433.49,2876.88928
2022-06-21 03:00:00+00:00,20433.49,20665.26,20365.0,20614.04,3306.77018
2022-06-21 04:00:00+00:00,20614.04,20740.72,20474.41,20656.17,2925.33542
2022-06-21 05:00:00+00:00,20656.17,21029.93,20621.14,20890.77,6516.65611
2022-06-21 06:00:00+00:00,20890.77,21202.0,20890.77,21192.08,6114.51662
2022-06-21 07:00:00+00:00,21192.08,21333.0,20952.46,21120.28,5433.40262
2022-06-21 08:00:00+00:00,21120.28,21500.01,21051.25,21356.32,6241.36801
2022-06-21 09:00:00+00:00,21356.32,21470.0,21166.94,21200.0,4961.57496
2022-06-21 10:00:00+00:00,21200.01,21307.83,21061.54,21299.27,3982.47578
2022-06-21 11:00:00+00:00,21299.02,21361.03,20911.13,20962.42,4685.42524
2022-06-21 12:00:00+00:00,20962.42,21163.24,20853.36,21106.2,5596.26303
2022-06-21 13:00:00+00:00,21106.19,21650.0,20995.64,21619.31,8667.5908
2022-06-21 14:00:00+00:00,21619.31,21723.0,21427.82,21590.79,6295.02429
2022-06-21 15:00:00+00:00,21590.79,21604.27,21339.07,21392.19,3809.54622
2022-06-21 16:00:00+00:00,21392.18,21550.39,21355.77,21401.52,2422.14785
2022-06-21 17:00:00+00:00,21401.52,21457.82,21195.7,21242.94,3755.82919
2022-06-21 18:00:00+00:00,21242.93,21256.99,21076.48,21100.01,2820.40675
2022-06-21 19:00:00+00:00,21100.0,21306.51,20870.01,20888.64,4015.33528
2022-06-21 20:00:00+00:00,20888.63,20987.38,20666.0,20859.86,4442.87596
2022-06-21 21:00:00+00:00,20859.86,21054.99,20808.0,20972.91,1813.56236
2022-06-21 22:00:00+00:00,20972.91,21003.7,20741.03,20897.0,2945.6165
2022-06-21 23:00:00+00:00,20897.0,20943.17,20551.0,20723.52,2613.77441
2022-06-22 00:00:00+00:00,20723.51,20736.68,20421.38,20587.01,4195.854
2022-06-22 01:00:00+00:00,20587.01,20719.21,20388.01,20411.24,3271.91589
2022-06-22 02:00:00+00:00,20411.23,20526.67,20330.0,20466.47,3588.32401
2022-06-22 03:00:00+00:00,20466.47,20567.6,20253.96,20317.88,2923.22522
2022-06-22 04:00:00+00:00,20317.89,20469.5,20275.34,20435.08,2375.99842
2022-06-22 05:00:00+00:00,20435.08,20595.42,20364.74,20368.76,2740.16317
2022-06-22 06:00:00+00:00,20368.77,20450.99,19950.34,20112.97,5405.35939
2022-06-22 07:00:00+00:00,20112.97,20249.71,19966.62,20099.62,3610.85035
2022-06-22 08:00:00+00:00,20099.62,20257.0,20038.85,20235.07,2234.15756
2022-06-22 09:00:00+00:00,20235.06,20499.9,20232.29,20428.56,4035.91694
2022-06-22 10:00:00+00:00,20428.57,20550.0,20357.14,20419.23,2897.44157
2022-06-22 11:00:00+00:00,20419.24,20676.7,20399.01,20506.3,3047.62939
2022-06-22 12:00:00+00:00,20506.3,20573.37,20106.06,20365.5,4105.1175
2022-06-22 13:00:00+00:00,20365.49,20772.61,20235.08,20723.95,6458.44579
2022-06-22 14:00:00+00:00,20723.95,20900.0,20640.0,20693.98,5897.88574
2022-06-22 15:00:00+00:00,20693.98,20702.79,20035.54,20080.1,7307.38353
2022-06-22 16:00:00+00:00,20080.85,20345.76,19840.86,20322.73,7406.84975
2022-06-22 17:00:00+00:00,20322.72,20380.0,20150.0,20267.42,3395.33844
2022-06-22 18:00:00+00:00,20267.43,20378.47,20200.0,20218.15,2284.80699
2022-06-22 19:00:00+00:00,20218.15,20266.32,19913.0,20117.34,3269.37855
2022-06-22 20:00:00+00:00,20117.34,20239.87,19770.51,19879.97,4765.55052
2022-06-22 21:00:00+00:00,19879.98,20064.67,19831.19,20005.3,2198.46208
2022-06-22 22:00:00+00:00,20005.3,20169.09,19918.31,20103.32,2537.37762
2022-06-22 23:00:00+00:00,20103.32,20139.53,19960.51,19987.99,2180.54696
2022-06-23 00:00:00+00:00,19988.0,20510.0,19890.07,20419.14,6421.67625
2022-06-23 01:00:00+00:00,20419.15,20612.22,20339.13,20375.49,3802.15465
2022-06-23 02:00:00+00:00,20375.48,20492.01,20347.63,20363.0,2020.6266
2022-06-23 03:00:00+00:00,20363.01,20376.72,20211.43,20213.79,2119.20217
2022-06-23 04:00:00+00:00,20213.78,20394.99,20168.26,20357.17,2352.45447
2022-06-23 05:00:00+00:00,20357.17,20474.36,20273.9,20349.16,2112.42225
2022-06-23 06:00:00+00:00,20349.16,20657.14,20303.76,20548.51,3804.9336
2022-06-23 07:00:00+00:00,20548.52,20623.87,20424.98,20461.83,2756.88456
2022-06-23 08:00:00+00:00,20461.83,20659.46,20454.32,20576.66,2809.73259
2022-06-23 09:00:00+00:00,20576.65,20785.52,20488.02,20746.4,4890.13334
2022-06-23 10:00:00+00:00,20746.4,20812.12,20662.53,20699.54,4049.45026
2022-06-23 11:00:00+00:00,20699.54,20719.69,20591.53,20638.79,2452.72447
2022-06-23 12:00:00+00:00,20638.89,20829.21,20493.21,20563.48,4373.01444
2022-06-23 13:00:00+00:00,20563.48,20653.8,20365.13,20459.94,3975.1643
2022-06-23 14:00:00+00:00,20459.94,20615.94,20397.59,20609.71,3297.57809
2022-06-23 15:00:00+00:00,20609.71,20615.93,20287.41,20351.91,3125.64992
2022-06-23 16:00:00+00:00,20351.91,20366.98,20211.66,20284.28,2579.20894
2022-06-23 17:00:00+00:00,20284.28,20395.08,20170.0,20319.32,2189.46222
2022-06-23 18:00:00+00:00,20319.32,20456.0,20288.91,20431.92,2165.97677
2022-06-23 19:00:00+00:00,20431.92,20945.55,20390.82,20910.06,6133.33473
2022-06-23 20:00:00+00:00,20910.06,21123.0,20743.75,20815.25,5020.87077
2022-06-23 21:00:00+00:00,20815.26,20852.44,20672.72,20687.76,1717.53633
2022-06-23 22:00:00+00:00,20687.75,21233.0,20683.2,20991.75,6352.96759
2022-06-23 23:00:00+00:00,20991.75,21203.7,20975.88,21110.13,2603.92785
2022-06-24 00:00:00+00:00,21110.12,21199.88,20973.68,21007.18,3083.07263
2022-06-24 01:00:00+00:00,21007.18,21183.78,20985.14,21047.6,2403.56962
2022-06-24 02:00:00+00:00,21047.59,21369.85,21015.14,21173.46,3640.16248
2022-06-24 03:00:00+00:00,21173.47,21277.5,21040.0,21073.73,2433.55824
2022-06-24 04:00:00+00:00,21073.73,21154.62,20983.01,21050.15,2355.51277
2022-06-24 05:00:00+00:00,21050.15,21168.13,20864.84,20910.89,2563.26841
2022-06-24 06:00:00+00:00,20910.89,20962.17,20780.59,20842.16,2581.91419
2022-06-24 07:00:00+00:00,20842.16,21000.59,20736.72,20913.72,3744.70567
2022-06-24 08:00:00+00:00,20913.73,21094.0,20900.0,21053.33,2464.14621
2022-06-24 09:00:00+00:00,21053.33,21077.12,20745.01,20824.99,2494.24302
2022-06-24 10:00:00+00:00,20824.99,21000.3,20792.59,20995.36,2054.89951
2022-06-24 11:00:00+00:00,20995.36,21326.52,20979.81,21169.53,6170.22788
2022-06-24 12:00:00+00:00,21169.53,21457.0,21086.01,21215.25,5431.94046
2022-06-24 13:00:00+00:00,21215.24,21376.0,21142.86,21199.99,4429.7762
2022-06-24 14:00:00+00:00,21199.98,21374.99,21053.72,21120.78,3862.47179
2022-06-24 15:00:00+00:00,21120.77,21129.86,20822.9,20884.17,4646.41722
2022-06-24 16:00:00+00:00,20884.17,21100.0,20784.76,21044.61,4471.39466
2022-06-24 17:00:00+00:00,21044.61,21228.92,20933.32,20972.4,3740.74106
2022-06-24 18:00:00+00:00,20972.41,21132.07,20904.02,21126.61,2015.65132
2022-06-24 19:00:00+00:00,21126.61,21267.36,21027.19,21253.61,2109.47734
2022-06-24 20:00:00+00:00,21253.79,21341.97,21146.0,21200.42,2644.06654
2022-06-24 21:00:00+00:00,21200.41,21365.0,21182.8,21317.48,1843.26043
2022-06-24 22:00:00+00:00,21317.47,21558.41,21300.0,21310.99,3723.00706
2022-06-24 23:00:00+00:00,21310.73,21394.35,21194.01,21237.69,2522.88151
2022-06-25 00:00:00+00:00,21237.68,21302.81,21121.72,21194.12,2837.28222
2022-06-25 01:00:00+00:00,21194.12,21342.86,21147.84,21331.33,1888.11197
2022-06-25 02:00:00+00:00,21331.33,21379.65,21151.38,21177.36,2476.83305
2022-06-25 03:00:00+00:00,21177.36,21345.89,21157.41,21300.62,1631.90125
2022-06-25 04:00:00+00:00,21300.62,21306.55,21206.68,21234.48,1581.2349
2022-06-25 05:00:00+00:00,21234.49,21323.48,21214.59,21216.88,1454.07888
2022-06-25 06:00:00+00:00,21216.87,21308.08,21180.4,21303.62,1717.517
2022-06-25 07:00:00+00:00,21303.61,21614.5,21297.93,21508.13,4221.95206
2022-06-25 08:00:00+00:00,21508.09,21555.71,21353.97,21395.38,2092.97019
2022-06-25 09:00:00+00:00,21395.37,21500.39,21358.88,21432.69,1343.33303
2022-06-25 10:00:00+00:00,21432.69,21484.47,21385.14,21433.15,1162.95918
2022-06-25 11:00:00+00:00,21433.16,21475.0,21318.63,21340.22,1624.69474
2022-06-25 12:00:00+00:00,21340.22,21372.89,21031.92,21147.94,4716.24383
2022-06-25 13:00:00+00:00,21147.95,21245.77,21070.93,21165.45,2789.81432
2022-06-25 14:00:00+00:00,21165.45,21223.21,21080.0,21128.9,2139.95608
2022-06-25 15:00:00+00:00,21128.9,21184.55,20906.62,20961.89,3215.34266
2022-06-25 16:00:00+00:00,20961.89,21070.0,20915.0,21053.63,1915.61078
2022-06-25 17:00:00+00:00,21053.63,21164.21,21014.32,21096.77,1549.02838
2022-06-25 18:00:00+00:00,21096.76,21256.96,21043.75,21236.85,1657.32073
2022-06-25 19:00:00+00:00,21236.84,21271.62,21154.87,21206.2,1308.22315
2022-06-25 20:00:00+00:00,21206.21,21250.0,21146.04,21226.14,1018.69927
2022-06-25 21:00:00+00:00,21226.14,21523.14,21207.7,21512.07,2919.97356
2022-06-25 22:00:00+00:00,21512.07,21526.41,21390.68,21431.33,2256.87374
2022-06-25 23:00:00+00:00,21431.32,21588.43,21428.28,21491.19,1911.72297
2022-06-26 00:00:00+00:00,21491.18,21544.49,21393.63,21468.29,1649.31488
2022-06-26 01:00:00+00:00,21468.29,21538.55,21328.39,21395.07,1738.26219
2022-06-26 02:00:00+00:00,21395.08,21421.06,21282.13,21352.77,1375.10116
2022-06-26 03:00:00+00:00,21352.78,21456.12,21333.22,21426.23,1002.30556
2022-06-26 04:00:00+00:00,21426.23,21479.81,21359.57,21424.82,1025.80665
2022-06-26 05:00:00+00:00,21424.81,21484.98,21373.84,21442.01,1029.84758
2022-06-26 06:00:00+00:00,21442.01,21526.0,21336.96,21476.19,1951.11043
2022-06-26 07:00:00+00:00,21476.19,21484.93,21365.05,21396.52,1240.61188
2022-06-26 08:00:00+00:00,21396.52,21470.77,21384.99,21453.21,1441.54788
2022-06-26 09:00:00+00:00,21453.22,21480.82,21365.15,21414.83,1412.07258
2022-06-26 10:00:00+00:00,21414.84,21449.81,21378.69,21417.86,1030.73506
2022-06-26 11:00:00+00:00,21417.87,21777.0,21398.9,21708.6,3974.28087
2022-06-26 12:00:00+00:00,21708.6,21888.0,21413.57,21456.36,6988.83858
2022-06-26 13:00:00+00:00,21456.37,21486.75,21307.09,21408.93,4599.39891
2022-06-26 14:00:00+00:00,21408.94,21493.67,21395.87,21411.58,1428.21013
2022-06-26 15:00:00+00:00,21411.58,21416.72,21197.12,21326.11,3713.68549
2022-06-26 16:00:00+00:00,21325.98,21445.88,21273.77,21352.02,1708.56071
2022-06-26 17:00:00+00:00,21352.03,21366.59,21128.41,21260.66,2321.65768
2022-06-26 18:00:00+00:00,21260.66,21269.01,21115.3,21186.64,2142.57191
2022-06-26 19:00:00+00:00,21186.64,21309.09,21182.62,21283.6,1185.31596
2022-06-26 20:00:00+00:00,21283.6,21425.0,21236.86,21401.73,1405.30494
2022-06-26 21:00:00+00:00,21401.73,21421.88,21327.52,21381.85,1139.55684
2022-06-26 22:00:00+00:00,21381.86,21403.05,20964.73,21143.78,4908.25915
2022-06-26 23:00:00+00:00,21143.78,21235.73,20971.59,21038.07,2865.74762
2022-06-27 00:00:00+00:00,21038.08,21119.29,20975.97,21048.72,2993.72157
2022-06-27 01:00:00+00:00,21048.71,21137.86,20926.01,21090.55,2856.60002
2022-06-27 02:00:00+00:00,21090.55,21190.1,21046.67,21131.3,1956.34289
2022-06-27 03:00:00+00:00,21131.3,21186.7,21112.13,21171.32,1308.64648
2022-06-27 04:00:00+00:00,21171.33,21318.66,21149.09,21246.58,2216.98013
2022-06-27 05:00:00+00:00,21246.58,21268.05,21142.86,21182.6,1593.77788
2022-06-27 06:00:00+00:00,21182.6,21278.5,21166.42,21267.6,1150.55018
2022-06-27 07:00:00+00:00,21267.59,21404.52,21260.0,21363.22,2325.79824
2022-06-27 08:00:00+00:00,21363.23,21539.85,21338.5,21489.8,3573.96036
2022-06-27 09:00:00+00:00,21489.81,21500.58,21422.97,21454.57,1831.27075
2022-06-27 10:00:00+00:00,21454.58,21492.42,21393.94,21437.18,1690.51043
2022-06-27 11:00:00+00:00,21437.18,21450.0,21285.48,21304.55,1935.69902
2022-06-27 12:00:00+00:00,21304.56,21343.83,21169.97,21235.84,2831.34528
2022-06-27 13:00:00+00:00,21235.84,21285.0,20722.04,20737.81,7499.50923
2022-06-27 14:00:00+00:00,20737.82,20845.37,20590.0,20820.51,7174.28946
2022-06-27 15:00:00+00:00,20820.5,20851.51,20675.11,20754.73,3241.02673
2022-06-27 16:00:00+00:00,20754.74,20811.68,20660.01,20759.66,2265.35284
2022-06-27 17:00:00+00:00,20759.65,20783.66,20700.11,20726.78,1393.78135
2022-06-27 18:00:00+00:00,20726.77,20945.0,20510.0,20821.05,5342.83933
2022-06-27 19:00:00+00:00,20821.05,20894.22,20723.34,20855.37,2117.49678
2022-06-27 20:00:00+00:00,20855.38,20966.73,20855.37,20913.56,1613.94194
2022-06-27 21:00:00+00:00,20913.57,20916.9,20783.15,20803.24,1093.61442
2022-06-27 22:00:00+00:00,20803.25,20950.0,20762.8,20814.42,2552.76729
2022-06-27 23:00:00+00:00,20814.42,20887.99,20680.0,20742.56,1915.1787
2022-06-28 00:00:00+00:00,20742.57,20873.82,20684.0,20770.5,2620.37096
2022-06-28 01:00:00+00:00,20770.5,20814.7,20553.04,20619.45,2874.79364
2022-06-28 02:00:00+00:00,20619.44,20684.39,20510.0,20640.98,3109.11374
2022-06-28 03:00:00+00:00,20640.99,20758.16,20630.98,20735.03,1658.46245
2022-06-28 04:00:00+00:00,20735.03,20795.09,20703.3,20771.57,1386.02065
2022-06-28 05:00:00+00:00,20771.58,20829.1,20735.42,20741.3,1466.51374
2022-06-28 06:00:00+00:00,20741.29,20900.0,20741.29,20862.65,1860.47094
2022-06-28 07:00:00+00:00,20862.64,20933.0,20830.43,20879.39,1919.57452
2022-06-28 08:00:00+00:00,20879.39,21150.29,20870.01,21119.32,3974.47695
2022-06-28 09:00:00+00:00,21119.32,21212.1,21046.89,21060.1,3384.99675
2022-06-28 10:00:00+00:00,21060.1,21090.7,20994.87,21023.26,1594.45243
2022-06-28 11:00:00+00:00,21023.25,21086.87,20904.74,20998.13,2194.73446
2022-06-28 12:00:00+00:00,20998.14,21128.88,20944.04,20953.31,2187.03942
2022-06-28 13:00:00+00:00,20953.31,21129.19,20869.2,21058.34,4091.2292
2022-06-28 14:00:00+00:00,21058.34,21088.95,20716.67,20845.08,4402.46905
2022-06-28 15:00:00+00:00,20845.09,20845.09,20588.0,20606.4,3496.66737
2022-06-28 16:00:00+00:00,20606.4,20771.8,20552.0,20715.58,3094.74309
2022-06-28 17:00:00+00:00,20715.57,20725.0,20596.34,20630.01,2276.57503
2022-06-28 18:00:00+00:00,20630.02,20638.7,20259.33,20349.08,5878.76482
2022-06-28 19:00:00+00:00,20349.07,20362.47,20218.0,20255.01,2601.61738
2022-06-28 20:00:00+00:00,20255.01,20321.92,20202.01,20277.57,1982.02776
2022-06-28 21:00:00+00:00,20277.58,20397.47,20274.31,20393.44,1198.43183
2022-06-28 22:00:00+00:00,20393.43,20463.2,20268.05,20308.02,2040.49278
2022-06-28 23:00:00+00:00,20308.01,20367.41,20210.0,20281.29,2507.04424
2022-06-29 00:00:00+00:00,20281.28,20388.79,20152.0,20289.83,3027.28428
2022-06-29 01:00:00+00:00,20289.83,20385.0,20236.34,20357.67,1552.19252
2022-06-29 02:00:00+00:00,20357.66,20398.0,20283.87,20347.46,1452.0214
2022-06-29 03:00:00+00:00,20347.47,20390.84,20231.23,20282.96,3372.00771
2022-06-29 04:00:00+00:00,20282.96,20371.75,20250.0,20307.37,2160.07491
2022-06-29 05:00:00+00:00,20307.38,20381.1,20071.64,20182.8,4067.93985
2022-06-29 06:00:00+00:00,20182.81,20211.89,19889.0,19941.82,5436.80547
2022-06-29 07:00:00+00:00,19941.82,20133.1,19900.57,20093.75,3517.48345
2022-06-29 08:00:00+00:00,20093.74,20149.0,19961.81,19990.38,2410.37206
2022-06-29 09:00:00+00:00,19990.38,20233.98,19971.01,20063.27,3598.30508
2022-06-29 10:00:00+00:00,20063.26,20147.12,20025.0,20097.0,3038.00098
2022-06-29 11:00:00+00:00,20097.0,20122.43,19854.92,20104.8,4656.69536
2022-06-29 12:00:00+00:00,20104.81,20189.13,19977.18,20014.12,4072.63617
2022-06-29 13:00:00+00:00,20014.12,20141.89,19892.97,20083.99,5185.96671
2022-06-29 14:00:00+00:00,20083.99,20254.2,20036.71,20126.02,4232.78407
2022-06-29 15:00:00+00:00,20126.01,20142.79,20000.0,20084.48,3160.5173
2022-06-29 16:00:00+00:00,20084.48,20100.0,19980.71,20020.87,2763.29072
2022-06-29 17:00:00+00:00,20020.87,20081.38,19921.85,20081.37,2684.01876
2022-06-29 18:00:00+00:00,20081.38,20123.0,20036.3,20052.68,1823.35762
2022-06-29 19:00:00+00:00,20052.67,20268.0,20036.94,20223.63,2158.13156
2022-06-29 20:00:00+00:00,20223.63,20432.31,20128.0,20224.04,3566.06839
2022-06-29 21:00:00+00:00,20224.04,20357.06,20196.8,20295.35,1443.38271
2022-06-29 22:00:00+00:00,20295.35,20326.12,20151.77,20213.64,5882.17945
2022-06-29 23:00:00+00:00,20213.64,20218.89,20052.74,20123.01,2047.52726
2022-06-30 00:00:00+00:00,20123.0,20179.08,20011.17,20037.92,2386.15679
2022-06-30 01:00:00+00:00,20037.91,20084.99,19951.08,20018.44,2705.05313
2022-06-30 02:00:00+00:00,20018.45,20121.74,20001.5,20083.78,1203.29408
2022-06-30 03:00:00+00:00,20083.78,20097.09,20047.73,20077.01,1191.54381
2022-06-30 04:00:00+00:00,20077.01,20091.15,20010.83,20052.28,1661.51776
2022-06-30 05:00:00+00:00,20052.28,20070.0,19964.55,20001.75,1907.58711
2022-06-30 06:00:00+00:00,20001.75,20028.47,19355.0,19420.34,7724.25079
2022-06-30 07:00:00+00:00,19420.33,19467.79,19310.0,19435.9,3770.0795
2022-06-30 08:00:00+00:00,19435.89,19440.73,19134.02,19234.06,4483.3374
2022-06-30 09:00:00+00:00,19234.06,19260.6,18921.59,19154.16,7821.54081
2022-06-30 10:00:00+00:00,19154.16,19171.82,18987.88,19108.64,3714.02821
2022-06-30 11:00:00+00:00,19108.64,19188.97,19013.35,19101.36,3439.68712
2022-06-30 12:00:00+00:00,19101.35,19341.26,19064.3,19204.37,4422.93394
2022-06-30 13:00:00+00:00,19204.36,19266.7,18756.71,18868.29,7320.70684
2022-06-30 14:00:00+00:00,18868.3,19160.0,18860.0,19123.18,4632.72393
2022-06-30 15:00:00+00:00,19123.19,19258.43,19091.88,19143.98,3977.53041
2022-06-30 16:00:00+00:00,19143.97,19295.89,19068.64,19140.42,3342.90538
2022-06-30 17:00:00+00:00,19140.42,19222.0,19071.43,19105.67,2094.71075
2022-06-30 18:00:00+00:00,19105.67,19126.26,18961.9,18973.86,2899.31594
2022-06-30 19:00:00+00:00,18973.86,19046.39,18850.21,18927.34,3385.78219
2022-06-30 20:00:00+00:00,18927.33,19075.49,18626.0,18755.93,4502.28225
2022-06-30 21:00:00+00:00,18755.93,18967.57,18724.18,18819.8,2580.28814
2022-06-30 22:00:00+00:00,18819.79,18957.08,18740.83,18894.54,3006.62719
2022-06-30 23:00:00+00:00,18894.53,19980.0,18881.51,19942.21,9672.76459
2022-07-01 00:00:00+00:00,19942.21,20918.35,19658.97,20295.08,15102.27957
2022-07-01 01:00:00+00:00,20295.09,20475.15,20260.0,20416.46,5242.15213
2022-07-01 02:00:00+00:00,20416.45,20552.29,20269.95,20300.69,3668.92227
2022-07-01 03:00:00+00:00,20300.68,20309.55,19688.0,19730.76,6570.88765
2022-07-01 04:00:00+00:00,19730.77,19773.71,19366.89,19409.23,7334.11812
2022-07-01 05:00:00+00:00,19409.23,19579.43,19315.91,19465.37,4453.06582
2022-07-01 06:00:00+00:00,19465.37,19492.0,19361.55,19401.67,3292.15042
2022-07-01 07:00:00+00:00,19401.66,19669.42,19337.0,19579.11,4650.69356
2022-07-01 08:00:00+00:00,19579.11,19821.28,19476.48,19524.57,4565.68497
2022-07-01 09:00:00+00:00,19524.56,19561.87,19371.55,19424.45,3713.83428
2022-07-01 10:00:00+00:00,19424.45,19496.8,19000.0,19070.56,6005.69316
2022-07-01 11:00:00+00:00,19070.57,19226.68,18975.0,19191.03,4148.5501
2022-07-01 12:00:00+00:00,19191.02,19346.92,19130.21,19288.12,3430.31258
2022-07-01 13:00:00+00:00,19288.12,19669.22,19208.64,19450.24,7443.08508
2022-07-01 14:00:00+00:00,19450.24,19535.71,19290.35,19408.92,6098.96932
2022-07-01 15:00:00+00:00,19408.91,19483.41,19212.62,19290.94,4410.11595
2022-07-01 16:00:00+00:00,19290.95,19465.0,19253.01,19347.96,3191.38323
2022-07-01 17:00:00+00:00,19347.97,19530.0,19323.72,19487.94,3190.68278
2022-07-01 18:00:00+00:00,19487.93,19544.52,19390.51,19440.28,2435.71439
2022-07-01 19:00:00+00:00,19440.28,19442.85,19279.03,19390.17,2562.45052
2022-07-01 20:00:00+00:00,19390.17,19686.71,19349.29,19431.77,3815.61986
2022-07-01 21:00:00+00:00,19431.78,19522.55,19336.63,19397.02,1372.69122
2022-07-01 22:00:00+00:00,19397.03,19416.67,19290.0,19300.62,2205.38019
2022-07-01 23:00:00+00:00,19300.62,19461.53,19221.03,19279.8,2940.15777
2022-07-02 00:00:00+00:00,19279.8,19387.44,19157.58,19179.58,3761.76852
2022-07-02 01:00:00+00:00,19179.58,19295.02,19144.29,19229.98,2231.98025
2022-07-02 02:00:00+00:00,19229.97,19283.39,19110.0,19197.58,2705.62512
2022-07-02 03:00:00+00:00,19197.58,19226.99,19063.52,19130.9,2356.01558
2022-07-02 04:00:00+00:00,19130.9,19236.82,19113.0,19195.88,1924.98006
2022-07-02 05:00:00+00:00,19195.88,19299.0,19177.53,19238.26,1454.95226
2022-07-02 06:00:00+00:00,19238.26,19283.16,19188.28,19216.69,1105.66641
2022-07-02 07:00:00+00:00,19216.69,19273.62,19112.51,19126.81,1623.0406
2022-07-02 08:00:00+00:00,19126.81,19195.6,19082.69,19113.83,1749.38038
2022-07-02 09:00:00+00:00,19113.84,19185.2,18977.01,19170.15,3089.17733
2022-07-02 10:00:00+00:00,19170.14,19285.01,19134.1,19240.34,2146.49752
2022-07-02 11:00:00+00:00,19240.34,19270.9,19160.33,19195.21,1769.4948
2022-07-02 12:00:00+00:00,19195.21,19467.39,19152.13,19344.57,3607.30358
2022-07-02 13:00:00+00:00,19344.56,19346.76,19223.16,19266.64,1567.14517
2022-07-02 14:00:00+00:00,19266.63,19359.74,19255.17,19283.33,1787.6508
2022-07-02 15:00:00+00:00,19283.34,19298.79,19171.77,19229.39,1602.69312
2022-07-02 16:00:00+00:00,19229.39,19335.71,19191.91,19294.03,1867.42532
2022-07-02 17:00:00+00:00,19294.02,19346.93,19285.22,19299.36,1321.99417
2022-07-02 18:00:00+00:00,19299.37,19399.86,19259.37,19320.15,1699.88762
2022-07-02 19:00:00+00:00,19320.15,19408.01,19196.0,19273.27,2209.18115
2022-07-02 20:00:00+00:00,19273.27,19286.74,19201.99,19263.3,1054.92054
2022-07-02 21:00:00+00:00,19263.29,19383.01,19250.16,19355.24,1350.63502
2022-07-02 22:00:00+00:00,19355.24,19371.69,19314.73,19331.34,1046.94854
2022-07-02 23:00:00+00:00,19331.35,19342.63,19200.0,19252.81,1145.93824
2022-07-03 00:00:00+00:00,19252.82,19292.04,19173.46,19246.54,1444.52072
2022-07-03 01:00:00+00:00,19246.54,19259.92,19174.06,19189.31,1040.27
2022-07-03 02:00:00+00:00,19189.31,19284.16,19183.68,19261.41,879.02716
2022-07-03 03:00:00+00:00,19261.42,19307.42,19238.0,19264.29,930.41691
2022-07-03 04:00:00+00:00,19264.29,19325.94,18781.0,19263.59,7026.95705
2022-07-03 05:00:00+00:00,19263.58,19400.0,19030.0,19043.6,5361.62808
2022-07-03 06:00:00+00:00,19043.59,19245.58,19033.73,19150.0,2203.60653
2022-07-03 07:00:00+00:00,19150.0,19160.21,19091.84,19139.74,1216.94462
2022-07-03 08:00:00+00:00,19139.75,19155.44,18930.19,19014.88,2176.4002
2022-07-03 09:00:00+00:00,19014.89,19079.11,18955.42,19042.27,1828.95332
2022-07-03 10:00:00+00:00,19042.26,19119.28,19028.19,19072.03,1172.23853
2022-07-03 11:00:00+00:00,19072.04,19144.78,19063.01,19089.8,965.11724
2022-07-03 12:00:00+00:00,19089.79,19121.05,18982.2,19069.51,1663.33696
2022-07-03 13:00:00+00:00,19069.51,19083.4,18967.13,18977.22,1784.73797
2022-07-03 14:00:00+00:00,18977.21,19100.0,18964.0,19078.94,1266.1993
2022-07-03 15:00:00+00:00,19078.95,19136.43,19033.1,19046.78,1440.97448
2022-07-03 16:00:00+00:00,19046.78,19200.0,19011.66,19157.23,2274.644
2022-07-03 17:00:00+00:00,19157.24,19247.38,19114.35,19221.77,1428.88593
2022-07-03 18:00:00+00:00,19221.76,19299.0,19182.64,19236.74,1631.47903
2022-07-03 19:00:00+00:00,19236.73,19565.05,19224.88,19492.16,3647.04707
2022-07-03 20:00:00+00:00,19492.15,19647.63,19414.89,19445.43,4265.52263
2022-07-03 21:00:00+00:00,19445.44,19469.57,19265.0,19300.92,1976.69145
2022-07-03 22:00:00+00:00,19300.92,19379.84,19231.38,19299.99,1899.92465
2022-07-03 23:00:00+00:00,19299.99,19340.59,19213.58,19315.83,1561.94248
2022-07-04 00:00:00+00:00,19315.83,19343.43,19216.29,19263.4,2188.09902
2022-07-04 01:00:00+00:00,19263.4,19270.23,19140.01,19226.6,2109.92149
2022-07-04 02:00:00+00:00,19226.59,19235.14,19058.58,19072.49,1954.18566
2022-07-04 03:00:00+00:00,19072.49,19130.5,19055.31,19103.54,1517.93206
2022-07-04 04:00:00+00:00,19103.54,19145.94,19082.92,19125.19,1022.11358
2022-07-04 05:00:00+00:00,19125.19,19150.0,19115.02,19137.19,769.55275
2022-07-04 06:00:00+00:00,19137.19,19189.0,19084.19,19101.42,1296.50582
2022-07-04 07:00:00+00:00,19101.43,19140.54,19084.29,19120.6,1461.55337
2022-07-04 08:00:00+00:00,19120.6,19174.15,19110.04,19147.25,1260.2665
2022-07-04 09:00:00+00:00,19147.25,19445.48,19140.19,19367.05,4510.71372
2022-07-04 10:00:00+00:00,19367.06,19554.97,19367.05,19470.65,4752.88148
2022-07-04 11:00:00+00:00,19470.64,19855.7,19463.63,19806.49,6575.38314
2022-07-04 12:00:00+00:00,19806.48,19888.0,19644.8,19712.8,5787.91668
2022-07-04 13:00:00+00:00,19712.8,19756.07,19526.3,19530.55,3696.2842
2022-07-04 14:00:00+00:00,19530.54,19641.86,19496.84,19609.71,2880.24395
2022-07-04 15:00:00+00:00,19609.72,20143.02,19609.7,19801.47,7620.56292
2022-07-04 16:00:00+00:00,19801.48,19831.21,19676.9,19740.96,2788.42963
2022-07-04 17:00:00+00:00,19740.95,20050.0,19719.83,19899.41,4666.76153
2022-07-04 18:00:00+00:00,19899.41,19993.46,19826.25,19930.71,2352.43474
2022-07-04 19:00:00+00:00,19930.71,19961.89,19758.21,19829.99,2284.23596
2022-07-04 20:00:00+00:00,19829.98,19876.77,19733.95,19782.79,1669.25259
2022-07-04 21:00:00+00:00,19782.79,20031.58,19749.51,19958.75,1935.62286
2022-07-04 22:00:00+00:00,19958.76,20252.22,19871.88,20163.67,4841.72952
2022-07-04 23:00:00+00:00,20163.66,20354.01,20113.91,20236.71,4871.46284
2022-07-05 00:00:00+00:00,20236.71,20478.4,20179.74,20395.59,4846.095
2022-07-05 01:00:00+00:00,20395.6,20423.45,20249.65,20299.14,2692.62216
2022-07-05 02:00:00+00:00,20299.14,20299.99,20159.59,20173.87,1819.08109
2022-07-05 03:00:00+00:00,20173.87,20318.0,20173.86,20312.98,1366.06218
2022-07-05 04:00:00+00:00,20312.99,20316.45,20183.8,20272.38,1655.94889
2022-07-05 05:00:00+00:00,20272.39,20470.78,20226.95,20296.3,4672.72436
2022-07-05 06:00:00+00:00,20296.3,20437.86,20291.18,20387.81,1906.07562
2022-07-05 07:00:00+00:00,20387.82,20397.88,20177.0,20215.69,2548.40051
2022-07-05 08:00:00+00:00,20215.68,20215.69,19802.87,19894.92,5485.43869
2022-07-05 09:00:00+00:00,19894.93,19936.62,19636.86,19770.3,4220.24693
2022-07-05 10:00:00+00:00,19770.3,19821.95,19700.39,19740.94,2491.04195
2022-07-05 11:00:00+00:00,19740.94,19808.46,19478.0,19520.39,3905.1814
2022-07-05 12:00:00+00:00,19520.4,19545.45,19359.0,19373.75,5291.42411
2022-07-05 13:00:00+00:00,19373.74,19536.27,19304.4,19403.35,5634.13406
2022-07-05 14:00:00+00:00,19403.34,19594.52,19375.0,19464.53,4532.82601
2022-07-05 15:00:00+00:00,19464.52,19540.0,19322.04,19519.98,4114.2244
2022-07-05 16:00:00+00:00,19519.98,19715.06,19479.53,19552.4,4779.03021
2022-07-05 17:00:00+00:00,19552.41,19788.0,19543.79,19703.85,3647.64295
2022-07-05 18:00:00+00:00,19703.85,20142.6,19673.12,20117.5,4808.6052
2022-07-05 19:00:00+00:00,20117.49,20500.0,20063.29,20398.21,7970.48056
2022-07-05 20:00:00+00:00,20398.21,20750.0,20361.34,20458.93,8924.4921
2022-07-05 21:00:00+00:00,20458.93,20495.62,20175.0,20373.12,4065.57125
2022-07-05 22:00:00+00:00,20373.12,20439.99,20252.38,20435.25,2096.58841
2022-07-05 23:00:00+00:00,20435.24,20435.99,20103.05,20175.83,2567.19952
2022-07-06 00:00:00+00:00,20175.84,20414.01,20087.02,20261.88,3732.85185
2022-07-06 01:00:00+00:00,20261.89,20314.28,19828.71,19877.48,4909.99636
2022-07-06 02:00:00+00:00,19877.48,19977.18,19796.92,19860.6,2561.11119
2022-07-06 03:00:00+00:00,19860.6,19985.68,19761.25,19951.47,2301.63459
2022-07-06 04:00:00+00:00,19951.47,20337.84,19895.72,20098.75,5174.97219
2022-07-06 05:00:00+00:00,20098.75,20195.59,19909.53,20048.08,3559.05978
2022-07-06 06:00:00+00:00,20048.08,20100.0,19864.45,20089.67,2828.03781
2022-07-06 07:00:00+00:00,20089.67,20243.83,20080.46,20162.22,3206.25585
2022-07-06 08:00:00+00:00,20162.21,20303.65,20085.93,20184.57,3559.04955
2022-07-06 09:00:00+00:00,20184.36,20285.76,20121.76,20202.75,2542.09717
2022-07-06 10:00:00+00:00,20202.76,20220.0,20045.0,20132.99,2826.0788
2022-07-06 11:00:00+00:00,20133.0,20159.43,20033.37,20103.43,2060.33199
2022-07-06 12:00:00+00:00,20103.44,20185.21,19961.02,20154.77,3468.86551
2022-07-06 13:00:00+00:00,20154.77,20366.2,20042.85,20228.36,6610.45749
2022-07-06 14:00:00+00:00,20228.35,20297.25,20102.36,20198.56,4452.71413
2022-07-06 15:00:00+00:00,20198.56,20200.98,20059.01,20148.86,2430.86193
2022-07-06 16:00:00+00:00,20148.85,20328.16,20133.55,20301.84,2984.60375
2022-07-06 17:00:00+00:00,20301.85,20396.72,20234.37,20266.09,2364.8641
2022-07-06 18:00:00+00:00,20266.09,20448.19,20185.85,20383.36,5802.8288
2022-07-06 19:00:00+00:00,20383.37,20478.08,20277.75,20328.55,2720.12559
2022-07-06 20:00:00+00:00,20328.55,20444.71,20277.04,20399.74,2240.114
2022-07-06 21:00:00+00:00,20399.73,20433.15,20299.8,20354.91,1724.02518
2022-07-06 22:00:00+00:00,20354.9,20611.0,20343.85,20513.76,4402.29386
2022-07-06 23:00:00+00:00,20513.77,20675.22,20491.53,20564.51,3976.34933
2022-07-07 00:00:00+00:00,20564.51,20594.77,20480.45,20533.49,2489.62194
2022-07-07 01:00:00+00:00,20533.48,20568.15,20467.26,20515.63,2006.42305
2022-07-07 02:00:00+00:00,20515.64,20545.0,20385.87,20419.98,2244.60248
2022-07-07 03:00:00+00:00,20419.98,20489.84,20393.75,20480.61,1290.28481
2022-07-07 04:00:00+00:00,20480.6,20493.72,20358.0,20416.42,1408.61559
2022-07-07 05:00:00+00:00,20416.42,20446.1,20251.68,20302.18,2242.29826
2022-07-07 06:00:00+00:00,20302.18,20369.29,20280.4,20339.18,1417.60043
2022-07-07 07:00:00+00:00,20339.19,20468.16,20330.46,20440.01,2221.23267
2022-07-07 08:00:00+00:00,20440.01,20555.0,20391.16,20523.09,2638.10985
2022-07-07 09:00:00+00:00,20523.08,20619.5,20467.54,20559.15,2892.6817
2022-07-07 10:00:00+00:00,20559.16,20585.77,20463.61,20502.08,2109.42381
2022-07-07 11:00:00+00:00,20502.09,20510.0,20429.99,20507.83,1386.2419
2022-07-07 12:00:00+00:00,20507.83,20510.0,20383.36,20428.59,2059.46733
2022-07-07 13:00:00+00:00,20428.6,20559.93,20378.16,20539.87,2997.72824
2022-07-07 14:00:00+00:00,20539.87,20969.0,20504.72,20918.97,10246.21924
2022-07-07 15:00:00+00:00,20918.97,21035.0,20830.01,20888.44,4392.1449
2022-07-07 16:00:00+00:00,20888.44,21200.0,20866.38,21093.04,5619.84186
2022-07-07 17:00:00+00:00,21093.03,21106.23,20837.67,20910.65,3316.55881
2022-07-07 18:00:00+00:00,20910.65,21406.89,20880.58,21357.71,6530.57111
2022-07-07 19:00:00+00:00,21357.7,21837.74,21325.0,21812.47,10863.12542
2022-07-07 20:00:00+00:00,21812.46,21838.1,21526.4,21624.03,6209.04379
2022-07-07 21:00:00+00:00,21624.03,21727.87,21567.56,21667.99,2988.24284
2022-07-07 22:00:00+00:00,21667.99,21760.38,21589.69,21628.17,2924.97211
2022-07-07 23:00:00+00:00,21628.18,21720.0,21567.56,21624.98,2519.53047
2022-07-08 00:00:00+00:00,21624.99,21740.67,21578.14,21724.73,2656.7398
2022-07-08 01:00:00+00:00,21724.74,22527.37,21640.0,22137.21,7814.4532
2022-07-08 02:00:00+00:00,22137.21,22156.97,21878.46,21990.2,3258.48907
2022-07-08 03:00:00+00:00,21990.21,22132.28,21936.84,22130.56,1932.76855
2022-07-08 04:00:00+00:00,22130.57,22242.29,21966.01,21982.43,2965.21657
2022-07-08 05:00:00+00:00,21982.43,22063.94,21750.0,21843.33,3446.41756
2022-07-08 06:00:00+00:00,21843.34,21873.63,21760.99,21826.13,2849.48706
2022-07-08 07:00:00+00:00,21826.13,21860.59,21710.56,21797.64,2261.44714
2022-07-08 08:00:00+00:00,21797.65,21822.1,21427.52,21436.79,3825.47153
2022-07-08 09:00:00+00:00,21436.8,21580.07,21317.0,21568.85,4798.08358
2022-07-08 10:00:00+00:00,21568.84,21732.77,21491.02,21536.54,2987.07242
2022-07-08 11:00:00+00:00,21536.55,21670.76,21465.04,21583.98,2403.85009
2022-07-08 12:00:00+00:00,21583.99,21714.99,21189.26,21380.0,6958.77404
2022-07-08 13:00:00+00:00,21380.01,21483.73,21206.42,21272.6,4730.39698
2022-07-08 14:00:00+00:00,21272.61,21856.37,21196.45,21769.09,68623.10943
2022-07-08 15:00:00+00:00,21769.09,22130.0,21701.24,21962.52,137207.1886
2022-07-08 16:00:00+00:00,21964.3,21979.51,21550.0,21689.36,38592.15054
2022-07-08 17:00:00+00:00,21690.73,21837.64,21629.96,21767.47,46232.24319
2022-07-08 18:00:00+00:00,21758.71,21886.4,21661.22,21736.26,18425.27776
2022-07-08 19:00:00+00:00,21736.35,21876.93,21664.14,21811.9,14809.65447
2022-07-08 20:00:00+00:00,21811.9,22045.91,21771.42,21855.41,9713.43125
2022-07-08 21:00:00+00:00,21855.41,22020.0,21692.85,21700.37,5171.26231
2022-07-08 22:00:00+00:00,21700.37,21844.83,21684.75,21773.03,5469.45006
2022-07-08 23:00:00+00:00,21775.3,21962.48,21580.71,21594.75,5949.13829
2022-07-09 00:00:00+00:00,21594.75,21696.39,21430.0,21547.42,12175.28757
2022-07-09 01:00:00+00:00,21547.42,21600.2,21403.24,21505.55,9016.6894
2022-07-09 02:00:00+00:00,21506.82,21656.0,21495.49,21586.37,9009.1681
2022-07-09 03:00:00+00:00,21584.27,21630.0,21465.19,21612.62,7559.61122
2022-07-09 04:00:00+00:00,21612.62,21636.23,21507.37,21554.52,8180.33695
2022-07-09 05:00:00+00:00,21554.52,21611.0,21485.82,21517.76,6014.99808
2022-07-09 06:00:00+00:00,21517.13,21578.84,21488.92,21560.1,6597.78506
2022-07-09 07:00:00+00:00,21561.09,21728.63,21554.89,21654.72,8032.12628
2022-07-09 08:00:00+00:00,21654.72,21735.0,21600.2,21722.94,5566.17345
2022-07-09 09:00:00+00:00,21722.94,21729.72,21601.77,21654.79,5714.27369
2022-07-09 10:00:00+00:00,21654.03,21750.0,21624.54,21735.33,6732.39895
2022-07-09 11:00:00+00:00,21735.89,21778.73,21322.12,21447.29,9577.11036
2022-07-09 12:00:00+00:00,21447.29,21558.49,21379.64,21514.78,8800.06748
2022-07-09 13:00:00+00:00,21514.78,21625.92,21499.63,21563.5,10397.49927
2022-07-09 14:00:00+00:00,21562.0,21717.62,21535.21,21594.55,9714.31479
2022-07-09 15:00:00+00:00,21596.03,21650.0,21536.98,21546.9,6580.2159
2022-07-09 16:00:00+00:00,21545.89,21718.34,21530.32,21693.15,6634.9402
2022-07-09 17:00:00+00:00,21693.15,21980.0,21666.15,21880.69,10050.72843
2022-07-09 18:00:00+00:00,21880.69,21916.61,21734.76,21750.87,6625.09651
2022-07-09 19:00:00+00:00,21750.87,21771.71,21517.87,21621.4,6754.32162
2022-07-09 20:00:00+00:00,21621.49,21699.99,21582.74,21680.6,6089.27724
2022-07-09 21:00:00+00:00,21680.6,21750.0,21635.35,21708.05,3517.70523
2022-07-09 22:00:00+00:00,21709.07,21754.0,21593.32,21627.51,3702.01742
2022-07-09 23:00:00+00:00,21627.51,21650.0,21546.06,21591.83,5375.70148
2022-07-10 00:00:00+00:00,21592.15,21607.65,21366.7,21372.91,9775.98606
2022-07-10 01:00:00+00:00,21372.91,21498.79,21336.48,21414.18,8365.80822
2022-07-10 02:00:00+00:00,21413.1,21493.11,21091.81,21311.11,11922.59827
2022-07-10 03:00:00+00:00,21310.01,21347.81,21227.25,21294.98,8203.65029
2022-07-10 04:00:00+00:00,21295.76,21310.0,21161.36,21276.18,8031.73748
2022-07-10 05:00:00+00:00,21276.98,21373.48,21266.62,21358.75,7898.2669
2022-07-10 06:00:00+00:00,21360.14,21363.19,21225.73,21295.65,6599.96962
2022-07-10 07:00:00+00:00,21297.28,21360.58,21245.15,21338.12,6558.20641
2022-07-10 08:00:00+00:00,21339.46,21424.67,21255.25,21324.16,7891.41116
2022-07-10 09:00:00+00:00,21325.36,21361.52,21286.0,21325.0,6132.3128
2022-07-10 10:00:00+00:00,21326.13,21355.85,21220.53,21277.09,7750.73745
2022-07-10 11:00:00+00:00,21277.09,21304.96,21161.67,21301.84,8215.91876
2022-07-10 12:00:00+00:00,21301.84,21345.14,21270.46,21307.22,6534.24428
2022-07-10 13:00:00+00:00,21307.23,21313.99,20951.01,21080.0,10590.96812
2022-07-10 14:00:00+00:00,21078.97,21080.0,20835.73,20865.63,12342.07856
2022-07-10 15:00:00+00:00,20863.92,20979.76,20839.23,20899.76,8869.51007
2022-07-10 16:00:00+00:00,20898.44,21052.47,20655.0,20932.35,12305.11302
2022-07-10 17:00:00+00:00,20932.35,20954.67,20879.42,20902.05,6957.90561
2022-07-10 18:00:00+00:00,20902.05,20915.93,20757.33,20844.81,6331.12952
2022-07-10 19:00:00+00:00,20844.82,20929.34,20731.86,20920.54,6110.23427
2022-07-10 20:00:00+00:00,20921.4,21022.08,20827.71,20987.27,7322.68784
2022-07-10 21:00:00+00:00,20987.27,21180.92,20963.92,21038.24,4386.08827
2022-07-10 22:00:00+00:00,21035.22,21038.92,20698.9,20839.8,9418.52108
2022-07-10 23:00:00+00:00,20839.8,20883.01,20760.75,20862.47,3673.1315
2022-07-11 00:00:00+00:00,20861.11,20868.48,20675.11,20809.56,5980.82533
2022-07-11 01:00:00+00:00,20812.8,20815.87,20518.43,20555.18,5661.29445
2022-07-11 02:00:00+00:00,20552.75,20599.44,20453.36,20548.82,5439.7494
2022-07-11 03:00:00+00:00,20551.29,20668.14,20482.53,20540.69,5996.01638
2022-07-11 04:00:00+00:00,20540.68,20606.11,20425.0,20527.84,5129.00908
2022-07-11 05:00:00+00:00,20528.71,20580.13,20468.0,20506.53,3696.43521
2022-07-11 06:00:00+00:00,20504.4,20525.25,20353.72,20402.91,5881.98194
2022-07-11 07:00:00+00:00,20402.91,20478.79,20381.52,20439.91,4175.11079
2022-07-11 08:00:00+00:00,20439.17,20557.92,20411.56,20530.0,4800.20324
2022-07-11 09:00:00+00:00,20530.0,20626.78,20501.17,20552.02,4824.76141
2022-07-11 10:00:00+00:00,20549.18,20632.59,20511.19,20533.0,5370.64143
2022-07-11 11:00:00+00:00,20533.0,20584.56,20426.39,20473.06,4313.59599
2022-07-11 12:00:00+00:00,20474.55,20617.48,20416.11,20587.68,5159.72372
2022-07-11 13:00:00+00:00,20587.68,20762.02,20271.1,20373.4,11866.91607
2022-07-11 14:00:00+00:00,20377.32,20488.99,20285.54,20387.23,7170.28772
2022-07-11 15:00:00+00:00,20387.23,20468.0,20360.0,20437.44,4975.55372
2022-07-11 16:00:00+00:00,20440.0,20520.89,20400.0,20418.96,4657.12238
2022-07-11 17:00:00+00:00,20420.61,20653.27,20414.47,20616.23,5923.66283
2022-07-11 18:00:00+00:00,20616.23,20716.29,20553.73,20569.36,5358.30059
2022-07-11 19:00:00+00:00,20568.7,20591.59,20420.0,20509.47,5444.3746
2022-07-11 20:00:00+00:00,20509.47,20565.05,20390.92,20431.78,4230.27595
2022-07-11 21:00:00+00:00,20434.33,20441.75,20154.01,20239.38,4327.58714
2022-07-11 22:00:00+00:00,20239.42,20242.58,19961.8,20007.25,10545.52329
2022-07-11 23:00:00+00:00,20007.25,20055.22,19875.23,19963.61,6606.45458
2022-07-12 00:00:00+00:00,19963.61,20006.54,19786.46,19809.84,7317.86219
2022-07-12 01:00:00+00:00,19812.93,19956.16,19802.18,19890.34,4692.24231
2022-07-12 02:00:00+00:00,19890.47,19986.84,19882.72,19971.06,3627.23506
2022-07-12 03:00:00+00:00,19971.06,19976.8,19877.06,19942.33,3535.77619
2022-07-12 04:00:00+00:00,19942.33,20037.98,19927.76,20004.57,3382.49199
2022-07-12 05:00:00+00:00,20004.57,20059.42,19948.5,19956.82,3732.05649
2022-07-12 06:00:00+00:00,19954.48,19956.82,19802.15,19847.14,6344.14285
2022-07-12 07:00:00+00:00,19847.14,19871.24,19620.0,19730.99,11650.57603
2022-07-12 08:00:00+00:00,19731.0,19819.34,19665.67,19772.21,6278.25875
2022-07-12 09:00:00+00:00,19770.32,19807.26,19558.12,19603.42,7162.42286
2022-07-12 10:00:00+00:00,19601.29,19720.5,19594.09,19619.36,4865.16001
2022-07-12 11:00:00+00:00,19617.79,19836.6,19598.01,19773.9,6457.00053
2022-07-12 12:00:00+00:00,19775.56,19968.0,19770.0,19874.12,6062.38813
2022-07-12 13:00:00+00:00,19874.12,20010.0,19765.01,19784.54,8176.02867
2022-07-12 14:00:00+00:00,19784.54,19939.27,19695.3,19918.24,6707.45082
2022-07-12 15:00:00+00:00,19916.46,19999.0,19859.0,19886.33,5053.27893
2022-07-12 16:00:00+00:00,19886.33,20007.23,19880.0,19903.57,4453.68991
2022-07-12 17:00:00+00:00,19901.87,19926.98,19823.1,19878.25,3638.08328
2022-07-12 18:00:00+00:00,19879.21,19890.65,19702.41,19731.18,3931.6076
2022-07-12 19:00:00+00:00,19730.73,19732.5,19278.0,19398.74,12185.6556
2022-07-12 20:00:00+00:00,19398.74,19555.0,19379.07,19461.99,5585.68958
2022-07-12 21:00:00+00:00,19460.56,19528.0,19345.0,19349.5,2534.9226
2022-07-12 22:00:00+00:00,19348.59,19479.99,19240.0,19375.37,6368.56747
2022-07-12 23:00:00+00:00,19377.18,19451.33,19253.37,19328.75,5763.87077
2022-07-13 00:00:00+00:00,19331.28,19450.02,19265.4,19428.23,6171.55523
2022-07-13 01:00:00+00:00,19428.23,19478.0,19378.37,19427.28,4161.07052
2022-07-13 02:00:00+00:00,19429.2,19545.0,19427.03,19506.34,4987.06679
2022-07-13 03:00:00+00:00,19506.35,19582.51,19460.0,19473.68,4014.32697
2022-07-13 04:00:00+00:00,19473.68,19524.7,19420.0,19480.61,3145.53114
2022-07-13 05:00:00+00:00,19480.61,19581.45,19442.96,19520.0,3694.14386
2022-07-13 06:00:00+00:00,19518.92,19557.37,19469.84,19547.22,3433.06177
2022-07-13 07:00:00+00:00,19547.22,19875.0,19490.41,19705.25,8625.74215
2022-07-13 08:00:00+00:00,19707.06,19930.0,19670.02,19853.92,8899.98358
2022-07-13 09:00:00+00:00,19851.96,19899.64,19769.07,19810.0,5151.74186
2022-07-13 10:00:00+00:00,19807.77,19818.42,19702.0,19788.37,4518.04959
2022-07-13 11:00:00+00:00,19787.96,19888.44,19755.52,19843.89,5532.34467
2022-07-13 12:00:00+00:00,19845.33,20128.39,18910.94,19165.01,29524.1093
2022-07-13 13:00:00+00:00,19165.01,19350.07,18917.26,19293.33,20556.72655
2022-07-13 14:00:00+00:00,19294.0,19688.0,19194.66,19574.57,18058.5874
2022-07-13 15:00:00+00:00,19574.57,19699.0,19384.73,19456.2,11917.53642
2022-07-13 16:00:00+00:00,19454.99,19640.0,19230.0,19631.78,12423.13684
2022-07-13 17:00:00+00:00,19631.78,20046.15,19618.22,19884.07,14233.91918
2022-07-13 18:00:00+00:00,19882.94,19893.43,19676.18,19845.02,7910.70954
2022-07-13 19:00:00+00:00,19846.67,19870.27,19633.34,19652.15,6069.18976
2022-07-13 20:00:00+00:00,19652.15,19761.43,19584.37,19670.02,4501.19847
2022-07-13 21:00:00+00:00,19670.02,19958.0,19646.24,19923.51,4535.08807
2022-07-13 22:00:00+00:00,19925.05,20030.67,19828.71,19846.97,6253.71069
2022-07-13 23:00:00+00:00,19845.41,20366.61,19835.15,20234.87,10931.71853
2022-07-14 00:00:00+00:00,20234.87,20430.76,20164.06,20306.05,8507.47726
2022-07-14 01:00:00+00:00,20304.55,20435.72,20226.64,20277.84,6851.29598
2022-07-14 02:00:00+00:00,20277.84,20312.95,20180.21,20257.1,5019.2514
2022-07-14 03:00:00+00:00,20258.77,20376.73,20205.39,20224.24,5302.76357
2022-07-14 04:00:00+00:00,20224.24,20276.9,20057.31,20083.01,7015.75153
2022-07-14 05:00:00+00:00,20083.01,20218.77,20048.99,20114.33,5139.05195
2022-07-14 06:00:00+00:00,20116.44,20149.83,19894.76,20023.69,6783.93983
2022-07-14 07:00:00+00:00,20026.25,20052.06,19923.56,19990.72,5298.57993
2022-07-14 08:00:00+00:00,19990.72,20057.03,19737.33,19764.62,7777.5458
2022-07-14 09:00:00+00:00,19764.62,19839.65,19678.26,19823.11,7946.64672
2022-07-14 10:00:00+00:00,19822.54,19852.41,19732.08,19781.13,6411.05484
2022-07-14 11:00:00+00:00,19779.2,19808.75,19635.22,19738.13,6905.5533
2022-07-14 12:00:00+00:00,19738.13,19878.92,19616.07,19783.6,8641.49576
2022-07-14 13:00:00+00:00,19782.16,19822.64,19645.8,19762.87,8131.34959
2022-07-14 14:00:00+00:00,19765.35,19957.35,19671.91,19893.58,7594.56197
2022-07-14 15:00:00+00:00,19895.57,20466.0,19893.46,20390.5,17179.51269
2022-07-14 16:00:00+00:00,20390.0,20485.92,20143.96,20223.21,10940.07493
2022-07-14 17:00:00+00:00,20220.75,20786.12,20187.73,20738.17,13612.30645
2022-07-14 18:00:00+00:00,20738.17,20789.46,20625.19,20695.7,6735.9862
2022-07-14 19:00:00+00:00,20695.7,20900.0,20587.43,20605.75,7353.46515
2022-07-14 20:00:00+00:00,20608.36,20705.06,20520.9,20682.33,4830.42406
2022-07-14 21:00:00+00:00,20682.33,20720.0,20438.12,20478.23,3049.24955
2022-07-14 22:00:00+00:00,20475.9,20565.87,20446.68,20501.54,4332.01843
2022-07-14 23:00:00+00:00,20501.54,20606.31,20469.24,20588.84,3449.86007
2022-07-15 00:00:00+00:00,20588.84,20606.86,20382.36,20397.79,5069.49779
2022-07-15 01:00:00+00:00,20399.21,20658.46,20382.29,20628.23,4298.55035
2022-07-15 02:00:00+00:00,20629.27,20833.0,20436.01,20489.64,9241.40802
2022-07-15 03:00:00+00:00,20489.64,20633.61,20444.96,20611.83,3920.15907
2022-07-15 04:00:00+00:00,20613.21,20705.62,20494.29,20542.86,5663.57007
2022-07-15 05:00:00+00:00,20542.86,20676.95,20518.78,20666.1,3472.70562
2022-07-15 06:00:00+00:00,20667.43,20695.87,20594.22,20603.22,3927.61627
2022-07-15 07:00:00+00:00,20603.22,20936.0,20562.53,20835.38,8689.18947
2022-07-15 08:00:00+00:00,20835.38,21044.56,20720.16,20869.81,8299.16836
2022-07-15 09:00:00+00:00,20867.1,21059.32,20842.37,20896.45,8243.74424
2022-07-15 10:00:00+00:00,20896.45,20922.0,20801.4,20868.33,5069.3899
2022-07-15 11:00:00+00:00,20869.96,20950.62,20759.94,20769.74,5858.42244
2022-07-15 12:00:00+00:00,20769.74,21041.0,20759.39,20986.53,8311.76691
2022-07-15 13:00:00+00:00,20986.53,21090.0,20791.84,20861.02,9615.57842
2022-07-15 14:00:00+00:00,20859.94,21003.69,20858.05,20890.53,8452.03645
2022-07-15 15:00:00+00:00,20890.53,20964.99,20777.0,20792.19,5217.78542
2022-07-15 16:00:00+00:00,20792.19,20819.6,20636.7,20756.16,6572.6499
2022-07-15 17:00:00+00:00,20759.35,20928.0,20740.63,20786.11,4810.58236
2022-07-15 18:00:00+00:00,20786.09,21052.38,20772.79,21037.25,4699.776
2022-07-15 19:00:00+00:00,21034.13,21189.0,20940.69,21165.85,5824.49284
2022-07-15 20:00:00+00:00,21165.85,21200.0,20894.94,20933.89,7417.08379
2022-07-15 21:00:00+00:00,20936.41,21020.0,20830.02,20967.4,3080.63943
2022-07-15 22:00:00+00:00,20967.4,20989.56,20799.8,20890.79,3672.04268
2022-07-15 23:00:00+00:00,20891.25,20946.44,20760.0,20830.04,3915.4491
2022-07-16 00:00:00+00:00,20830.04,20865.38,20666.0,20681.21,5135.82464
2022-07-16 01:00:00+00:00,20681.21,20757.19,20630.0,20716.0,3297.97893
2022-07-16 02:00:00+00:00,20717.24,20746.37,20600.0,20702.6,3574.04956
2022-07-16 03:00:00+00:00,20702.6,20769.01,20686.78,20738.0,2632.99667
2022-07-16 04:00:00+00:00,20738.0,20764.83,20650.0,20745.97,3245.61938
2022-07-16 05:00:00+00:00,20745.97,20750.0,20557.77,20595.04,3174.09487
2022-07-16 06:00:00+00:00,20595.04,20620.0,20478.61,20548.15,5412.92411
2022-07-16 07:00:00+00:00,20548.15,20618.0,20499.79,20546.18,2766.63809
2022-07-16 08:00:00+00:00,20546.18,20661.99,20539.85,20606.76,2905.92205
2022-07-16 09:00:00+00:00,20606.76,20638.0,20573.33,20612.11,2265.31397
2022-07-16 10:00:00+00:00,20612.11,20685.9,20591.8,20633.94,2632.75964
2022-07-16 11:00:00+00:00,20633.94,20676.52,20600.28,20616.69,2502.666
2022-07-16 12:00:00+00:00,20616.69,20743.92,20588.72,20697.12,3409.94807
2022-07-16 13:00:00+00:00,20697.12,20862.72,20681.6,20839.6,6084.10156
2022-07-16 14:00:00+00:00,20839.6,20873.1,20732.65,20816.1,4477.46505
2022-07-16 15:00:00+00:00,20814.39,20957.46,20811.74,20943.02,5992.33477
2022-07-16 16:00:00+00:00,20943.02,21490.0,20921.07,21466.78,20681.08824
2022-07-16 17:00:00+00:00,21464.13,21588.94,21216.91,21246.65,11357.58341
2022-07-16 18:00:00+00:00,21246.65,21362.05,21198.07,21289.51,5830.35035
2022-07-16 19:00:00+00:00,21292.24,21394.04,21150.0,21192.04,5552.71872
2022-07-16 20:00:00+00:00,21190.0,21225.56,20911.64,21211.36,7012.45206
2022-07-16 21:00:00+00:00,21213.78,21345.99,21086.44,21196.69,3790.01873
2022-07-16 22:00:00+00:00,21196.69,21316.27,21137.45,21296.65,3571.67782
2022-07-16 23:00:00+00:00,21296.65,21304.5,21155.23,21195.6,3705.14724
2022-07-17 00:00:00+00:00,21195.6,21348.86,21187.19,21295.57,4988.02364
2022-07-17 01:00:00+00:00,21292.88,21339.52,21082.8,21155.33,4609.19762
2022-07-17 02:00:00+00:00,21155.33,21236.96,21128.22,21159.93,3278.8075
2022-07-17 03:00:00+00:00,21159.93,21460.85,21155.89,21324.18,5671.56032
2022-07-17 04:00:00+00:00,21322.27,21475.64,21231.01,21258.45,3658.51571
2022-07-17 05:00:00+00:00,21259.61,21400.65,21251.0,21357.66,4069.93307
2022-07-17 06:00:00+00:00,21356.25,21597.88,21344.58,21575.05,5907.00279
2022-07-17 07:00:00+00:00,21576.82,21684.54,21463.24,21467.61,5683.08463
2022-07-17 08:00:00+00:00,21467.61,21518.87,21373.56,21456.52,6171.03674
2022-07-17 09:00:00+00:00,21456.52,21549.0,21275.12,21367.06,6003.1263
2022-07-17 10:00:00+00:00,21364.94,21398.51,21209.71,21386.16,5934.26719
2022-07-17 11:00:00+00:00,21383.69,21483.03,21292.2,21456.79,4956.38181
2022-07-17 12:00:00+00:00,21459.35,21500.0,21340.73,21382.44,4300.39801
2022-07-17 13:00:00+00:00,21380.78,21388.51,21113.73,21117.48,8563.61821
2022-07-17 14:00:00+00:00,21117.48,21260.94,21075.07,21203.82,4432.03615
2022-07-17 15:00:00+00:00,21205.22,21278.0,21123.4,21170.09,4067.95263
2022-07-17 16:00:00+00:00,21170.09,21215.62,21002.0,21149.79,5215.06135
2022-07-17 17:00:00+00:00,21148.36,21355.0,20824.0,20921.42,8331.34956
2022-07-17 18:00:00+00:00,20921.43,21064.53,20853.47,20973.9,5034.44487
2022-07-17 19:00:00+00:00,20976.03,21082.11,20933.57,21026.85,3147.09512
2022-07-17 20:00:00+00:00,21029.12,21046.0,20910.23,20935.47,2769.85149
2022-07-17 21:00:00+00:00,20935.47,21055.0,20883.01,21018.99,3698.77213
2022-07-17 22:00:00+00:00,21018.99,21080.0,20921.88,21002.15,3440.61146
2022-07-17 23:00:00+00:00,21002.15,21008.0,20750.01,20798.16,4297.3242
2022-07-18 00:00:00+00:00,20799.58,20924.31,20762.45,20822.85,5527.85198
2022-07-18 01:00:00+00:00,20822.85,21013.35,20814.8,20977.91,4945.90867
2022-07-18 02:00:00+00:00,20978.87,21377.48,20960.0,21335.52,10301.6524
2022-07-18 03:00:00+00:00,21336.55,21379.99,21193.01,21280.02,6404.07757
2022-07-18 04:00:00+00:00,21282.6,21328.42,21170.01,21300.29,5614.22619
2022-07-18 05:00:00+00:00,21302.78,21880.04,21290.21,21862.01,15345.39418
2022-07-18 06:00:00+00:00,21862.0,22358.23,21771.53,22194.47,16129.09684
2022-07-18 07:00:00+00:00,22197.69,22400.0,22101.88,22245.93,11307.4526
2022-07-18 08:00:00+00:00,22245.93,22515.0,22152.01,22289.81,13911.07738
2022-07-18 09:00:00+00:00,22289.81,22400.0,22220.0,22242.04,8473.85211
2022-07-18 10:00:00+00:00,22241.0,22367.92,22137.79,22199.64,8406.7671
2022-07-18 11:00:00+00:00,22199.64,22330.0,21960.71,22133.31,11391.9222
2022-07-18 12:00:00+00:00,22132.08,22320.0,21898.0,22287.05,12319.29615
2022-07-18 13:00:00+00:00,22287.05,22318.0,22069.0,22139.16,10266.66099
2022-07-18 14:00:00+00:00,22136.28,22240.0,21988.05,22213.08,10820.32148
2022-07-18 15:00:00+00:00,22211.87,22777.63,22158.3,22675.83,11484.26096
2022-07-18 16:00:00+00:00,22675.83,22713.28,22110.77,22202.0,14011.67607
2022-07-18 17:00:00+00:00,22200.57,22222.4,21821.05,21878.06,9841.70317
2022-07-18 18:00:00+00:00,21876.3,22010.7,21801.56,21832.7,8485.22266
2022-07-18 19:00:00+00:00,21835.17,21879.53,21388.0,21617.92,12357.1426
2022-07-18 20:00:00+00:00,21617.92,21678.43,21434.35,21493.18,6609.75391
2022-07-18 21:00:00+00:00,21491.79,21756.3,21445.25,21659.73,5080.34446
2022-07-18 22:00:00+00:00,21660.9,21860.28,21556.0,21792.51,7577.49998
2022-07-18 23:00:00+00:00,21792.73,22650.0,21768.92,22432.58,13329.56967
2022-07-19 00:00:00+00:00,22432.58,22961.72,22166.71,22345.94,25417.02407
2022-07-19 01:00:00+00:00,22342.67,22393.02,22000.01,22054.99,12627.5524
2022-07-19 02:00:00+00:00,22054.99,22173.34,21926.84,22096.71,8586.64625
2022-07-19 03:00:00+00:00,22096.94,22280.0,21807.46,21903.55,8986.30369
2022-07-19 04:00:00+00:00,21903.55,21955.33,21701.32,21892.58,8227.05657
2022-07-19 05:00:00+00:00,21895.04,22119.6,21826.11,21997.23,7133.7365
2022-07-19 06:00:00+00:00,21997.23,22133.89,21579.54,21760.43,11986.24267
2022-07-19 07:00:00+00:00,21760.43,21880.97,21687.24,21764.88,8490.58453
2022-07-19 08:00:00+00:00,21764.88,21937.04,21696.6,21922.08,7088.01621
2022-07-19 09:00:00+00:00,21922.08,21969.8,21805.67,21905.75,5463.73464
2022-07-19 10:00:00+00:00,21903.36,22113.23,21810.0,22004.92,7566.72584
2022-07-19 11:00:00+00:00,22002.01,22230.0,21909.0,21974.49,8777.75558
2022-07-19 12:00:00+00:00,21977.19,22199.04,21971.84,22175.5,8630.14173
2022-07-19 13:00:00+00:00,22175.5,22440.67,22041.45,22320.63,13736.46489
2022-07-19 14:00:00+00:00,22317.63,22640.12,22101.4,22626.42,11572.98005
2022-07-19 15:00:00+00:00,22626.18,23199.9,22461.05,23136.08,29208.75727
2022-07-19 16:00:00+00:00,23128.31,23441.38,22950.21,23234.23,22425.39036
2022-07-19 17:00:00+00:00,23236.66,23529.0,23072.22,23460.08,11702.1072
2022-07-19 18:00:00+00:00,23460.08,23525.96,23221.48,23410.55,10007.44257
2022-07-19 19:00:00+00:00,23410.55,23706.26,23346.43,23401.99,9879.81782
2022-07-19 20:00:00+00:00,23399.88,23443.57,23147.14,23300.14,7519.21665
2022-07-19 21:00:00+00:00,23303.93,23800.0,23253.38,23650.26,6995.05476
2022-07-19 22:00:00+00:00,23650.26,23659.15,23334.76,23501.76,5315.26048
2022-07-19 23:00:00+00:00,23498.35,23630.0,23227.85,23396.62,6426.75301
2022-07-20 00:00:00+00:00,23398.48,23439.38,22922.0,23034.49,13170.04666
2022-07-20 01:00:00+00:00,23034.49,23338.3,22931.42,23259.48,8963.61312
2022-07-20 02:00:00+00:00,23256.89,23502.0,23205.77,23370.43,7286.49026
2022-07-20 03:00:00+00:00,23371.35,23522.4,23267.27,23436.85,7434.10414
2022-07-20 04:00:00+00:00,23438.01,23519.69,23303.43,23394.12,5553.36671
2022-07-20 05:00:00+00:00,23394.12,23562.0,23315.0,23498.44,6033.5147
2022-07-20 06:00:00+00:00,23498.44,23822.31,23485.41,23781.71,9320.82682
2022-07-20 07:00:00+00:00,23783.59,23864.15,23371.68,23381.18,9995.27864
2022-07-20 08:00:00+00:00,23381.18,23519.53,23314.7,23366.87,8824.18075
2022-07-20 09:00:00+00:00,23369.19,23578.87,23313.9,23524.84,7426.03626
2022-07-20 10:00:00+00:00,23524.66,23888.04,23502.99,23709.06,12954.95016
2022-07-20 11:00:00+00:00,23709.06,23835.0,23583.8,23728.55,8322.69371
2022-07-20 12:00:00+00:00,23728.55,23935.0,23567.91,23804.01,13044.14991
2022-07-20 13:00:00+00:00,23804.54,24075.99,23761.36,23781.35,13798.29087
2022-07-20 14:00:00+00:00,23781.35,24199.74,23687.0,24191.35,12386.31044
2022-07-20 15:00:00+00:00,24191.35,24276.74,24040.22,24172.63,12430.40165
2022-07-20 16:00:00+00:00,24172.64,24201.94,23546.19,23683.97,14797.80719
2022-07-20 17:00:00+00:00,23686.63,23749.99,23400.0,23515.48,11236.0362
2022-07-20 18:00:00+00:00,23515.48,23867.39,23509.05,23762.85,8316.25058
2022-07-20 19:00:00+00:00,23765.37,23950.0,23556.57,23660.38,7694.83074
2022-07-20 20:00:00+00:00,23663.24,23767.73,22906.19,23259.7,20570.95303
2022-07-20 21:00:00+00:00,23262.32,23799.62,23238.07,23608.15,6937.09253
2022-07-20 22:00:00+00:00,23607.06,23641.78,23304.56,23309.06,5176.52817
2022-07-20 23:00:00+00:00,23309.06,23401.88,23111.0,23223.3,7088.4177
2022-07-21 00:00:00+00:00,23223.3,23386.56,23122.34,23249.7,6524.92893
2022-07-21 01:00:00+00:00,23249.7,23442.77,23160.5,23235.64,6558.37742
2022-07-21 02:00:00+00:00,23233.61,23338.51,22689.42,22694.58,10942.88177
2022-07-21 03:00:00+00:00,22692.06,22866.14,22666.0,22777.2,7319.16992
2022-07-21 04:00:00+00:00,22779.12,22943.18,22638.53,22881.41,8282.86352
2022-07-21 05:00:00+00:00,22881.41,22993.71,22813.27,22942.0,5390.5786
2022-07-21 06:00:00+00:00,22943.15,22967.57,22750.14,22790.23,5236.29583
2022-07-21 07:00:00+00:00,22790.23,23099.51,22773.49,22931.56,7601.4298
2022-07-21 08:00:00+00:00,22929.28,22971.34,22797.03,22878.77,5865.44738
2022-07-21 09:00:00+00:00,22878.77,23022.54,22855.29,23003.58,5586.0959
2022-07-21 10:00:00+00:00,23003.58,23074.12,22846.95,22869.55,5411.94236
2022-07-21 11:00:00+00:00,22870.88,22906.87,22466.34,22606.04,12341.16162
2022-07-21 12:00:00+00:00,22607.92,22850.0,22542.14,22800.2,9839.15857
2022-07-21 13:00:00+00:00,22802.82,22812.77,22561.27,22704.96,10543.33923
2022-07-21 14:00:00+00:00,22702.3,22761.77,22341.46,22558.2,12186.72997
2022-07-21 15:00:00+00:00,22555.31,22679.24,22520.17,22642.34,6414.29306
2022-07-21 16:00:00+00:00,22639.37,23199.15,22632.72,23034.0,13599.51063
2022-07-21 17:00:00+00:00,23031.27,23207.94,22772.05,22852.28,9236.62776
2022-07-21 18:00:00+00:00,22852.28,23005.42,22818.01,22928.77,4856.90773
2022-07-21 19:00:00+00:00,22932.32,23200.0,22916.1,23194.4,7801.06405
2022-07-21 20:00:00+00:00,23194.4,23308.8,23089.97,23120.65,9085.92105
2022-07-21 21:00:00+00:00,23120.65,23250.0,23077.3,23207.99,3458.93212
2022-07-21 22:00:00+00:00,23207.99,23231.35,22931.35,23017.08,6007.12907
2022-07-21 23:00:00+00:00,23017.08,23233.09,23000.17,23152.19,4726.89562
2022-07-22 00:00:00+00:00,23152.19,23352.53,23090.0,23270.16,5581.95925
2022-07-22 01:00:00+00:00,23269.2,23308.74,23066.04,23103.05,4517.47317
2022-07-22 02:00:00+00:00,23103.05,23134.49,22962.45,22987.42,3710.24499
2022-07-22 03:00:00+00:00,22987.42,23043.35,22861.43,22909.9,4365.77566
2022-07-22 04:00:00+00:00,22907.25,22992.63,22805.89,22969.85,4003.36919
2022-07-22 05:00:00+00:00,22968.45,23173.41,22886.94,23146.46,5381.83839
2022-07-22 06:00:00+00:00,23148.46,23227.44,23084.06,23166.26,5361.98846
2022-07-22 07:00:00+00:00,23166.26,23320.0,23015.0,23118.79,8487.13635
2022-07-22 08:00:00+00:00,23121.63,23320.0,23068.0,23301.73,9220.35704
2022-07-22 09:00:00+00:00,23304.92,23524.52,23262.72,23448.78,12244.08794
2022-07-22 10:00:00+00:00,23450.64,23590.56,23413.04,23438.05,6402.18281
2022-07-22 11:00:00+00:00,23434.38,23634.4,23404.01,23610.58,6423.64581
2022-07-22 12:00:00+00:00,23612.15,23696.95,23558.59,23590.07,7675.35843
2022-07-22 13:00:00+00:00,23588.13,23756.49,23430.0,23456.28,12306.32298
2022-07-22 14:00:00+00:00,23456.27,23675.36,23327.29,23661.82,13003.0352
2022-07-22 15:00:00+00:00,23664.07,23665.59,23227.81,23290.68,10332.55593
2022-07-22 16:00:00+00:00,23290.71,23344.62,23050.09,23108.14,9929.78468
2022-07-22 17:00:00+00:00,23110.53,23199.0,22887.0,23017.79,9363.28746
2022-07-22 18:00:00+00:00,23017.79,23071.65,22915.0,23026.01,5448.64922
2022-07-22 19:00:00+00:00,23026.01,23138.45,22543.64,22586.26,12135.46592
2022-07-22 20:00:00+00:00,22582.88,22729.9,22500.0,22604.97,6978.1516
2022-07-22 21:00:00+00:00,22603.36,22785.95,22572.33,22737.99,3243.8823
2022-07-22 22:00:00+00:00,22737.99,22780.18,22637.31,22726.27,2875.81876
2022-07-22 23:00:00+00:00,22724.27,22770.07,22653.91,22684.83,2606.06812
2022-07-23 00:00:00+00:00,22684.83,22818.97,22550.14,22767.19,4303.36591
2022-07-23 01:00:00+00:00,22766.55,22860.36,22736.33,22787.77,3082.6849
2022-07-23 02:00:00+00:00,22787.77,22904.39,22774.18,22834.24,3474.99265
2022-07-23 03:00:00+00:00,22833.04,22902.5,22795.22,22808.55,2966.73011
2022-07-23 04:00:00+00:00,22808.55,22987.93,22727.54,22895.4,5656.23658
2022-07-23 05:00:00+00:00,22896.56,23000.77,22842.65,22902.46,4452.59878
2022-07-23 06:00:00+00:00,22902.46,22935.97,22810.0,22827.46,3248.16883
2022-07-23 07:00:00+00:00,22827.46,22846.4,22675.12,22770.52,5577.41009
2022-07-23 08:00:00+00:00,22771.94,22877.26,22561.72,22610.54,6529.01623
2022-07-23 09:00:00+00:00,22608.56,22700.97,22524.36,22666.17,6535.23073
2022-07-23 10:00:00+00:00,22666.17,22717.31,22405.26,22516.58,6609.83077
2022-07-23 11:00:00+00:00,22516.58,22540.0,22210.67,22227.53,9234.66152
2022-07-23 12:00:00+00:00,22230.28,22364.29,22087.04,22280.96,8601.54137
2022-07-23 13:00:00+00:00,22282.72,22389.53,22264.38,22341.04,3457.0628
2022-07-23 14:00:00+00:00,22339.97,22363.6,22039.89,22150.14,5153.78879
2022-07-23 15:00:00+00:00,22147.7,22307.5,22117.42,22215.61,4984.63232
2022-07-23 16:00:00+00:00,22216.9,22290.57,22174.22,22189.54,3586.01499
2022-07-23 17:00:00+00:00,22189.54,22256.58,21947.22,22033.92,7055.0853
2022-07-23 18:00:00+00:00,22031.84,22239.18,21934.57,22076.02,6295.40825
2022-07-23 19:00:00+00:00,22076.02,22332.0,22031.31,22272.5,4872.55609
2022-07-23 20:00:00+00:00,22272.5,22380.69,22244.73,22325.82,3367.01875
2022-07-23 21:00:00+00:00,22323.02,22360.16,22221.54,22243.32,2268.1668
2022-07-23 22:00:00+00:00,22244.84,22517.1,22231.89,22469.08,6207.95182
2022-07-23 23:00:00+00:00,22469.08,22559.0,22426.72,22451.07,4617.61937
2022-07-24 00:00:00+00:00,22448.58,22677.37,22448.58,22549.18,5346.444
2022-07-24 01:00:00+00:00,22550.51,22589.28,22372.54,22423.58,3605.76684
2022-07-24 02:00:00+00:00,22426.04,22483.28,22348.46,22469.09,3285.13041
2022-07-24 03:00:00+00:00,22469.09,22476.13,22288.0,22331.86,2723.72942
2022-07-24 04:00:00+00:00,22331.86,22412.43,22257.15,22396.51,2728.693
2022-07-24 05:00:00+00:00,22396.51,22787.21,22390.24,22749.98,8067.04379
2022-07-24 06:00:00+00:00,22748.92,22768.36,22631.14,22679.0,4825.56751
2022-07-24 07:00:00+00:00,22680.38,22839.99,22667.13,22701.6,5261.22335
2022-07-24 08:00:00+00:00,22704.09,22744.37,22566.0,22681.91,4687.28807
2022-07-24 09:00:00+00:00,22681.91,22763.36,22598.5,22617.09,3794.09665
2022-07-24 10:00:00+00:00,22618.27,22681.1,22480.0,22521.8,4166.45175
2022-07-24 11:00:00+00:00,22521.8,22822.81,22507.74,22657.63,6687.37745
2022-07-24 12:00:00+00:00,22657.63,22774.56,22444.0,22495.59,6324.61375
2022-07-24 13:00:00+00:00,22495.59,22597.92,22447.44,22569.34,4050.07019
2022-07-24 14:00:00+00:00,22567.75,22800.0,22533.73,22774.3,7379.40968
2022-07-24 15:00:00+00:00,22774.3,22911.31,22741.4,22847.08,5505.14419
2022-07-24 16:00:00+00:00,22847.08,22880.87,22630.0,22709.01,5631.70121
2022-07-24 17:00:00+00:00,22709.01,22852.47,22661.76,22772.14,4349.5313
2022-07-24 18:00:00+00:00,22772.14,22794.55,22680.0,22712.48,2717.86344
2022-07-24 19:00:00+00:00,22712.48,22803.84,22663.44,22700.4,3236.08706
2022-07-24 20:00:00+00:00,22699.12,22805.69,22670.21,22718.33,2719.01882
2022-07-24 21:00:00+00:00,22718.33,22828.02,22671.41,22808.44,2965.26906
2022-07-24 22:00:00+00:00,22806.47,23014.64,22555.27,22657.2,8908.24793
2022-07-24 23:00:00+00:00,22661.22,22759.56,22513.7,22579.68,6223.9039
2022-07-25 00:00:00+00:00,22577.13,22666.0,22264.79,22320.27,9392.302
2022-07-25 01:00:00+00:00,22322.47,22328.15,22117.48,22205.42,6701.76156
2022-07-25 02:00:00+00:00,22205.55,22211.42,21863.0,21953.27,9808.82887
2022-07-25 03:00:00+00:00,21951.46,21958.03,21753.57,21867.75,7216.14297
2022-07-25 04:00:00+00:00,21867.75,21912.2,21737.82,21894.8,6648.73436
2022-07-25 05:00:00+00:00,21892.53,21943.43,21808.01,21913.69,5519.21449
2022-07-25 06:00:00+00:00,21915.22,21948.0,21820.15,21910.67,5947.116
2022-07-25 07:00:00+00:00,21910.67,22002.62,21880.4,21962.33,4473.72966
2022-07-25 08:00:00+00:00,21962.33,22107.63,21868.36,22049.0,6888.49911
2022-07-25 09:00:00+00:00,22050.75,22110.98,21983.44,21999.44,5478.93106
2022-07-25 10:00:00+00:00,21999.44,22081.6,21960.72,22051.51,4694.4869
2022-07-25 11:00:00+00:00,22051.51,22103.62,21913.46,21941.25,4986.26431
2022-07-25 12:00:00+00:00,21942.18,21994.23,21814.4,21976.18,5846.7767
2022-07-25 13:00:00+00:00,21973.74,22003.12,21767.3,21899.76,9910.66868
2022-07-25 14:00:00+00:00,21899.68,21932.95,21683.4,21886.42,9837.79511
2022-07-25 15:00:00+00:00,21885.75,21932.27,21748.05,21895.79,6563.86248
2022-07-25 16:00:00+00:00,21893.94,21982.75,21837.77,21952.2,6109.28795
2022-07-25 17:00:00+00:00,21951.48,22021.47,21838.9,21863.12,4732.95441
2022-07-25 18:00:00+00:00,21863.12,21942.62,21777.0,21824.28,4663.10645
2022-07-25 19:00:00+00:00,21824.28,21905.56,21552.53,21890.17,11695.11869
2022-07-25 20:00:00+00:00,21892.66,22259.98,21886.27,22167.91,13609.9107
2022-07-25 21:00:00+00:00,22167.91,22188.44,21962.86,22025.2,4699.29664
2022-07-25 22:00:00+00:00,22022.79,22028.14,21509.79,21658.38,13814.15326
2022-07-25 23:00:00+00:00,21661.66,21759.98,21250.0,21310.9,11105.82407
2022-07-26 00:00:00+00:00,21310.9,21347.82,20971.4,20996.9,16688.36372
2022-07-26 01:00:00+00:00,20994.94,21122.0,20970.05,21076.7,7641.95576
2022-07-26 02:00:00+00:00,21076.7,21126.73,21025.28,21071.81,4891.73237
2022-07-26 03:00:00+00:00,21068.65,21234.56,20856.48,21141.53,11318.42022
2022-07-26 04:00:00+00:00,21141.53,21272.21,21097.87,21126.91,5964.94785
2022-07-26 05:00:00+00:00,21128.52,21179.33,21062.96,21145.03,4781.80892
2022-07-26 06:00:00+00:00,21146.64,21167.05,21063.24,21079.27,5543.32043
2022-07-26 07:00:00+00:00,21076.98,21145.0,21017.21,21066.86,5707.27423
2022-07-26 08:00:00+00:00,21066.86,21113.0,20986.35,21065.3,5846.82359
2022-07-26 09:00:00+00:00,21067.26,21161.37,21060.41,21120.36,4522.90944
2022-07-26 10:00:00+00:00,21119.09,21151.58,21046.1,21075.84,4112.27871
2022-07-26 11:00:00+00:00,21077.53,21155.15,20932.7,21090.22,5860.84055
2022-07-26 12:00:00+00:00,21090.22,21196.58,20963.88,21033.31,8880.55389
2022-07-26 13:00:00+00:00,21033.31,21053.98,20774.74,20947.22,11498.36053
2022-07-26 14:00:00+00:00,20947.22,21038.52,20833.17,20949.43,8470.46131
2022-07-26 15:00:00+00:00,20947.42,20964.92,20706.5,20746.81,9220.50366
2022-07-26 16:00:00+00:00,20746.81,20951.38,20734.79,20937.41,6801.87187
2022-07-26 17:00:00+00:00,20937.41,21083.49,20901.43,20919.36,8702.84286
2022-07-26 18:00:00+00:00,20919.36,20999.3,20817.0,20905.71,6161.44876
2022-07-26 19:00:00+00:00,20905.71,20944.36,20805.0,20915.57,6252.57802
2022-07-26 20:00:00+00:00,20911.55,20993.9,20809.53,20983.99,7878.06757
2022-07-26 21:00:00+00:00,20985.3,21119.99,20820.8,20942.82,6139.01901
2022-07-26 22:00:00+00:00,20942.82,21165.51,20919.46,21110.33,7317.78448
2022-07-26 23:00:00+00:00,21114.24,21300.0,21061.39,21254.67,7613.07551
2022-07-27 00:00:00+00:00,21254.67,21284.0,21133.42,21208.13,6184.78886
2022-07-27 01:00:00+00:00,21207.23,21235.21,21136.17,21157.37,5517.38198
2022-07-27 02:00:00+00:00,21157.37,21204.11,21091.08,21186.7,5372.29459
2022-07-27 03:00:00+00:00,21186.16,21201.4,21042.53,21076.86,4807.24293
2022-07-27 04:00:00+00:00,21076.86,21137.77,21059.0,21108.72,4014.82603
2022-07-27 05:00:00+00:00,21108.72,21280.0,21094.13,21247.25,5553.57604
2022-07-27 06:00:00+00:00,21248.63,21267.95,21162.02,21256.38,5045.4683
2022-07-27 07:00:00+00:00,21256.38,21451.33,21240.0,21347.36,8228.86115
2022-07-27 08:00:00+00:00,21346.11,21439.29,21335.21,21355.33,5609.54225
2022-07-27 09:00:00+00:00,21354.45,21365.74,21250.54,21292.31,5356.73909
2022-07-27 10:00:00+00:00,21291.54,21336.2,21249.68,21287.5,4468.42009
2022-07-27 11:00:00+00:00,21287.5,21366.4,21129.65,21200.23,5673.38979
2022-07-27 12:00:00+00:00,21200.6,21421.71,21157.07,21371.93,7708.49381
2022-07-27 13:00:00+00:00,21371.93,21484.28,21280.81,21463.9,8913.94641
2022-07-27 14:00:00+00:00,21463.9,21493.69,21392.49,21459.9,7572.41644
2022-07-27 15:00:00+00:00,21459.9,21547.53,21421.02,21530.86,7264.85048
2022-07-27 16:00:00+00:00,21530.86,21713.69,21461.58,21533.89,12132.17506
2022-07-27 17:00:00+00:00,21530.71,21740.0,21455.25,21620.55,10582.73766
2022-07-27 18:00:00+00:00,21618.72,22700.0,21617.24,22554.45,36035.16959
2022-07-27 19:00:00+00:00,22554.45,23112.63,22554.45,22773.62,23590.65654
2022-07-27 20:00:00+00:00,22773.62,22913.83,22667.36,22776.58,9393.14547
2022-07-27 21:00:00+00:00,22776.58,22792.14,22576.0,22677.84,4814.8353
2022-07-27 22:00:00+00:00,22675.53,22960.0,22647.72,22873.39,10530.14452
2022-07-27 23:00:00+00:00,22875.97,22997.17,22805.58,22952.45,6600.09558
2022-07-28 00:00:00+00:00,22954.31,23062.9,22751.95,22785.32,8680.36864
2022-07-28 01:00:00+00:00,22785.34,22801.81,22717.27,22775.69,4752.47938
2022-07-28 02:00:00+00:00,22775.69,23460.58,22701.44,23282.54,13907.93643
2022-07-28 03:00:00+00:00,23282.54,23322.49,23096.88,23133.45,7936.60924
2022-07-28 04:00:00+00:00,23133.45,23196.09,23056.99,23066.63,5726.45987
2022-07-28 05:00:00+00:00,23067.86,23257.11,23032.0,23242.79,6100.0422
2022-07-28 06:00:00+00:00,23242.79,23273.81,23047.79,23124.86,6007.96594
2022-07-28 07:00:00+00:00,23122.37,23125.77,22887.0,22925.1,7445.48706
2022-07-28 08:00:00+00:00,22925.1,23028.68,22871.06,22965.67,5635.01293
2022-07-28 09:00:00+00:00,22963.68,23008.58,22816.26,22978.45,6648.09149
2022-07-28 10:00:00+00:00,22978.45,23100.0,22911.0,22979.17,5715.11657
2022-07-28 11:00:00+00:00,22981.61,23138.28,22956.32,23114.52,6942.50912
2022-07-28 12:00:00+00:00,23116.19,23200.0,22582.13,23034.04,18926.69019
2022-07-28 13:00:00+00:00,23034.04,23268.29,22766.08,22852.26,17953.04799
2022-07-28 14:00:00+00:00,22854.38,23140.18,22736.79,23130.78,13265.73961
2022-07-28 15:00:00+00:00,23130.78,23992.0,23109.59,23745.57,23857.12331
2022-07-28 16:00:00+00:00,23747.85,23944.84,23662.52,23764.13,13529.34211
2022-07-28 17:00:00+00:00,23762.71,24106.96,23747.55,23999.83,13261.0261
2022-07-28 18:00:00+00:00,23999.83,24007.49,23711.73,23800.53,9939.40194
2022-07-28 19:00:00+00:00,23801.67,23894.28,23675.34,23794.26,7727.54518
2022-07-28 20:00:00+00:00,23792.1,24199.72,23784.26,24025.88,13563.19444
2022-07-28 21:00:00+00:00,24025.88,24158.21,23836.09,23927.69,6483.2603
2022-07-28 22:00:00+00:00,23927.69,23988.32,23803.87,23961.92,6267.34083
2022-07-28 23:00:00+00:00,23961.92,23981.74,23711.0,23842.93,5757.28323
2022-07-29 00:00:00+00:00,23845.25,23947.73,23701.0,23880.6,8369.44988
2022-07-29 01:00:00+00:00,23882.01,23897.63,23744.35,23848.14,5923.69807
2022-07-29 02:00:00+00:00,23848.14,23911.21,23730.76,23780.39,6301.65873
2022-07-29 03:00:00+00:00,23780.39,23934.47,23755.78,23912.85,5084.94534
2022-07-29 04:00:00+00:00,23912.7,24037.56,23882.95,24013.87,5859.46778
2022-07-29 05:00:00+00:00,24013.87,24112.0,23864.18,23987.26,6995.74118
2022-07-29 06:00:00+00:00,23987.47,24442.66,23900.0,23940.35,10168.82987
2022-07-29 07:00:00+00:00,23940.35,23994.72,23820.27,23943.26,7493.81217
2022-07-29 08:00:00+00:00,23941.63,23983.99,23778.42,23927.08,7807.60157
2022-07-29 09:00:00+00:00,23927.08,24094.93,23860.0,24062.55,6872.39441
2022-07-29 10:00:00+00:00,24064.41,24131.54,23979.32,24006.04,6626.63608
2022-07-29 11:00:00+00:00,24007.1,24024.91,23530.96,23720.56,11790.92593
2022-07-29 12:00:00+00:00,23718.71,23752.22,23434.38,23512.45,12128.77339
2022-07-29 13:00:00+00:00,23510.89,23761.22,23414.03,23695.41,13779.31648
2022-07-29 14:00:00+00:00,23695.41,24222.0,23661.51,24036.61,18398.06806
2022-07-29 15:00:00+00:00,24034.81,24071.04,23870.59,24010.74,9973.6523
2022-07-29 16:00:00+00:00,24012.76,24024.8,23606.18,23845.48,11932.68299
2022-07-29 17:00:00+00:00,23845.48,23867.2,23625.69,23777.89,6958.12124
2022-07-29 18:00:00+00:00,23775.26,24051.22,23736.27,23929.72,8740.03293
2022-07-29 19:00:00+00:00,23929.72,23963.72,23750.0,23895.13,6515.40957
2022-07-29 20:00:00+00:00,23895.14,23977.86,23798.03,23941.24,5728.61072
2022-07-29 21:00:00+00:00,23941.24,23994.44,23702.52,23819.41,3741.62847
2022-07-29 22:00:00+00:00,23819.41,23970.73,23745.61,23942.89,4256.80017
2022-07-29 23:00:00+00:00,23942.89,24138.69,23700.0,23773.75,6850.2489
2022-07-30 00:00:00+00:00,23777.28,23943.64,23747.02,23919.79,5483.30572
2022-07-30 01:00:00+00:00,23919.79,23968.9,23674.14,23917.35,6939.42081
2022-07-30 02:00:00+00:00,23917.35,23927.59,23744.0,23835.07,5116.74159
2022-07-30 03:00:00+00:00,23835.07,23855.25,23742.81,23801.35,3826.43586
2022-07-30 04:00:00+00:00,23802.8,23823.87,23650.0,23739.21,5195.0139
2022-07-30 05:00:00+00:00,23740.91,23797.81,23711.1,23793.25,3249.84162
2022-07-30 06:00:00+00:00,23793.25,23849.24,23753.24,23812.12,3895.71093
2022-07-30 07:00:00+00:00,23812.12,23914.0,23807.86,23880.76,3885.09807
2022-07-30 08:00:00+00:00,23878.58,23955.0,23828.0,23895.01,5437.10537
2022-07-30 09:00:00+00:00,23895.01,23958.9,23835.51,23916.88,5040.53543
2022-07-30 10:00:00+00:00,23915.1,23935.0,23732.56,23809.94,6985.32553
2022-07-30 11:00:00+00:00,23809.94,24073.05,23807.84,23956.38,6286.31038
2022-07-30 12:00:00+00:00,23956.38,24390.0,23916.97,24377.5,10709.60229
2022-07-30 13:00:00+00:00,24377.5,24668.0,24330.0,24490.53,13601.01245
2022-07-30 14:00:00+00:00,24491.73,24588.36,24335.0,24352.53,7452.69389
2022-07-30 15:00:00+00:00,24349.83,24608.68,24347.3,24529.1,7155.61324
2022-07-30 16:00:00+00:00,24526.57,24583.57,24450.2,24577.29,5652.75125
2022-07-30 17:00:00+00:00,24574.07,24593.02,24450.16,24492.24,4947.18685
2022-07-30 18:00:00+00:00,24494.36,24567.89,24466.12,24511.94,3586.39278
2022-07-30 19:00:00+00:00,24513.6,24517.73,23862.0,23920.65,9914.6789
2022-07-30 20:00:00+00:00,23923.74,24078.94,23808.76,23963.03,8368.64278
2022-07-30 21:00:00+00:00,23963.03,24005.0,23836.46,23860.51,3719.15997
2022-07-30 22:00:00+00:00,23860.51,23863.12,23502.25,23700.98,9444.71013
2022-07-30 23:00:00+00:00,23699.58,23738.65,23545.98,23643.51,5166.84237
2022-07-31 00:00:00+00:00,23644.64,23782.0,23520.0,23747.03,6065.24324
2022-07-31 01:00:00+00:00,23745.67,23839.99,23680.0,23727.73,4637.94997
2022-07-31 02:00:00+00:00,23725.36,23886.92,23720.49,23794.81,4083.09444
2022-07-31 03:00:00+00:00,23794.81,23814.0,23682.26,23737.4,3661.13111
2022-07-31 04:00:00+00:00,23739.41,23832.34,23735.9,23802.86,3272.68391
2022-07-31 05:00:00+00:00,23801.3,23842.2,23701.23,23710.66,3517.80186
2022-07-31 06:00:00+00:00,23710.67,23801.21,23706.07,23775.82,3391.36083
2022-07-31 07:00:00+00:00,23777.3,23815.0,23670.0,23713.1,4605.82599
2022-07-31 08:00:00+00:00,23713.1,23747.0,23574.96,23596.18,4803.60455
2022-07-31 09:00:00+00:00,23595.17,23755.28,23558.21,23752.27,4350.28042
2022-07-31 10:00:00+00:00,23752.26,23850.0,23705.52,23825.63,4574.80597
2022-07-31 11:00:00+00:00,23825.62,23860.0,23745.69,23801.07,5080.87403
2022-07-31 12:00:00+00:00,23802.56,23861.83,23741.05,23810.34,4429.86177
2022-07-31 13:00:00+00:00,23810.34,23826.6,23666.83,23711.24,4545.30809
2022-07-31 14:00:00+00:00,23712.12,23833.45,23605.21,23720.86,5894.23142
2022-07-31 15:00:00+00:00,23721.79,23789.79,23648.05,23774.97,4365.21241
2022-07-31 16:00:00+00:00,23774.97,23820.67,23707.11,23768.3,5029.81772
2022-07-31 17:00:00+00:00,23768.3,23787.32,23700.0,23736.21,3731.52084
2022-07-31 18:00:00+00:00,23738.0,24194.82,23400.0,23746.77,18369.43138
2022-07-31 19:00:00+00:00,23748.65,23982.89,23700.37,23845.88,6209.96199
2022-07-31 20:00:00+00:00,23843.69,23892.43,23772.75,23797.15,3908.90949
2022-07-31 21:00:00+00:00,23797.22,23827.25,23531.61,23589.58,3905.49024
2022-07-31 22:00:00+00:00,23591.06,23593.45,23227.31,23377.48,9707.91071
2022-07-31 23:00:00+00:00,23379.82,23469.0,23266.6,23293.32,5601.01245
2022-08-01 00:00:00+00:00,23296.36,23394.97,23257.37,23374.96,5110.59195
2022-08-01 01:00:00+00:00,23376.65,23443.38,23323.52,23418.8,3835.70981
2022-08-01 02:00:00+00:00,23418.8,23466.55,23371.23,23420.08,3510.57616
2022-08-01 03:00:00+00:00,23420.08,23436.83,23313.38,23375.62,3051.2377
2022-08-01 04:00:00+00:00,23376.59,23417.76,23344.65,23392.4,3465.72905
2022-08-01 05:00:00+00:00,23390.9,23425.0,23273.06,23327.47,3863.3391
2022-08-01 06:00:00+00:00,23329.99,23346.42,23150.0,23223.77,5533.32447
2022-08-01 07:00:00+00:00,23223.77,23347.96,23112.0,23322.05,6019.41952
2022-08-01 08:00:00+00:00,23323.26,23379.0,23271.22,23287.76,4974.95267
2022-08-01 09:00:00+00:00,23287.76,23377.64,23260.5,23311.76,4170.2279
2022-08-01 10:00:00+00:00,23311.76,23319.84,22974.68,23037.35,8472.47166
2022-08-01 11:00:00+00:00,23037.35,23294.4,22939.57,23227.79,7965.41797
2022-08-01 12:00:00+00:00,23227.79,23318.15,23120.0,23140.09,6089.25018
2022-08-01 13:00:00+00:00,23140.09,23325.22,22961.6,23244.83,10724.83434
2022-08-01 14:00:00+00:00,23242.59,23509.68,23209.6,23437.41,12553.21721
2022-08-01 15:00:00+00:00,23437.41,23467.58,23280.23,23326.73,6303.50388
2022-08-01 16:00:00+00:00,23325.19,23355.0,23137.34,23198.94,7588.78912
2022-08-01 17:00:00+00:00,23198.94,23211.95,22876.74,22963.69,9230.2931
2022-08-01 18:00:00+00:00,22963.75,22996.82,22850.0,22953.36,6159.31354
2022-08-01 19:00:00+00:00,22953.39,23040.94,22872.27,22953.59,5353.52798
2022-08-01 20:00:00+00:00,22955.37,23131.61,22915.84,23118.88,4668.42952
2022-08-01 21:00:00+00:00,23115.91,23132.37,22981.8,23019.09,2774.4024
2022-08-01 22:00:00+00:00,23019.09,23195.0,22908.45,23164.79,5491.07472
2022-08-01 23:00:00+00:00,23166.1,23417.11,23164.59,23268.01,7300.52824
2022-08-02 00:00:00+00:00,23266.9,23447.62,23160.02,23187.65,6217.40017
2022-08-02 01:00:00+00:00,23187.65,23245.0,22944.0,22997.14,5332.19631
2022-08-02 02:00:00+00:00,22997.14,23080.37,22824.77,22912.95,6362.84295
2022-08-02 03:00:00+00:00,22912.95,22922.29,22780.0,22853.11,5949.36117
2022-08-02 04:00:00+00:00,22851.34,22900.93,22750.0,22862.28,5073.96401
2022-08-02 05:00:00+00:00,22860.83,22909.0,22834.56,22852.71,3872.99055
2022-08-02 06:00:00+00:00,22852.71,22937.5,22850.5,22874.63,3754.29164
2022-08-02 07:00:00+00:00,22873.35,22920.0,22715.61,22887.8,6855.66267
2022-08-02 08:00:00+00:00,22889.62,22910.34,22783.0,22809.74,4915.01711
2022-08-02 09:00:00+00:00,22809.74,22845.0,22654.37,22711.08,6028.10289
2022-08-02 10:00:00+00:00,22711.68,22868.0,22673.84,22858.17,5513.08462
2022-08-02 11:00:00+00:00,22858.17,22973.08,22836.0,22882.61,6118.62975
2022-08-02 12:00:00+00:00,22882.61,22910.35,22666.05,22735.46,6508.09848
2022-08-02 13:00:00+00:00,22737.06,22887.43,22700.0,22799.96,9008.03806
2022-08-02 14:00:00+00:00,22799.96,23151.24,22670.0,23025.61,16571.4317
2022-08-02 15:00:00+00:00,23025.61,23109.1,22806.52,22979.5,9314.7855
2022-08-02 16:00:00+00:00,22977.78,23459.89,22946.73,23378.71,12556.45112
2022-08-02 17:00:00+00:00,23380.12,23442.9,23149.3,23186.84,8193.26662
2022-08-02 18:00:00+00:00,23186.84,23282.33,22961.59,22981.11,7280.98943
2022-08-02 19:00:00+00:00,22982.89,23100.0,22870.1,22951.21,6473.98442
2022-08-02 20:00:00+00:00,22951.21,23063.6,22910.0,23030.58,4755.40242
2022-08-02 21:00:00+00:00,23028.83,23146.67,22943.29,23093.38,2931.755
2022-08-02 22:00:00+00:00,23093.02,23148.6,23024.36,23100.92,4107.3569
2022-08-02 23:00:00+00:00,23100.92,23134.99,22927.61,22987.79,4378.17876
2022-08-03 00:00:00+00:00,22985.93,23079.39,22727.0,22793.56,7221.49504
2022-08-03 01:00:00+00:00,22793.57,22836.0,22681.22,22801.57,5420.13145
2022-08-03 02:00:00+00:00,22803.27,22857.0,22725.5,22776.69,5036.01789
2022-08-03 03:00:00+00:00,22776.69,22882.4,22758.3,22862.72,4117.03166
2022-08-03 04:00:00+00:00,22863.65,22901.94,22822.4,22831.56,3692.98097
2022-08-03 05:00:00+00:00,22831.56,22962.72,22802.0,22916.75,4041.26715
2022-08-03 06:00:00+00:00,22915.59,23074.86,22913.66,23043.44,4545.00541
2022-08-03 07:00:00+00:00,23044.99,23055.0,22954.0,22989.96,4049.44896
2022-08-03 08:00:00+00:00,22989.16,23300.0,22987.46,23294.8,7411.06418
2022-08-03 09:00:00+00:00,23293.27,23400.0,23286.24,23383.55,7002.52079
2022-08-03 10:00:00+00:00,23385.48,23453.35,23326.43,23410.54,6486.94851
2022-08-03 11:00:00+00:00,23410.53,23471.5,23291.07,23402.83,6659.78507
2022-08-03 12:00:00+00:00,23405.14,23647.68,23239.34,23264.69,11639.40093
2022-08-03 13:00:00+00:00,23263.57,23400.0,23229.28,23341.12,8255.89325
2022-08-03 14:00:00+00:00,23341.12,23430.19,23207.29,23301.49,8271.14791
2022-08-03 15:00:00+00:00,23300.01,23404.99,23257.95,23352.76,5894.84599
2022-08-03 16:00:00+00:00,23352.76,23528.17,23256.87,23440.93,6719.64849
2022-08-03 17:00:00+00:00,23440.93,23574.98,23400.61,23448.59,7064.29821
2022-08-03 18:00:00+00:00,23448.59,23531.46,23352.08,23487.95,5454.11258
2022-08-03 19:00:00+00:00,23487.95,23541.85,23414.51,23462.0,4929.13101
2022-08-03 20:00:00+00:00,23460.51,23486.48,23245.0,23322.38,4637.94587
2022-08-03 21:00:00+00:00,23323.84,23367.0,23252.0,23267.83,2349.03381
2022-08-03 22:00:00+00:00,23267.83,23282.0,22876.85,22932.21,7386.00534
2022-08-03 23:00:00+00:00,22932.21,22934.61,22720.0,22818.37,7663.64948
2022-08-04 00:00:00+00:00,22816.91,23023.82,22791.46,23006.01,7206.91975
2022-08-04 01:00:00+00:00,23006.0,23223.32,22998.18,23141.21,6677.46523
2022-08-04 02:00:00+00:00,23141.21,23192.44,23080.0,23134.92,4958.01269
2022-08-04 03:00:00+00:00,23133.45,23156.0,23028.09,23095.74,4345.30861
2022-08-04 04:00:00+00:00,23095.74,23174.45,23066.16,23084.45,3826.03186
2022-08-04 05:00:00+00:00,23085.58,23150.0,23051.43,23123.82,3736.18766
2022-08-04 06:00:00+00:00,23122.44,23185.35,22815.35,22937.73,9061.76039
2022-08-04 07:00:00+00:00,22937.73,23030.92,22908.3,22947.92,4713.74273
2022-08-04 08:00:00+00:00,22947.92,22950.0,22767.86,22798.24,6697.60808
2022-08-04 09:00:00+00:00,22799.8,22909.67,22786.78,22870.1,5070.46044
2022-08-04 10:00:00+00:00,22868.67,22956.41,22819.6,22863.83,5011.36339
2022-08-04 11:00:00+00:00,22863.83,22924.07,22800.0,22885.01,4796.23584
2022-08-04 12:00:00+00:00,22885.01,22985.6,22750.0,22895.8,8302.00137
2022-08-04 13:00:00+00:00,22897.12,23148.99,22840.0,23029.09,11914.3767
2022-08-04 14:00:00+00:00,23027.6,23141.0,22785.06,22922.38,11605.14444
2022-08-04 15:00:00+00:00,22921.34,22953.68,22765.73,22931.68,6911.65919
2022-08-04 16:00:00+00:00,22931.68,22980.0,22527.0,22587.5,9877.28422
2022-08-04 17:00:00+00:00,22585.47,22659.99,22550.57,22633.95,6911.3526
2022-08-04 18:00:00+00:00,22632.97,22719.99,22400.0,22539.02,9134.47998
2022-08-04 19:00:00+00:00,22541.68,22639.34,22427.27,22451.24,6050.56541
2022-08-04 20:00:00+00:00,22451.28,22555.0,22449.09,22511.22,4497.54371
2022-08-04 21:00:00+00:00,22511.22,22570.47,22481.7,22495.34,2516.70886
2022-08-04 22:00:00+00:00,22495.34,22639.77,22450.0,22622.52,6208.32552
2022-08-04 23:00:00+00:00,22622.52,22670.0,22570.0,22622.98,4824.13149
2022-08-05 00:00:00+00:00,22622.41,22682.65,22586.95,22632.0,4571.73014
2022-08-05 01:00:00+00:00,22632.0,22920.61,22627.24,22893.44,7250.9132
2022-08-05 02:00:00+00:00,22893.44,23115.38,22858.59,23044.91,9837.1328
2022-08-05 03:00:00+00:00,23044.91,23200.0,23040.0,23175.32,7415.99555
2022-08-05 04:00:00+00:00,23173.9,23247.84,23093.94,23152.02,5732.52901
2022-08-05 05:00:00+00:00,23152.02,23228.59,23065.82,23189.78,5425.93988
2022-08-05 06:00:00+00:00,23189.77,23432.51,23188.9,23282.02,7956.52743
2022-08-05 07:00:00+00:00,23282.02,23299.27,23157.49,23186.08,4984.31193
2022-08-05 08:00:00+00:00,23185.08,23254.92,23095.17,23151.46,5536.67841
2022-08-05 09:00:00+00:00,23151.46,23189.66,23120.48,23132.21,4048.88956
2022-08-05 10:00:00+00:00,23132.21,23253.39,23105.47,23196.04,5203.8064
2022-08-05 11:00:00+00:00,23195.46,23441.1,23151.04,23405.13,10607.82125
2022-08-05 12:00:00+00:00,23403.67,23472.86,22921.25,23018.93,17134.38188
2022-08-05 13:00:00+00:00,23018.93,23101.0,22879.42,23054.81,10640.45176
2022-08-05 14:00:00+00:00,23053.25,23360.0,23022.5,23177.08,12296.49544
2022-08-05 15:00:00+00:00,23177.08,23204.64,22957.98,22988.25,8809.01549
2022-08-05 16:00:00+00:00,22988.26,23076.69,22900.0,23034.35,7440.73005
2022-08-05 17:00:00+00:00,23034.35,23104.0,22800.0,22828.26,8366.91113
2022-08-05 18:00:00+00:00,22828.26,22892.73,22754.13,22806.02,5493.94588
2022-08-05 19:00:00+00:00,22806.02,22957.51,22775.23,22932.83,5700.82654
2022-08-05 20:00:00+00:00,22931.23,23004.34,22839.27,22983.39,4370.87889
2022-08-05 21:00:00+00:00,22981.3,23223.53,22980.0,23106.58,5539.43793
2022-08-05 22:00:00+00:00,23106.58,23281.98,23106.58,23243.41,5280.89043
2022-08-05 23:00:00+00:00,23244.67,23329.0,23154.7,23312.42,5605.45651
2022-08-06 00:00:00+00:00,23313.56,23354.36,23201.27,23264.97,5770.02445
2022-08-06 01:00:00+00:00,23264.97,23297.0,23187.62,23224.39,3460.10992
2022-08-06 02:00:00+00:00,23223.24,23288.52,23190.93,23266.26,3375.21779
2022-08-06 03:00:00+00:00,23266.22,23283.72,23152.42,23173.65,3982.38759
2022-08-06 04:00:00+00:00,23173.65,23227.71,23160.27,23208.23,2400.00516
2022-08-06 05:00:00+00:00,23209.9,23236.93,23141.22,23195.99,3624.09863
2022-08-06 06:00:00+00:00,23194.7,23211.2,23140.02,23187.74,2823.60726
2022-08-06 07:00:00+00:00,23187.19,23236.55,23166.29,23205.87,3094.62555
2022-08-06 08:00:00+00:00,23204.77,23258.61,23100.0,23151.86,4579.00249
2022-08-06 09:00:00+00:00,23153.33,23196.64,23135.9,23170.28,2654.11133
2022-08-06 10:00:00+00:00,23170.28,23213.0,23167.37,23179.51,2416.90754
2022-08-06 11:00:00+00:00,23179.5,23201.69,23150.95,23157.42,2991.33811
2022-08-06 12:00:00+00:00,23157.42,23204.67,23153.59,23172.47,2602.40182
2022-08-06 13:00:00+00:00,23172.47,23236.49,23166.01,23188.74,3011.8756
2022-08-06 14:00:00+00:00,23189.9,23234.58,23172.2,23220.36,2701.20803
2022-08-06 15:00:00+00:00,23220.36,23232.22,23172.16,23202.21,2590.71218
2022-08-06 16:00:00+00:00,23201.18,23226.66,23143.04,23156.72,3189.54167
2022-08-06 17:00:00+00:00,23156.72,23256.37,22982.49,23128.83,7525.45014
2022-08-06 18:00:00+00:00,23130.69,23211.27,23083.69,23181.57,3634.37716
2022-08-06 19:00:00+00:00,23180.23,23205.0,23145.12,23185.12,2754.5633
2022-08-06 20:00:00+00:00,23186.32,23200.0,23103.03,23172.41,2760.40553
2022-08-06 21:00:00+00:00,23174.35,23207.65,23168.0,23178.84,1760.98895
2022-08-06 22:00:00+00:00,23178.84,23220.0,23147.45,23173.63,3054.21303
2022-08-06 23:00:00+00:00,23173.63,23174.97,22909.52,22954.21,7154.62984
2022-08-07 00:00:00+00:00,22954.21,23051.92,22844.62,22889.24,5343.43342
2022-08-07 01:00:00+00:00,22889.25,22938.0,22854.26,22911.34,4117.69791
2022-08-07 02:00:00+00:00,22910.32,23007.75,22903.6,22996.12,2859.50901
2022-08-07 03:00:00+00:00,22996.12,23042.31,22968.65,22990.1,3649.50686
2022-08-07 04:00:00+00:00,22990.1,23025.0,22938.47,22950.57,3507.57328
2022-08-07 05:00:00+00:00,22949.17,22998.93,22946.89,22969.39,2150.49454
2022-08-07 06:00:00+00:00,22969.39,23020.44,22965.45,23005.76,2225.20884
2022-08-07 07:00:00+00:00,23005.2,23029.62,22990.49,23015.95,2399.76585
2022-08-07 08:00:00+00:00,23014.6,23025.95,22902.16,22924.9,3747.39457
2022-08-07 09:00:00+00:00,22924.9,22980.27,22890.52,22977.27,3571.7914
2022-08-07 10:00:00+00:00,22978.05,23013.82,22957.47,22999.48,2453.50635
2022-08-07 11:00:00+00:00,22998.69,23055.0,22961.99,23038.48,3331.44675
2022-08-07 12:00:00+00:00,23038.48,23151.0,23035.0,23115.02,6003.94433
2022-08-07 13:00:00+00:00,23115.02,23184.21,23115.02,23152.76,4248.28127
2022-08-07 14:00:00+00:00,23153.02,23172.84,23055.94,23119.59,3971.76998
2022-08-07 15:00:00+00:00,23118.57,23123.63,23010.84,23023.14,3743.67044
2022-08-07 16:00:00+00:00,23021.97,23137.29,22994.0,23093.7,3781.37734
2022-08-07 17:00:00+00:00,23093.13,23300.0,23090.0,23240.4,5755.75131
2022-08-07 18:00:00+00:00,23238.33,23287.26,23184.36,23215.6,3372.28767
2022-08-07 19:00:00+00:00,23214.59,23224.11,23141.48,23161.02,2740.86815
2022-08-07 20:00:00+00:00,23162.46,23279.97,23151.63,23264.01,3412.95593
2022-08-07 21:00:00+00:00,23264.01,23402.0,23262.02,23311.34,3759.24792
2022-08-07 22:00:00+00:00,23311.34,23323.0,23215.6,23244.63,3588.4071
2022-08-07 23:00:00+00:00,23244.63,23252.92,23051.71,23174.39,5154.11855
2022-08-08 00:00:00+00:00,23174.39,23350.0,23154.25,23264.25,5160.37577
2022-08-08 01:00:00+00:00,23262.89,23275.15,23162.98,23220.08,3725.5341
2022-08-08 02:00:00+00:00,23218.93,23328.72,23203.82,23302.44,5132.5044
2022-08-08 03:00:00+00:00,23303.17,23344.0,23254.36,23306.63,4037.71722
2022-08-08 04:00:00+00:00,23306.62,23359.76,23278.14,23341.39,3286.07098
2022-08-08 05:00:00+00:00,23341.39,23467.0,23331.32,23430.31,5607.63136
2022-08-08 06:00:00+00:00,23430.31,23792.86,23430.31,23729.49,12470.75605
2022-08-08 07:00:00+00:00,23729.49,23852.43,23682.07,23807.68,8748.39534
2022-08-08 08:00:00+00:00,23807.53,24175.07,23771.01,24133.46,13627.83376
2022-08-08 09:00:00+00:00,24133.46,24189.43,24056.11,24090.38,8309.32898
2022-08-08 10:00:00+00:00,24092.18,24120.0,24000.0,24061.06,6079.56013
2022-08-08 11:00:00+00:00,24059.74,24182.3,24013.28,24166.12,6571.6723
2022-08-08 12:00:00+00:00,24166.12,24245.0,24066.87,24122.21,9789.32861
2022-08-08 13:00:00+00:00,24122.21,24211.99,24007.55,24160.36,10084.78142
2022-08-08 14:00:00+00:00,24160.27,24222.61,24076.53,24145.76,7953.67072
2022-08-08 15:00:00+00:00,24147.52,24211.42,23892.57,23991.38,10586.66334
2022-08-08 16:00:00+00:00,23991.38,24011.93,23841.6,23939.66,8293.6123
2022-08-08 17:00:00+00:00,23939.66,23992.78,23901.22,23964.99,5105.45098
2022-08-08 18:00:00+00:00,23963.73,23982.23,23875.44,23917.89,5251.72465
2022-08-08 19:00:00+00:00,23917.89,23957.63,23793.33,23926.83,5680.72939
2022-08-08 20:00:00+00:00,23926.84,24104.55,23908.96,24066.49,5167.7647
2022-08-08 21:00:00+00:00,24066.49,24068.31,23762.38,23850.33,5725.46482
2022-08-08 22:00:00+00:00,23850.33,23854.47,23670.88,23813.39,8402.25738
2022-08-08 23:00:00+00:00,23813.39,23922.7,23755.36,23810.0,6159.61282
2022-08-09 00:00:00+00:00,23810.98,23869.96,23727.95,23794.0,3670.44373
2022-08-09 01:00:00+00:00,23792.61,23839.16,23708.31,23733.96,4295.21852
2022-08-09 02:00:00+00:00,23732.97,23815.95,23626.87,23807.74,4397.15516
2022-08-09 03:00:00+00:00,23807.74,23849.0,23776.98,23828.96,3011.61828
2022-08-09 04:00:00+00:00,23828.98,23904.26,23792.11,23884.91,3468.44144
2022-08-09 05:00:00+00:00,23884.91,23933.25,23850.0,23873.74,3399.98472
2022-08-09 06:00:00+00:00,23873.74,23881.22,23754.51,23849.8,4878.56752
2022-08-09 07:00:00+00:00,23849.8,23906.78,23815.49,23878.12,4877.78561
2022-08-09 08:00:00+00:00,23878.12,23890.47,23768.04,23777.27,4791.64287
2022-08-09 09:00:00+00:00,23777.27,23829.0,23470.0,23472.62,10055.90053
2022-08-09 10:00:00+00:00,23472.62,23531.87,23336.15,23350.39,11390.69368
2022-08-09 11:00:00+00:00,23350.39,23414.35,23182.55,23263.92,10167.9159
2022-08-09 12:00:00+00:00,23263.34,23307.3,23200.27,23244.76,6710.68571
2022-08-09 13:00:00+00:00,23245.15,23327.07,23012.85,23068.42,10670.07679
2022-08-09 14:00:00+00:00,23068.42,23125.15,22865.0,23098.85,11832.48045
2022-08-09 15:00:00+00:00,23098.85,23157.89,23029.15,23075.0,5970.90076
2022-08-09 16:00:00+00:00,23075.0,23120.0,22988.09,23071.96,6820.89382
2022-08-09 17:00:00+00:00,23071.96,23132.11,22970.0,23053.98,5990.06509
2022-08-09 18:00:00+00:00,23053.98,23073.96,22986.0,23053.55,4731.44269
2022-08-09 19:00:00+00:00,23051.41,23098.0,23006.0,23053.82,4886.07604
2022-08-09 20:00:00+00:00,23053.82,23184.97,23050.0,23137.35,4211.54854
2022-08-09 21:00:00+00:00,23137.35,23217.57,23123.47,23191.6,3433.90433
2022-08-09 22:00:00+00:00,23191.6,23265.0,23117.92,23170.32,5250.1997
2022-08-09 23:00:00+00:00,23170.32,23242.23,23133.31,23149.95,4268.8667
2022-08-10 00:00:00+00:00,23151.32,23151.32,22664.69,22771.87,10395.73294
2022-08-10 01:00:00+00:00,22771.87,22949.09,22761.11,22886.25,6410.81259
2022-08-10 02:00:00+00:00,22885.9,22924.4,22760.0,22913.53,5552.14915
2022-08-10 03:00:00+00:00,22913.53,22939.52,22850.0,22863.75,4963.6917
2022-08-10 04:00:00+00:00,22863.75,23004.52,22849.46,22943.35,6023.3788
2022-08-10 05:00:00+00:00,22941.32,22966.62,22880.0,22900.86,3574.64105
2022-08-10 06:00:00+00:00,22899.26,22954.92,22829.17,22936.65,4249.58912
2022-08-10 07:00:00+00:00,22936.65,23011.5,22923.0,22963.67,4876.86095
2022-08-10 08:00:00+00:00,22963.67,23139.0,22961.96,23103.3,6759.17325
2022-08-10 09:00:00+00:00,23103.3,23129.58,23025.49,23082.32,4950.3777
2022-08-10 10:00:00+00:00,23083.81,23091.18,22983.08,23064.45,5176.68425
2022-08-10 11:00:00+00:00,23063.68,23204.0,23047.49,23123.95,6532.65401
2022-08-10 12:00:00+00:00,23122.36,24056.22,23004.58,23985.18,31921.89109
2022-08-10 13:00:00+00:00,23983.92,24178.0,23852.83,24018.75,20489.71161
2022-08-10 14:00:00+00:00,24016.31,24082.2,23830.05,24002.48,13222.8512
2022-08-10 15:00:00+00:00,24003.48,24078.0,23917.52,23997.1,8853.00313
2022-08-10 16:00:00+00:00,23997.1,24092.52,23930.39,23960.18,8070.99525
2022-08-10 17:00:00+00:00,23960.18,23969.36,23826.5,23915.64,6276.28374
2022-08-10 18:00:00+00:00,23915.5,23931.25,23475.4,23598.15,12118.61698
2022-08-10 19:00:00+00:00,23599.87,23708.81,23539.0,23638.95,7784.84531
2022-08-10 20:00:00+00:00,23638.95,23938.86,23622.96,23893.94,8131.18695
2022-08-10 21:00:00+00:00,23893.94,24226.0,23771.43,23958.64,10242.63292
2022-08-10 22:00:00+00:00,23957.96,24026.37,23803.35,23842.75,7363.89991
2022-08-10 23:00:00+00:00,23842.75,23967.61,23820.15,23954.05,4974.88593
2022-08-11 00:00:00+00:00,23954.05,24095.12,23912.39,24049.93,9388.17867
2022-08-11 01:00:00+00:00,24051.88,24491.22,24042.51,24436.84,15005.35791
2022-08-11 02:00:00+00:00,24438.33,24463.64,24195.23,24263.85,10104.42527
2022-08-11 03:00:00+00:00,24263.85,24379.46,24210.01,24324.38,9192.78626
2022-08-11 04:00:00+00:00,24324.37,24543.35,24287.47,24520.24,7926.17778
2022-08-11 05:00:00+00:00,24520.24,24660.0,24473.29,24559.66,12084.67354
2022-08-11 06:00:00+00:00,24558.36,24621.41,24478.01,24542.61,9129.70517
2022-08-11 07:00:00+00:00,24541.44,24745.0,24355.78,24431.88,13170.88662
2022-08-11 08:00:00+00:00,24431.88,24555.52,24345.08,24524.03,9622.50246
2022-08-11 09:00:00+00:00,24523.65,24538.0,24438.0,24441.13,6872.76512
2022-08-11 10:00:00+00:00,24441.13,24522.24,24381.23,24478.3,7042.18802
2022-08-11 11:00:00+00:00,24479.06,24685.2,24462.98,24559.37,8048.80257
2022-08-11 12:00:00+00:00,24559.37,24918.54,24531.05,24862.02,21539.67028
2022-08-11 13:00:00+00:00,24862.02,24880.0,24528.29,24731.75,17003.95162
2022-08-11 14:00:00+00:00,24731.75,24869.5,24425.63,24562.81,15228.35452
2022-08-11 15:00:00+00:00,24564.56,24584.58,24280.18,24343.68,14144.76186
2022-08-11 16:00:00+00:00,24343.68,24416.5,24245.0,24339.41,11372.35735
2022-08-11 17:00:00+00:00,24339.41,24418.5,24279.72,24342.78,7994.18853
2022-08-11 18:00:00+00:00,24342.78,24344.57,24081.22,24148.75,12435.40589
2022-08-11 19:00:00+00:00,24147.63,24229.29,24081.23,24221.81,7238.87251
2022-08-11 20:00:00+00:00,24222.73,24239.02,24037.58,24203.27,6654.43949
2022-08-11 21:00:00+00:00,24202.28,24334.46,24045.0,24183.29,5233.68242
2022-08-11 22:00:00+00:00,24183.3,24210.0,23890.67,23893.28,6780.18165
2022-08-11 23:00:00+00:00,23893.27,23962.11,23852.13,23934.39,6545.48006
2022-08-12 00:00:00+00:00,23933.09,24009.67,23761.84,23964.37,9059.49709
2022-08-12 01:00:00+00:00,23965.31,24000.0,23853.65,23906.32,5679.14504
2022-08-12 02:00:00+00:00,23906.32,24097.97,23795.41,24011.51,8748.23494
2022-08-12 03:00:00+00:00,24011.51,24070.44,23940.0,24010.11,5624.02904
2022-08-12 04:00:00+00:00,24011.25,24048.61,23911.12,23931.99,4767.96955
2022-08-12 05:00:00+00:00,23930.73,24060.0,23925.36,23949.96,5395.21516
2022-08-12 06:00:00+00:00,23949.96,23990.0,23880.0,23952.26,5385.59385
2022-08-12 07:00:00+00:00,23953.22,23985.41,23907.29,23960.99,5173.40664
2022-08-12 08:00:00+00:00,23960.99,23999.7,23910.48,23920.97,5017.63517
2022-08-12 09:00:00+00:00,23920.18,24143.0,23900.0,23983.42,8653.42865
2022-08-12 10:00:00+00:00,23983.42,24001.17,23707.31,23747.98,10262.91146
2022-08-12 11:00:00+00:00,23749.73,23813.38,23583.0,23672.99,9960.49893
2022-08-12 12:00:00+00:00,23672.98,23807.56,23653.66,23782.64,7279.57607
2022-08-12 13:00:00+00:00,23782.64,23900.0,23721.2,23829.49,11983.9868
2022-08-12 14:00:00+00:00,23828.98,23873.34,23704.78,23814.72,10108.03924
2022-08-12 15:00:00+00:00,23814.72,24012.21,23802.92,23980.66,8219.50846
2022-08-12 16:00:00+00:00,23979.58,24085.17,23952.03,23990.84,7039.48699
2022-08-12 17:00:00+00:00,23989.52,24053.51,23979.0,24009.06,4368.54123
2022-08-12 18:00:00+00:00,24009.06,24271.58,23980.3,24124.64,8212.91986
2022-08-12 19:00:00+00:00,24124.64,24256.79,24119.69,24177.57,6775.28142
2022-08-12 20:00:00+00:00,24177.57,24286.61,24048.29,24225.2,6970.61459
2022-08-12 21:00:00+00:00,24225.2,24247.68,24091.78,24114.68,3236.98124
2022-08-12 22:00:00+00:00,24115.61,24249.55,24073.97,24239.17,5520.52652
2022-08-12 23:00:00+00:00,24239.13,24456.5,24202.48,24403.68,10764.54246
2022-08-13 00:00:00+00:00,24401.7,24495.08,24334.37,24485.12,7300.96803
2022-08-13 01:00:00+00:00,24483.47,24600.02,24437.59,24554.47,8509.65975
2022-08-13 02:00:00+00:00,24555.04,24696.0,24513.26,24681.25,6174.19326
2022-08-13 03:00:00+00:00,24681.25,24811.24,24597.05,24796.53,11509.08262
2022-08-13 04:00:00+00:00,24796.53,24839.95,24694.0,24731.22,7238.36758
2022-08-13 05:00:00+00:00,24731.22,24750.01,24653.51,24710.86,6149.78176
2022-08-13 06:00:00+00:00,24711.58,24888.0,24602.92,24651.64,9257.63284
2022-08-13 07:00:00+00:00,24651.64,24705.82,24552.13,24572.12,6441.70908
2022-08-13 08:00:00+00:00,24574.03,24653.48,24364.59,24404.68,8062.08222
2022-08-13 09:00:00+00:00,24404.68,24648.95,24356.11,24584.04,8325.69363
2022-08-13 10:00:00+00:00,24584.04,24602.88,24413.13,24498.92,8650.82084
2022-08-13 11:00:00+00:00,24499.88,24505.98,24291.22,24435.91,6014.12945
2022-08-13 12:00:00+00:00,24435.91,24477.0,24300.0,24441.92,4731.15191
2022-08-13 13:00:00+00:00,24443.41,24528.25,24412.22,24461.56,4784.45913
2022-08-13 14:00:00+00:00,24461.56,24532.59,24422.34,24470.51,5068.84679
2022-08-13 15:00:00+00:00,24470.51,24600.88,24439.0,24512.66,6752.20796
2022-08-13 16:00:00+00:00,24512.66,24563.98,24451.22,24482.84,5523.24411
2022-08-13 17:00:00+00:00,24482.78,24578.2,24459.57,24572.21,4590.52992
2022-08-13 18:00:00+00:00,24570.63,24593.37,24393.89,24453.92,5864.76524
2022-08-13 19:00:00+00:00,24452.1,24497.48,24336.16,24398.56,5173.25706
2022-08-13 20:00:00+00:00,24398.56,24506.1,24319.09,24486.13,5106.42628
2022-08-13 21:00:00+00:00,24484.91,24545.0,24455.7,24498.46,3010.83867
2022-08-13 22:00:00+00:00,24498.46,24525.7,24384.1,24387.08,3989.24447
2022-08-13 23:00:00+00:00,24386.27,24495.0,24360.0,24441.38,4623.16175
2022-08-14 00:00:00+00:00,24443.06,24518.06,24343.3,24510.36,5129.2622
2022-08-14 01:00:00+00:00,24511.39,24640.0,24407.37,24586.3,8840.28097
2022-08-14 02:00:00+00:00,24584.79,24615.36,24500.16,24595.77,4133.29423
2022-08-14 03:00:00+00:00,24595.77,24625.0,24538.85,24570.02,3896.43245
2022-08-14 04:00:00+00:00,24570.33,24641.97,24500.0,24567.47,5088.45774
2022-08-14 05:00:00+00:00,24567.46,24619.14,24522.74,24588.64,4307.97934
2022-08-14 06:00:00+00:00,24588.64,24680.85,24582.43,24676.74,5004.67013
2022-08-14 07:00:00+00:00,24676.73,25047.56,24666.12,24873.32,15098.05591
2022-08-14 08:00:00+00:00,24873.32,24883.24,24594.83,24657.09,11430.495
2022-08-14 09:00:00+00:00,24655.85,24795.36,24623.09,24751.31,6844.91489
2022-08-14 10:00:00+00:00,24751.31,24752.17,24603.01,24621.34,5283.70836
2022-08-14 11:00:00+00:00,24619.98,24676.92,24524.32,24564.49,5063.80842
2022-08-14 12:00:00+00:00,24564.5,24593.43,24470.74,24527.46,5769.93246
2022-08-14 13:00:00+00:00,24527.48,24534.04,24400.0,24477.07,7275.51456
2022-08-14 14:00:00+00:00,24475.67,24532.5,24460.12,24514.5,4411.90525
2022-08-14 15:00:00+00:00,24514.5,24540.0,24466.04,24524.54,4140.49945
2022-08-14 16:00:00+00:00,24525.51,24568.74,24302.5,24311.45,8632.62514
2022-08-14 17:00:00+00:00,24309.97,24329.32,24174.03,24226.46,10530.83098
2022-08-14 18:00:00+00:00,24229.1,24299.48,24144.0,24286.74,6303.41625
2022-08-14 19:00:00+00:00,24286.74,24326.57,24239.61,24284.07,3904.97266
2022-08-14 20:00:00+00:00,24284.07,24352.22,24251.22,24312.41,4169.55051
2022-08-14 21:00:00+00:00,24313.51,24435.0,24273.94,24343.67,4309.37601
2022-08-14 22:00:00+00:00,24344.88,24364.4,24172.4,24258.68,6704.19848
2022-08-14 23:00:00+00:00,24257.9,24353.1,24234.07,24305.24,4931.96334
2022-08-15 00:00:00+00:00,24305.25,24413.79,24164.1,24400.97,7109.86826
2022-08-15 01:00:00+00:00,24400.97,24656.75,24330.96,24645.14,9951.2962
2022-08-15 02:00:00+00:00,24645.14,24931.66,24638.8,24917.72,12913.9282
2022-08-15 03:00:00+00:00,24918.29,25211.32,24779.05,24867.39,18045.52022
2022-08-15 04:00:00+00:00,24866.12,24888.0,24690.08,24847.53,9431.32708
2022-08-15 05:00:00+00:00,24849.23,24982.7,24751.0,24817.62,9249.56609
2022-08-15 06:00:00+00:00,24817.62,24826.0,24081.79,24135.23,19911.58384
2022-08-15 07:00:00+00:00,24135.23,24218.92,23944.62,24027.05,16046.47728
2022-08-15 08:00:00+00:00,24027.05,24079.88,23869.46,24042.7,12100.18542
2022-08-15 09:00:00+00:00,24042.7,24205.77,23993.02,24172.18,9372.13305
2022-08-15 10:00:00+00:00,24170.69,24300.0,24128.58,24267.62,8664.50093
2022-08-15 11:00:00+00:00,24267.62,24314.28,23996.58,24049.48,9954.26092
2022-08-15 12:00:00+00:00,24048.91,24192.0,23900.0,23950.97,9915.28581
2022-08-15 13:00:00+00:00,23949.28,24198.51,23931.2,24155.97,13043.00658
2022-08-15 14:00:00+00:00,24155.97,24194.0,24080.33,24115.47,10134.04152
2022-08-15 15:00:00+00:00,24113.79,24265.74,24046.01,24226.0,8916.43689
2022-08-15 16:00:00+00:00,24226.0,24281.1,24151.91,24254.0,7757.41072
2022-08-15 17:00:00+00:00,24254.0,24274.85,24077.61,24116.79,7798.61521
2022-08-15 18:00:00+00:00,24116.79,24142.0,24030.77,24098.11,6209.42434
2022-08-15 19:00:00+00:00,24098.22,24158.0,23965.0,23982.54,8672.49214
2022-08-15 20:00:00+00:00,23983.54,24110.0,23973.38,24066.82,5726.59719
2022-08-15 21:00:00+00:00,24068.36,24145.43,23982.0,24026.63,3506.34869
2022-08-15 22:00:00+00:00,24027.43,24150.0,23969.09,24013.72,5610.98985
2022-08-15 23:00:00+00:00,24013.72,24192.83,23773.22,24094.82,12498.25115
2022-08-16 00:00:00+00:00,24093.04,24163.84,23958.54,24124.8,9038.51453
2022-08-16 01:00:00+00:00,24124.8,24247.49,24100.0,24108.33,7111.63367
2022-08-16 02:00:00+00:00,24109.1,24199.99,24018.75,24046.18,5872.95843
2022-08-16 03:00:00+00:00,24046.18,24181.13,23853.0,24083.42,9796.28825
2022-08-16 04:00:00+00:00,24083.25,24144.77,23934.87,23957.47,6337.64618
2022-08-16 05:00:00+00:00,23959.0,24011.01,23795.67,23948.01,9215.97496
2022-08-16 06:00:00+00:00,23948.01,24042.62,23911.53,23998.38,5921.00488
2022-08-16 07:00:00+00:00,23997.31,24067.98,23932.56,24066.93,5165.034
2022-08-16 08:00:00+00:00,24067.77,24081.24,23968.78,23992.82,6102.51019
2022-08-16 09:00:00+00:00,23992.82,24125.29,23980.82,24082.75,6676.26164
2022-08-16 10:00:00+00:00,24083.34,24102.43,23995.0,24011.19,4883.90529
2022-08-16 11:00:00+00:00,24010.1,24150.0,23993.55,24038.03,7345.69064
2022-08-16 12:00:00+00:00,24036.86,24094.13,23892.99,23935.31,7412.8435
2022-08-16 13:00:00+00:00,23936.41,24029.14,23856.8,23896.55,9222.78512
2022-08-16 14:00:00+00:00,23896.55,23922.35,23680.0,23716.08,14540.41844
2022-08-16 15:00:00+00:00,23716.08,23929.71,23671.22,23901.27,10108.15191
2022-08-16 16:00:00+00:00,23901.0,23925.41,23691.06,23809.79,8489.938
2022-08-16 17:00:00+00:00,23809.79,23896.26,23779.71,23867.04,6839.12836
2022-08-16 18:00:00+00:00,23867.04,24058.0,23710.19,23837.59,13947.49785
2022-08-16 19:00:00+00:00,23837.59,23971.39,23800.0,23930.24,7690.73586
2022-08-16 20:00:00+00:00,23930.24,23994.0,23900.17,23979.93,5144.72501
2022-08-16 21:00:00+00:00,23978.51,23993.71,23874.23,23949.06,2979.77174
2022-08-16 22:00:00+00:00,23947.92,23949.72,23809.0,23847.95,4828.08172
2022-08-16 23:00:00+00:00,23846.51,23900.0,23818.69,23854.74,4653.44804
2022-08-17 00:00:00+00:00,23856.15,24044.0,23824.99,24009.66,9146.13892
2022-08-17 01:00:00+00:00,24009.66,24067.0,23932.61,23942.92,6693.51855
2022-08-17 02:00:00+00:00,23942.92,24058.0,23900.4,23991.72,5792.65174
2022-08-17 03:00:00+00:00,23992.62,24085.0,23988.33,24006.66,5865.13305
2022-08-17 04:00:00+00:00,24006.66,24090.0,24002.64,24068.29,4339.631
2022-08-17 05:00:00+00:00,24068.29,24171.48,24060.0,24165.26,7179.63808
2022-08-17 06:00:00+00:00,24165.26,24446.71,24158.07,24403.86,12452.88037
2022-08-17 07:00:00+00:00,24403.86,24427.03,23759.3,23786.42,18167.58788
2022-08-17 08:00:00+00:00,23788.32,23873.95,23735.0,23808.54,9600.15112
2022-08-17 09:00:00+00:00,23808.54,23924.97,23795.0,23833.71,6145.64636
2022-08-17 10:00:00+00:00,23832.9,23839.03,23698.69,23794.07,7616.0102
2022-08-17 11:00:00+00:00,23795.63,23828.63,23690.79,23746.65,6140.57448
2022-08-17 12:00:00+00:00,23746.65,23760.68,23527.22,23671.55,14548.8679
2022-08-17 13:00:00+00:00,23671.25,23683.29,23321.6,23424.41,17906.29677
2022-08-17 14:00:00+00:00,23424.41,23483.68,23322.9,23350.9,10229.04531
2022-08-17 15:00:00+00:00,23350.3,23469.04,23333.52,23391.9,7957.60443
2022-08-17 16:00:00+00:00,23391.9,23468.51,23333.0,23417.4,7795.69637
2022-08-17 17:00:00+00:00,23417.4,23484.03,23358.18,23472.13,5835.39221
2022-08-17 18:00:00+00:00,23472.13,23638.84,23357.43,23451.6,16710.71349
2022-08-17 19:00:00+00:00,23451.6,23497.24,23236.0,23275.04,9940.72559
2022-08-17 20:00:00+00:00,23276.89,23417.44,23180.4,23402.39,6950.93971
2022-08-17 21:00:00+00:00,23402.88,23407.74,23239.99,23331.93,4580.64591
2022-08-17 22:00:00+00:00,23331.73,23386.77,23253.0,23346.86,4810.47365
2022-08-17 23:00:00+00:00,23347.56,23378.49,23287.31,23342.66,4262.72457
2022-08-18 00:00:00+00:00,23342.66,23475.0,23285.23,23456.27,7551.67315
2022-08-18 01:00:00+00:00,23456.27,23499.19,23408.49,23470.73,4536.81805
2022-08-18 02:00:00+00:00,23469.4,23516.44,23415.7,23459.66,4510.33224
2022-08-18 03:00:00+00:00,23459.66,23496.0,23418.06,23433.31,3686.34171
2022-08-18 04:00:00+00:00,23434.25,23450.0,23337.38,23378.54,4281.39297
2022-08-18 05:00:00+00:00,23378.54,23466.67,23370.17,23391.82,3896.1741
2022-08-18 06:00:00+00:00,23392.72,23465.62,23345.02,23354.9,5229.45531
2022-08-18 07:00:00+00:00,23354.9,23440.19,23325.01,23414.21,5128.87206
2022-08-18 08:00:00+00:00,23414.21,23467.88,23344.2,23462.52,5620.50295
2022-08-18 09:00:00+00:00,23462.52,23544.45,23434.08,23533.67,5290.28302
2022-08-18 10:00:00+00:00,23532.46,23582.35,23460.88,23479.31,6338.45224
2022-08-18 11:00:00+00:00,23480.32,23537.04,23460.0,23534.43,4500.43982
2022-08-18 12:00:00+00:00,23534.43,23600.0,23466.54,23572.52,8612.54725
2022-08-18 13:00:00+00:00,23571.87,23574.23,23434.02,23450.25,8087.4389
2022-08-18 14:00:00+00:00,23449.46,23510.0,23355.73,23421.5,9178.0289
2022-08-18 15:00:00+00:00,23421.5,23487.3,23373.0,23452.28,7165.92697
2022-08-18 16:00:00+00:00,23451.45,23469.27,23249.66,23336.04,8533.4536
2022-08-18 17:00:00+00:00,23336.04,23421.0,23257.38,23272.8,6589.28179
2022-08-18 18:00:00+00:00,23271.57,23367.0,23235.28,23315.85,6249.83129
2022-08-18 19:00:00+00:00,23315.85,23434.41,23303.16,23344.88,6324.83066
2022-08-18 20:00:00+00:00,23344.88,23448.0,23320.0,23414.84,4374.78409
2022-08-18 21:00:00+00:00,23416.29,23427.39,23355.0,23362.78,2730.35283
2022-08-18 22:00:00+00:00,23362.78,23402.2,23320.68,23344.37,4603.70585
2022-08-18 23:00:00+00:00,23345.3,23386.86,23111.04,23191.2,11165.05036
2022-08-19 00:00:00+00:00,23191.45,23208.67,22877.0,22931.29,16488.91189
2022-08-19 01:00:00+00:00,22931.29,22964.78,22713.42,22761.81,12867.07962
2022-08-19 02:00:00+00:00,22760.42,22828.6,22711.11,22816.07,6616.36337
2022-08-19 03:00:00+00:00,22816.07,22829.61,22737.32,22769.05,5254.40942
2022-08-19 04:00:00+00:00,22768.97,22837.34,22746.52,22789.26,4646.38593
2022-08-19 05:00:00+00:00,22790.09,22834.97,22768.61,22808.73,4909.30693
2022-08-19 06:00:00+00:00,22808.73,22819.27,21447.76,21907.82,25324.71582
2022-08-19 07:00:00+00:00,21906.65,22145.99,21852.89,21905.88,17622.08849
2022-08-19 08:00:00+00:00,21907.37,21915.88,21677.77,21781.23,15568.64337
2022-08-19 09:00:00+00:00,21781.23,21828.0,21660.0,21751.97,10722.6635
2022-08-19 10:00:00+00:00,21751.95,21777.0,21571.94,21616.13,9730.91141
2022-08-19 11:00:00+00:00,21616.13,21637.76,21261.96,21467.91,19666.98117
2022-08-19 12:00:00+00:00,21467.91,21605.71,21265.77,21534.39,15615.45552
2022-08-19 13:00:00+00:00,21532.95,21568.15,21390.01,21402.27,11796.56931
2022-08-19 14:00:00+00:00,21402.27,21494.21,21322.48,21332.45,11128.64297
2022-08-19 15:00:00+00:00,21332.45,21475.32,21280.0,21443.36,9031.87539
2022-08-19 16:00:00+00:00,21443.36,21660.73,21412.93,21530.52,11581.25
2022-08-19 17:00:00+00:00,21530.52,21582.54,21401.01,21463.41,7139.51811
2022-08-19 18:00:00+00:00,21463.41,21466.1,21320.29,21373.54,8106.52378
2022-08-19 19:00:00+00:00,21373.54,21459.57,21149.95,21329.66,11884.23702
2022-08-19 20:00:00+00:00,21329.65,21382.5,21163.97,21273.76,8690.28232
2022-08-19 21:00:00+00:00,21273.76,21311.41,20910.09,21078.77,9430.56501
2022-08-19 22:00:00+00:00,21081.62,21324.4,20915.89,20975.14,16011.73036
2022-08-19 23:00:00+00:00,20975.14,21049.99,20783.57,20834.39,14160.76676
2022-08-20 00:00:00+00:00,20834.39,21212.67,20792.92,20991.67,13247.29792
2022-08-20 01:00:00+00:00,20991.67,21103.67,20981.22,20996.12,6650.30542
2022-08-20 02:00:00+00:00,20995.02,21177.83,20990.01,21131.61,6903.15876
2022-08-20 03:00:00+00:00,21130.97,21177.67,21091.51,21140.34,6479.80268
2022-08-20 04:00:00+00:00,21139.97,21284.71,21077.56,21239.61,7333.24862
2022-08-20 05:00:00+00:00,21237.85,21252.82,21082.19,21128.68,8551.41616
2022-08-20 06:00:00+00:00,21127.77,21329.69,21122.01,21315.38,6721.61958
2022-08-20 07:00:00+00:00,21315.38,21370.0,21264.33,21307.25,7703.52055
2022-08-20 08:00:00+00:00,21307.99,21315.0,21175.43,21197.58,6638.71603
2022-08-20 09:00:00+00:00,21198.78,21232.19,21134.42,21208.8,6031.99168
2022-08-20 10:00:00+00:00,21210.02,21258.61,21118.5,21229.98,6443.51989
2022-08-20 11:00:00+00:00,21229.23,21281.22,21188.0,21233.66,5708.31453
2022-08-20 12:00:00+00:00,21233.66,21382.85,21200.0,21241.23,7930.13162
2022-08-20 13:00:00+00:00,21241.23,21343.21,21232.3,21321.53,5515.60442
2022-08-20 14:00:00+00:00,21321.53,21347.22,21224.23,21254.9,5308.70037
2022-08-20 15:00:00+00:00,21254.9,21317.74,21202.74,21299.44,5025.33069
2022-08-20 16:00:00+00:00,21300.5,21360.0,21229.43,21237.66,6342.61465
2022-08-20 17:00:00+00:00,21237.66,21320.0,21164.18,21257.33,7659.29759
2022-08-20 18:00:00+00:00,21255.86,21325.0,21082.5,21106.85,9232.6536
2022-08-20 19:00:00+00:00,21106.82,21149.0,20941.63,20988.36,12053.38969
2022-08-20 20:00:00+00:00,20988.52,21153.99,20797.3,20819.72,11572.43424
2022-08-20 21:00:00+00:00,20819.72,21140.0,20761.9,21120.19,9844.15423
2022-08-20 22:00:00+00:00,21121.7,21250.51,21054.72,21136.36,8348.98211
2022-08-20 23:00:00+00:00,21137.43,21224.99,21078.91,21140.07,5795.4786
2022-08-21 00:00:00+00:00,21140.07,21290.0,21118.71,21168.26,7041.4919
2022-08-21 01:00:00+00:00,21167.35,21279.72,21161.14,21259.1,4826.73018
2022-08-21 02:00:00+00:00,21259.96,21330.55,21217.36,21262.28,5177.58789
2022-08-21 03:00:00+00:00,21263.65,21270.43,21161.62,21208.72,4849.48551
2022-08-21 04:00:00+00:00,21210.06,21285.08,21180.33,21201.5,4634.13879
2022-08-21 05:00:00+00:00,21201.5,21244.57,21165.21,21229.52,4273.13188
2022-08-21 06:00:00+00:00,21229.52,21243.85,21071.0,21117.6,6586.39646
2022-08-21 07:00:00+00:00,21117.6,21254.19,21069.11,21251.38,6236.63069
2022-08-21 08:00:00+00:00,21250.21,21497.76,21224.48,21359.82,12648.45332
2022-08-21 09:00:00+00:00,21359.21,21500.0,21326.88,21433.44,8073.84022
2022-08-21 10:00:00+00:00,21433.44,21470.0,21366.69,21379.57,6524.90713
2022-08-21 11:00:00+00:00,21378.43,21570.0,21366.18,21524.39,7443.4016
2022-08-21 12:00:00+00:00,21525.57,21587.74,21470.0,21472.11,6998.85964
2022-08-21 13:00:00+00:00,21471.91,21501.7,21383.51,21397.04,6499.47594
2022-08-21 14:00:00+00:00,21397.04,21428.0,21314.88,21410.55,7238.93226
2022-08-21 15:00:00+00:00,21410.54,21441.83,21362.78,21420.2,4106.43163
2022-08-21 16:00:00+00:00,21419.0,21502.0,21330.75,21406.81,6605.62609
2022-08-21 17:00:00+00:00,21407.92,21488.87,21404.78,21459.14,4694.67947
2022-08-21 18:00:00+00:00,21460.34,21504.08,21381.34,21480.14,5050.20854
2022-08-21 19:00:00+00:00,21481.03,21557.26,21448.48,21512.01,4683.52391
2022-08-21 20:00:00+00:00,21512.01,21800.0,21462.89,21468.43,8239.7705
2022-08-21 21:00:00+00:00,21468.43,21700.0,21468.07,21533.83,7715.7413
2022-08-21 22:00:00+00:00,21535.4,21671.84,21277.73,21565.96,12746.49521
2022-08-21 23:00:00+00:00,21567.23,21645.8,21508.41,21515.61,6304.74404
2022-08-22 00:00:00+00:00,21516.7,21530.03,21388.99,21454.26,8406.68117
2022-08-22 01:00:00+00:00,21452.83,21482.68,21360.41,21443.79,6458.52121
2022-08-22 02:00:00+00:00,21443.79,21488.81,21375.01,21471.59,5361.91254
2022-08-22 03:00:00+00:00,21471.59,21510.8,21407.25,21414.86,4947.71547
2022-08-22 04:00:00+00:00,21413.67,21488.0,21341.91,21466.72,6675.71085
2022-08-22 05:00:00+00:00,21468.09,21494.44,21403.76,21428.66,5656.76496
2022-08-22 06:00:00+00:00,21428.66,21445.98,21287.79,21350.67,9081.87466
2022-08-22 07:00:00+00:00,21350.67,21378.32,21058.62,21097.72,12701.46225
2022-08-22 08:00:00+00:00,21098.01,21196.28,20890.18,21189.55,19759.09269
2022-08-22 09:00:00+00:00,21191.33,21259.64,21091.22,21175.06,10298.07677
2022-08-22 10:00:00+00:00,21174.09,21338.75,21107.14,21280.01,11355.08195
2022-08-22 11:00:00+00:00,21281.59,21329.48,21190.0,21248.71,8078.55799
2022-08-22 12:00:00+00:00,21249.78,21340.0,21150.25,21208.93,10810.25753
2022-08-22 13:00:00+00:00,21209.93,21380.36,21086.54,21304.14,16007.43964
2022-08-22 14:00:00+00:00,21304.14,21385.04,21180.0,21201.08,13694.9903
2022-08-22 15:00:00+00:00,21201.08,21444.72,21193.12,21400.47,11284.38946
2022-08-22 16:00:00+00:00,21400.47,21548.71,21315.12,21331.57,9544.63929
2022-08-22 17:00:00+00:00,21332.91,21344.91,21196.77,21233.01,7571.41979
2022-08-22 18:00:00+00:00,21233.01,21241.47,20963.0,21023.94,10303.48269
2022-08-22 19:00:00+00:00,21023.94,21123.17,20991.44,21057.25,8260.13289
2022-08-22 20:00:00+00:00,21055.48,21192.7,21046.87,21130.11,8239.85465
2022-08-22 21:00:00+00:00,21131.22,21142.0,21045.0,21101.67,3843.97045
2022-08-22 22:00:00+00:00,21101.67,21243.24,21085.99,21175.93,5725.91021
2022-08-22 23:00:00+00:00,21174.8,21423.74,21153.7,21399.83,8154.10585
2022-08-23 00:00:00+00:00,21400.75,21468.51,21285.02,21303.25,9264.9316
2022-08-23 01:00:00+00:00,21303.25,21407.59,21290.39,21306.86,5897.83057
2022-08-23 02:00:00+00:00,21306.86,21360.0,21260.05,21347.38,5115.81528
2022-08-23 03:00:00+00:00,21347.38,21376.99,21218.28,21239.18,5281.51877
2022-08-23 04:00:00+00:00,21239.18,21318.84,21224.85,21265.6,4982.14947
2022-08-23 05:00:00+00:00,21265.6,21289.13,20932.37,20965.89,10353.28286
2022-08-23 06:00:00+00:00,20964.1,21091.37,20890.14,21083.26,8972.01842
2022-08-23 07:00:00+00:00,21081.57,21309.98,21067.7,21305.34,10108.60965
2022-08-23 08:00:00+00:00,21305.34,21519.01,21301.61,21450.0,13184.72367
2022-08-23 09:00:00+00:00,21450.86,21550.0,21286.0,21442.58,11705.57539
2022-08-23 10:00:00+00:00,21442.58,21460.57,21314.49,21416.39,8741.20005
2022-08-23 11:00:00+00:00,21417.46,21495.0,21348.19,21456.34,7286.42398
2022-08-23 12:00:00+00:00,21455.97,21518.34,21334.28,21350.98,7934.20437
2022-08-23 13:00:00+00:00,21350.98,21598.0,21327.95,21520.58,13989.26256
2022-08-23 14:00:00+00:00,21518.52,21684.87,21441.55,21468.15,16046.27479
2022-08-23 15:00:00+00:00,21469.37,21582.16,21383.55,21474.67,10905.26018
2022-08-23 16:00:00+00:00,21473.01,21483.71,21358.38,21462.75,8719.37221
2022-08-23 17:00:00+00:00,21462.75,21519.9,21392.84,21414.72,6651.78986
2022-08-23 18:00:00+00:00,21414.72,21602.49,21394.19,21543.77,8645.811
2022-08-23 19:00:00+00:00,21543.77,21578.0,21486.75,21522.01,5849.95942
2022-08-23 20:00:00+00:00,21522.01,21654.91,21454.86,21478.35,6451.33095
2022-08-23 21:00:00+00:00,21479.51,21510.0,21428.0,21489.36,2957.9107
2022-08-23 22:00:00+00:00,21489.36,21588.97,21471.25,21475.5,6154.97813
2022-08-23 23:00:00+00:00,21475.71,21605.44,21455.11,21529.12,5767.53776
2022-08-24 00:00:00+00:00,21529.11,21555.84,21332.8,21385.79,8032.00919
2022-08-24 01:00:00+00:00,21385.79,21431.22,21172.48,21264.71,8089.4515
2022-08-24 02:00:00+00:00,21264.71,21368.08,21145.0,21200.06,7771.60019
2022-08-24 03:00:00+00:00,21200.06,21291.19,21167.58,21264.01,5892.87163
2022-08-24 04:00:00+00:00,21264.01,21362.77,21237.57,21328.56,4919.42586
2022-08-24 05:00:00+00:00,21329.47,21504.97,21311.49,21421.18,8434.11364
2022-08-24 06:00:00+00:00,21421.18,21469.86,21318.09,21404.55,6746.25286
2022-08-24 07:00:00+00:00,21404.55,21452.0,21243.29,21317.85,9573.76912
2022-08-24 08:00:00+00:00,21319.27,21440.07,21300.0,21341.4,7185.92744
2022-08-24 09:00:00+00:00,21341.4,21397.2,21293.39,21314.67,5646.55573
2022-08-24 10:00:00+00:00,21314.67,21385.01,21261.0,21282.16,5679.76892
2022-08-24 11:00:00+00:00,21282.16,21476.23,21271.64,21438.92,7089.8078
2022-08-24 12:00:00+00:00,21439.84,21512.0,21421.22,21486.75,8392.54188
2022-08-24 13:00:00+00:00,21485.6,21508.53,21373.43,21439.86,9335.99877
2022-08-24 14:00:00+00:00,21438.62,21558.0,21400.01,21467.61,9331.6361
2022-08-24 15:00:00+00:00,21467.61,21645.65,21452.82,21618.45,9474.22124
2022-08-24 16:00:00+00:00,21618.46,21900.0,21609.09,21717.89,13574.70464
2022-08-24 17:00:00+00:00,21719.06,21781.89,21605.0,21633.24,7172.13213
2022-08-24 18:00:00+00:00,21633.24,21731.22,21624.02,21674.91,5183.34812
2022-08-24 19:00:00+00:00,21674.91,21809.0,21672.0,21707.58,6177.85231
2022-08-24 20:00:00+00:00,21709.32,21761.92,21677.31,21691.93,4379.2123
2022-08-24 21:00:00+00:00,21691.93,21720.0,21554.0,21592.07,3270.55376
2022-08-24 22:00:00+00:00,21590.77,21655.5,21450.0,21493.73,7954.92987
2022-08-24 23:00:00+00:00,21492.91,21532.99,21361.6,21368.08,5074.53546
2022-08-25 00:00:00+00:00,21368.05,21488.68,21310.15,21481.32,7688.96129
2022-08-25 01:00:00+00:00,21481.21,21637.89,21462.31,21553.87,7150.49502
2022-08-25 02:00:00+00:00,21552.83,21581.22,21511.99,21526.96,5132.68023
2022-08-25 03:00:00+00:00,21527.96,21600.03,21427.0,21468.93,5689.11809
2022-08-25 04:00:00+00:00,21468.12,21563.8,21461.53,21540.79,3910.12207
2022-08-25 05:00:00+00:00,21540.08,21591.6,21492.13,21559.17,4180.18824
2022-08-25 06:00:00+00:00,21559.17,21748.69,21550.0,21692.19,11406.57195
2022-08-25 07:00:00+00:00,21692.19,21762.0,21672.19,21743.29,8224.02878
2022-08-25 08:00:00+00:00,21744.22,21819.88,21678.0,21686.64,9802.83275
2022-08-25 09:00:00+00:00,21687.35,21723.7,21632.71,21705.62,7567.6824
2022-08-25 10:00:00+00:00,21706.99,21721.38,21611.22,21620.02,6358.99589
2022-08-25 11:00:00+00:00,21621.07,21740.47,21612.82,21720.31,7384.64938
2022-08-25 12:00:00+00:00,21720.31,21779.0,21625.53,21675.19,10288.00695
2022-08-25 13:00:00+00:00,21675.19,21741.22,21571.55,21706.7,10894.39583
2022-08-25 14:00:00+00:00,21706.7,21762.2,21645.01,21657.95,9147.64821
2022-08-25 15:00:00+00:00,21657.95,21670.11,21483.38,21565.12,10308.21756
2022-08-25 16:00:00+00:00,21563.92,21588.31,21422.43,21445.0,9049.50527
2022-08-25 17:00:00+00:00,21445.0,21599.9,21430.0,21571.16,7873.14944
2022-08-25 18:00:00+00:00,21572.44,21589.91,21496.67,21539.7,5394.00033
2022-08-25 19:00:00+00:00,21540.54,21646.27,21510.36,21605.2,5477.16447
2022-08-25 20:00:00+00:00,21607.25,21672.0,21551.72,21646.11,5392.026
2022-08-25 21:00:00+00:00,21646.11,21685.0,21561.48,21583.0,2864.81294
2022-08-25 22:00:00+00:00,21583.01,21626.19,21540.24,21576.26,4034.89923
2022-08-25 23:00:00+00:00,21575.17,21622.61,21514.89,21559.04,4695.63069
2022-08-26 00:00:00+00:00,21559.04,21569.0,21431.22,21477.12,8728.33324
2022-08-26 01:00:00+00:00,21478.37,21564.7,21465.35,21558.13,4666.13723
2022-08-26 02:00:00+00:00,21558.7,21614.89,21543.35,21599.1,4417.56421
2022-08-26 03:00:00+00:00,21599.1,21608.23,21548.35,21552.17,3998.50136
2022-08-26 04:00:00+00:00,21552.17,21564.82,21510.48,21530.53,4111.46648
2022-08-26 05:00:00+00:00,21529.69,21534.12,21343.01,21404.25,9625.14722
2022-08-26 06:00:00+00:00,21403.11,21464.56,21369.34,21425.0,5424.3016
2022-08-26 07:00:00+00:00,21425.0,21457.3,21326.66,21452.9,7715.87317
2022-08-26 08:00:00+00:00,21452.9,21468.76,21392.0,21415.12,5412.5476
2022-08-26 09:00:00+00:00,21415.69,21456.79,21405.0,21438.22,4995.20956
2022-08-26 10:00:00+00:00,21436.69,21447.28,21346.99,21395.01,6209.52127
2022-08-26 11:00:00+00:00,21395.01,21417.22,21106.31,21189.77,13327.23939
2022-08-26 12:00:00+00:00,21191.27,21692.09,21156.58,21639.79,18776.11569
2022-08-26 13:00:00+00:00,21638.88,21886.77,21614.96,21753.46,22111.56876
2022-08-26 14:00:00+00:00,21754.84,21809.64,21136.98,21159.93,39005.29487
2022-08-26 15:00:00+00:00,21159.93,21166.45,20635.12,20781.08,33890.47093
2022-08-26 16:00:00+00:00,20780.86,20832.23,20529.74,20722.76,17175.01523
2022-08-26 17:00:00+00:00,20722.72,20777.77,20632.18,20651.75,9377.23011
2022-08-26 18:00:00+00:00,20651.75,20738.86,20534.25,20692.17,11159.10832
2022-08-26 19:00:00+00:00,20692.17,20733.37,20616.05,20644.47,6985.64475
2022-08-26 20:00:00+00:00,20643.01,20749.98,20638.57,20647.78,6711.13925
2022-08-26 21:00:00+00:00,20647.77,20683.76,20568.38,20639.32,3890.48105
2022-08-26 22:00:00+00:00,20639.32,20690.0,20580.08,20612.54,5429.12627
2022-08-26 23:00:00+00:00,20612.54,20630.72,20107.9,20241.05,20668.58199
2022-08-27 00:00:00+00:00,20239.14,20402.93,20141.32,20306.71,11216.14388
2022-08-27 01:00:00+00:00,20307.87,20334.24,20244.32,20276.58,5631.21721
2022-08-27 02:00:00+00:00,20277.99,20295.07,20135.04,20204.77,7298.07599
2022-08-27 03:00:00+00:00,20204.25,20249.65,20188.22,20203.18,5172.98352
2022-08-27 04:00:00+00:00,20204.23,20231.18,20120.1,20145.54,5543.59044
2022-08-27 05:00:00+00:00,20146.82,20166.09,19920.0,20128.38,11260.12967
2022-08-27 06:00:00+00:00,20128.38,20265.95,20092.22,20161.36,7164.45946
2022-08-27 07:00:00+00:00,20161.36,20277.38,20132.0,20272.25,7442.32398
2022-08-27 08:00:00+00:00,20269.9,20279.61,20186.41,20201.02,5393.30285
2022-08-27 09:00:00+00:00,20202.23,20212.42,20135.89,20148.25,5101.20436
2022-08-27 10:00:00+00:00,20149.91,20246.41,20145.0,20180.8,5819.41059
2022-08-27 11:00:00+00:00,20181.92,20255.46,20166.72,20211.21,5385.30935
2022-08-27 12:00:00+00:00,20211.21,20242.02,20178.82,20191.25,4690.83601
2022-08-27 13:00:00+00:00,20189.66,20237.7,20097.22,20171.93,7741.52035
2022-08-27 14:00:00+00:00,20173.16,20213.88,20030.93,20060.82,6461.39031
2022-08-27 15:00:00+00:00,20061.17,20098.3,19800.0,19977.36,14027.97755
2022-08-27 16:00:00+00:00,19976.08,20029.0,19838.8,20002.67,10408.29498
2022-08-27 17:00:00+00:00,20002.67,20100.0,19971.22,19985.67,6822.97998
2022-08-27 18:00:00+00:00,19985.67,20033.92,19945.16,19958.41,4434.89305
2022-08-27 19:00:00+00:00,19959.2,20048.0,19931.36,20018.0,4885.56915
2022-08-27 20:00:00+00:00,20018.0,20040.4,19941.83,20007.99,4374.04918
2022-08-27 21:00:00+00:00,20007.99,20029.84,19870.01,19873.06,2779.32428
2022-08-27 22:00:00+00:00,19874.25,20103.57,19858.43,20020.08,8501.92653
2022-08-27 23:00:00+00:00,20021.35,20087.65,19992.55,20037.6,5025.54765
2022-08-28 00:00:00+00:00,20037.6,20051.22,19926.78,19992.16,5346.54381
2022-08-28 01:00:00+00:00,19991.62,20083.07,19970.23,20019.75,4552.38544
2022-08-28 02:00:00+00:00,20019.39,20171.18,19990.0,20004.47,5491.79511
2022-08-28 03:00:00+00:00,20004.47,20059.14,19970.59,19990.58,3671.52904
2022-08-28 04:00:00+00:00,19991.39,20011.93,19955.79,19995.62,3648.28248
2022-08-28 05:00:00+00:00,19995.62,20055.0,19937.9,20054.75,4026.5527
2022-08-28 06:00:00+00:00,20054.75,20074.43,20020.8,20033.94,4063.24662
2022-08-28 07:00:00+00:00,20034.25,20085.0,20005.29,20056.62,4167.91503
2022-08-28 08:00:00+00:00,20055.85,20107.52,19997.76,20036.69,4978.61704
2022-08-28 09:00:00+00:00,20035.59,20048.07,19995.57,20020.0,3696.71886
2022-08-28 10:00:00+00:00,20019.14,20033.85,19961.52,19995.45,4581.08318
2022-08-28 11:00:00+00:00,19996.27,20041.22,19943.0,20034.97,5489.39812
2022-08-28 12:00:00+00:00,20033.87,20059.99,19890.0,19924.17,6431.28369
2022-08-28 13:00:00+00:00,19924.17,19982.8,19910.1,19938.04,5318.01004
2022-08-28 14:00:00+00:00,19939.67,20006.24,19811.0,19920.01,10417.69243
2022-08-28 15:00:00+00:00,19920.01,20050.03,19903.79,20022.03,6204.47109
2022-08-28 16:00:00+00:00,20022.03,20155.62,19979.29,19991.34,10379.62193
2022-08-28 17:00:00+00:00,19992.6,20061.22,19960.0,19982.09,5313.74576
2022-08-28 18:00:00+00:00,19983.19,20042.79,19974.48,20011.21,3591.71689
2022-08-28 19:00:00+00:00,20012.22,20065.99,19955.1,19973.76,4315.1193
2022-08-28 20:00:00+00:00,19972.31,20046.32,19963.24,19988.03,3914.65619
2022-08-28 21:00:00+00:00,19987.62,20049.96,19940.32,19964.01,2878.33133
2022-08-28 22:00:00+00:00,19964.82,20032.15,19873.99,19903.85,10255.69432
2022-08-28 23:00:00+00:00,19903.85,19920.6,19520.0,19555.61,16573.54936
2022-08-29 00:00:00+00:00,19555.61,19757.67,19550.79,19641.03,12167.09147
2022-08-29 01:00:00+00:00,19641.03,19684.96,19584.37,19660.75,7185.30886
2022-08-29 02:00:00+00:00,19662.02,19793.74,19645.05,19764.25,6847.91963
2022-08-29 03:00:00+00:00,19764.25,19966.56,19732.44,19868.14,9546.72127
2022-08-29 04:00:00+00:00,19866.29,19941.22,19782.29,19804.93,6752.0108
2022-08-29 05:00:00+00:00,19806.17,19837.12,19739.74,19753.84,6107.70301
2022-08-29 06:00:00+00:00,19753.84,19894.92,19752.66,19851.86,6210.90586
2022-08-29 07:00:00+00:00,19850.9,19911.03,19789.85,19897.01,7823.10425
2022-08-29 08:00:00+00:00,19897.01,19923.63,19792.78,19793.72,6757.84896
2022-08-29 09:00:00+00:00,19794.94,19860.72,19788.04,19842.9,6625.65769
2022-08-29 10:00:00+00:00,19842.9,19865.0,19803.09,19827.53,5749.85314
2022-08-29 11:00:00+00:00,19827.53,19842.11,19762.3,19825.09,6505.76097
2022-08-29 12:00:00+00:00,19824.2,20049.35,19805.0,19895.12,13044.25381
2022-08-29 13:00:00+00:00,19895.66,20148.99,19894.65,20081.61,17281.25928
2022-08-29 14:00:00+00:00,20080.43,20384.25,20073.28,20166.54,19636.21147
2022-08-29 15:00:00+00:00,20166.19,20285.97,20152.94,20262.28,10768.71324
2022-08-29 16:00:00+00:00,20263.62,20433.62,20243.0,20315.96,12396.44285
2022-08-29 17:00:00+00:00,20315.96,20332.94,20190.99,20276.3,8654.47628
2022-08-29 18:00:00+00:00,20276.3,20290.0,20116.62,20174.71,7905.21316
2022-08-29 19:00:00+00:00,20176.23,20201.23,20078.92,20098.65,6977.72869
2022-08-29 20:00:00+00:00,20098.65,20199.99,20075.0,20175.81,6124.92548
2022-08-29 21:00:00+00:00,20176.34,20227.59,20127.75,20203.57,3370.91546
2022-08-29 22:00:00+00:00,20203.57,20245.0,20155.98,20203.87,6197.01957
2022-08-29 23:00:00+00:00,20205.1,20351.53,20122.43,20285.73,9872.45025
2022-08-30 00:00:00+00:00,20287.2,20298.75,20185.55,20256.25,8894.4836
2022-08-30 01:00:00+00:00,20254.91,20284.41,20110.0,20163.16,8584.38207
2022-08-30 02:00:00+00:00,20163.16,20205.31,20125.67,20197.26,5313.13235
2022-08-30 03:00:00+00:00,20197.26,20280.81,20159.94,20273.36,5965.17089
2022-08-30 04:00:00+00:00,20273.36,20548.0,20257.32,20466.23,13216.7691
2022-08-30 05:00:00+00:00,20466.23,20470.72,20364.8,20417.59,7568.36682
2022-08-30 06:00:00+00:00,20416.36,20442.52,20374.31,20396.22,7096.40085
2022-08-30 07:00:00+00:00,20396.01,20576.25,20381.22,20434.16,11983.04414
2022-08-30 08:00:00+00:00,20433.65,20503.82,20381.3,20402.68,8010.6105
2022-08-30 09:00:00+00:00,20401.7,20448.73,20384.0,20423.09,6728.7951
2022-08-30 10:00:00+00:00,20423.09,20511.3,20331.99,20394.09,10557.44513
2022-08-30 11:00:00+00:00,20395.22,20419.97,20360.0,20403.8,6598.7235
2022-08-30 12:00:00+00:00,20403.8,20446.64,20285.0,20334.61,10585.12433
2022-08-30 13:00:00+00:00,20335.4,20450.0,20249.12,20271.25,13919.62416
2022-08-30 14:00:00+00:00,20271.42,20303.02,19715.95,19832.03,21483.54446
2022-08-30 15:00:00+00:00,19832.33,19840.84,19650.0,19756.24,17059.52099
2022-08-30 16:00:00+00:00,19756.24,19942.27,19540.0,19616.65,17249.80074
2022-08-30 17:00:00+00:00,19615.37,19699.29,19571.22,19685.99,11801.06316
2022-08-30 18:00:00+00:00,19684.69,19811.22,19673.41,19776.43,10086.79821
2022-08-30 19:00:00+00:00,19776.7,20099.81,19755.45,19947.2,20100.52067
2022-08-30 20:00:00+00:00,19947.2,20059.66,19843.35,19975.32,10540.83784
2022-08-30 21:00:00+00:00,19975.32,20009.99,19815.0,19884.3,5610.80217
2022-08-30 22:00:00+00:00,19882.89,19912.58,19773.0,19907.04,9741.69603
2022-08-30 23:00:00+00:00,19907.04,19928.46,19745.43,19811.66,7937.69848
2022-08-31 00:00:00+00:00,19813.03,19989.9,19797.94,19960.23,8822.52662
2022-08-31 01:00:00+00:00,19961.01,20256.45,19937.41,20236.27,12279.59803
2022-08-31 02:00:00+00:00,20236.27,20417.51,20233.98,20335.19,12242.15628
2022-08-31 03:00:00+00:00,20335.19,20459.32,20295.0,20402.87,10090.71304
2022-08-31 04:00:00+00:00,20401.46,20446.37,20333.47,20343.02,8326.66053
2022-08-31 05:00:00+00:00,20343.55,20386.79,20308.77,20353.21,7775.86099
2022-08-31 06:00:00+00:00,20353.66,20490.0,20205.97,20249.84,13871.23197
2022-08-31 07:00:00+00:00,20249.84,20309.61,20188.0,20258.09,10585.02311
2022-08-31 08:00:00+00:00,20258.09,20331.8,20123.09,20235.81,13891.05159
2022-08-31 09:00:00+00:00,20235.81,20240.6,20161.48,20178.14,10389.60875
2022-08-31 10:00:00+00:00,20178.14,20410.21,20155.23,20334.05,11988.61238
2022-08-31 11:00:00+00:00,20335.45,20390.65,20262.55,20314.78,10003.75231
2022-08-31 12:00:00+00:00,20314.78,20422.0,20185.12,20308.88,15949.67604
2022-08-31 13:00:00+00:00,20307.04,20423.38,20219.93,20306.55,16685.9952
2022-08-31 14:00:00+00:00,20306.55,20347.64,20094.43,20108.27,17994.93575
2022-08-31 15:00:00+00:00,20106.97,20166.05,19870.0,20140.63,18757.08852
2022-08-31 16:00:00+00:00,20142.26,20218.98,20016.06,20040.39,11545.27133
2022-08-31 17:00:00+00:00,20040.39,20144.79,19881.22,19982.31,12893.10145
2022-08-31 18:00:00+00:00,19982.31,20047.58,19939.53,20002.41,9888.39583
2022-08-31 19:00:00+00:00,20001.18,20328.46,19987.72,20228.57,14801.57029
2022-08-31 20:00:00+00:00,20228.57,20243.97,20161.47,20195.1,6181.43435
2022-08-31 21:00:00+00:00,20193.43,20299.97,20160.0,20280.54,3515.16259
2022-08-31 22:00:00+00:00,20280.54,20292.75,20085.7,20155.0,9926.63922
2022-08-31 23:00:00+00:00,20155.0,20157.53,19966.0,20050.02,8540.54148
2022-09-01 00:00:00+00:00,20048.44,20138.15,19917.01,20064.43,11108.70225
2022-09-01 01:00:00+00:00,20064.43,20185.09,20051.22,20127.45,7942.6587
2022-09-01 02:00:00+00:00,20127.45,20208.37,20069.35,20118.09,7256.77429
2022-09-01 03:00:00+00:00,20119.43,20181.22,19931.0,20022.97,9197.00362
2022-09-01 04:00:00+00:00,20023.82,20095.0,19991.45,20055.59,6641.98427
2022-09-01 05:00:00+00:00,20055.59,20139.0,20032.63,20038.97,7495.19589
2022-09-01 06:00:00+00:00,20038.97,20057.09,19948.58,19982.5,9008.24886
2022-09-01 07:00:00+00:00,19981.6,19983.26,19801.38,19895.66,12827.94942
2022-09-01 08:00:00+00:00,19894.97,19939.97,19820.6,19928.09,9010.22704
2022-09-01 09:00:00+00:00,19928.09,19984.12,19822.0,19934.57,10439.44941
2022-09-01 10:00:00+00:00,19934.57,20029.99,19914.63,20020.45,9376.70444
2022-09-01 11:00:00+00:00,20020.46,20126.23,19975.17,20074.01,12156.43583
2022-09-01 12:00:00+00:00,20074.91,20096.39,19887.48,19995.74,13505.55025
2022-09-01 13:00:00+00:00,19996.71,20045.0,19906.0,19972.45,14112.71809
2022-09-01 14:00:00+00:00,19972.45,19990.82,19660.37,19693.1,18683.58731
2022-09-01 15:00:00+00:00,19693.1,19843.82,19652.79,19782.59,11870.66903
2022-09-01 16:00:00+00:00,19783.03,19822.37,19565.66,19659.51,12056.22719
2022-09-01 17:00:00+00:00,19659.51,19938.0,19634.07,19724.43,12408.52352
2022-09-01 18:00:00+00:00,19724.43,19936.0,19703.7,19812.93,11145.37267
2022-09-01 19:00:00+00:00,19812.93,19907.0,19780.11,19871.68,8463.44571
2022-09-01 20:00:00+00:00,19871.68,20099.83,19841.45,20068.72,10970.63433
2022-09-01 21:00:00+00:00,20070.25,20169.41,20039.91,20084.23,5616.73402
2022-09-01 22:00:00+00:00,20085.27,20180.0,20066.45,20078.34,7763.50721
2022-09-01 23:00:00+00:00,20079.03,20150.52,20053.81,20131.46,6231.66928
2022-09-02 00:00:00+00:00,20132.64,20137.13,20047.61,20072.73,6596.35671
2022-09-02 01:00:00+00:00,20072.73,20097.33,20008.65,20050.84,6023.42328
2022-09-02 02:00:00+00:00,20049.83,20082.08,19957.78,20033.01,6853.62093
2022-09-02 03:00:00+00:00,20033.01,20245.89,20029.83,20157.01,10870.15267
2022-09-02 04:00:00+00:00,20157.01,20298.0,20140.37,20161.07,7988.89076
2022-09-02 05:00:00+00:00,20160.1,20174.46,20080.4,20125.29,7623.12675
2022-09-02 06:00:00+00:00,20125.29,20134.95,20058.74,20106.9,7011.77294
2022-09-02 07:00:00+00:00,20106.68,20123.22,20037.14,20111.24,7006.03992
2022-09-02 08:00:00+00:00,20111.24,20143.87,20066.42,20092.62,6526.18812
2022-09-02 09:00:00+00:00,20092.62,20167.46,20072.75,20134.05,7028.17228
2022-09-02 10:00:00+00:00,20134.05,20179.19,20041.34,20067.33,8552.52535
2022-09-02 11:00:00+00:00,20067.33,20100.19,19991.0,20090.81,7312.0119
2022-09-02 12:00:00+00:00,20090.81,20355.0,20020.06,20282.82,23070.24502
2022-09-02 13:00:00+00:00,20282.82,20402.24,20245.27,20266.12,20871.05981
2022-09-02 14:00:00+00:00,20266.11,20441.26,20200.0,20362.19,14830.28127
2022-09-02 15:00:00+00:00,20363.48,20401.22,20283.38,20355.85,10189.34357
2022-09-02 16:00:00+00:00,20355.85,20387.3,20091.69,20129.78,14637.47585
2022-09-02 17:00:00+00:00,20128.56,20129.88,19761.03,19802.27,19158.12364
2022-09-02 18:00:00+00:00,19802.19,20078.9,19755.29,19934.51,17713.34618
2022-09-02 19:00:00+00:00,19935.87,19989.53,19781.26,19910.43,12847.61745
2022-09-02 20:00:00+00:00,19909.23,19981.79,19858.4,19964.68,6240.94706
2022-09-02 21:00:00+00:00,19964.68,20026.66,19924.33,19977.31,3796.92617
2022-09-02 22:00:00+00:00,19976.09,20019.93,19876.87,19989.49,7726.53765
2022-09-02 23:00:00+00:00,19989.49,20002.33,19922.15,19951.86,5512.41802
2022-09-03 00:00:00+00:00,19950.98,20055.93,19917.0,20001.34,7300.74401
2022-09-03 01:00:00+00:00,20001.34,20008.99,19928.0,19954.41,5966.60503
2022-09-03 02:00:00+00:00,19953.95,19966.87,19888.91,19939.0,6068.01863
2022-09-03 03:00:00+00:00,19939.0,19940.49,19866.77,19899.69,6652.53228
2022-09-03 04:00:00+00:00,19899.69,19937.09,19884.37,19923.46,4987.75595
2022-09-03 05:00:00+00:00,19923.46,19968.11,19923.46,19944.32,4875.3057
2022-09-03 06:00:00+00:00,19943.93,19949.99,19823.38,19883.08,6112.50384
2022-09-03 07:00:00+00:00,19884.32,19912.0,19754.77,19815.63,7426.14133
2022-09-03 08:00:00+00:00,19815.63,19854.12,19765.0,19785.31,7788.89006
2022-09-03 09:00:00+00:00,19785.31,19822.16,19726.1,19796.83,7405.14222
2022-09-03 10:00:00+00:00,19795.94,19868.86,19793.04,19849.13,5939.02176
2022-09-03 11:00:00+00:00,19849.13,19857.55,19768.23,19798.76,6035.82096
2022-09-03 12:00:00+00:00,19798.73,19860.0,19787.56,19850.72,6066.57225
2022-09-03 13:00:00+00:00,19850.72,19904.68,19819.09,19863.84,5769.29878
2022-09-03 14:00:00+00:00,19863.16,19867.13,19774.95,19816.75,5963.70412
2022-09-03 15:00:00+00:00,19816.75,19832.67,19748.88,19772.95,6793.42534
2022-09-03 16:00:00+00:00,19772.95,19835.0,19771.46,19787.81,5827.52194
2022-09-03 17:00:00+00:00,19787.81,19828.83,19753.24,19816.0,6213.18541
2022-09-03 18:00:00+00:00,19816.0,19829.95,19736.2,19753.26,5001.86934
2022-09-03 19:00:00+00:00,19753.26,19818.45,19652.72,19710.0,10396.48408
2022-09-03 20:00:00+00:00,19710.0,19749.91,19677.29,19742.68,6391.3057
2022-09-03 21:00:00+00:00,19743.82,19777.0,19728.35,19750.76,2519.19954
2022-09-03 22:00:00+00:00,19750.06,19824.0,19749.79,19793.7,4792.23998
2022-09-03 23:00:00+00:00,19794.83,19850.0,19762.07,19831.9,4345.74379
2022-09-04 00:00:00+00:00,19832.45,19861.94,19799.69,19807.29,4959.52168
2022-09-04 01:00:00+00:00,19807.29,19836.05,19773.16,19778.92,3671.41229
2022-09-04 02:00:00+00:00,19779.74,19813.58,19771.23,19792.33,3552.18529
2022-09-04 03:00:00+00:00,19792.33,19814.62,19740.07,19772.79,4122.66878
2022-09-04 04:00:00+00:00,19772.81,19812.19,19755.0,19801.74,3497.59498
2022-09-04 05:00:00+00:00,19801.74,19807.13,19761.43,19768.97,3618.90522
2022-09-04 06:00:00+00:00,19768.94,19787.25,19679.01,19700.96,6128.14239
2022-09-04 07:00:00+00:00,19700.96,19733.81,19615.0,19632.4,6206.63254
2022-09-04 08:00:00+00:00,19630.95,19759.83,19583.1,19736.2,9372.81815
2022-09-04 09:00:00+00:00,19737.02,19832.48,19727.48,19777.12,7289.67094
2022-09-04 10:00:00+00:00,19777.13,19799.6,19744.2,19757.27,5356.21454
2022-09-04 11:00:00+00:00,19756.28,19852.92,19707.15,19850.79,5914.5946
2022-09-04 12:00:00+00:00,19849.89,19940.0,19777.0,19874.98,9534.51154
2022-09-04 13:00:00+00:00,19874.98,19886.54,19685.15,19712.64,8184.80139
2022-09-04 14:00:00+00:00,19713.6,19754.88,19650.0,19746.71,7401.05993
2022-09-04 15:00:00+00:00,19747.54,19793.32,19682.84,19789.9,5443.21289
2022-09-04 16:00:00+00:00,19790.84,19917.53,19722.0,19890.41,8428.52217
2022-09-04 17:00:00+00:00,19890.41,19956.54,19829.22,19838.47,7347.45801
2022-09-04 18:00:00+00:00,19838.47,19884.34,19800.0,19847.0,5381.46008
2022-09-04 19:00:00+00:00,19847.69,19922.01,19821.21,19882.69,4674.12147
2022-09-04 20:00:00+00:00,19883.18,19932.38,19863.97,19901.81,4092.41042
2022-09-04 21:00:00+00:00,19900.84,19933.34,19830.0,19860.66,3508.44345
2022-09-04 22:00:00+00:00,19860.66,19887.7,19815.0,19833.72,7125.36502
2022-09-04 23:00:00+00:00,19834.86,20029.23,19823.73,20000.3,10777.05116
2022-09-05 00:00:00+00:00,20000.3,20057.27,19878.02,19914.13,10824.02768
2022-09-05 01:00:00+00:00,19914.13,19971.22,19815.0,19839.57,9245.25757
2022-09-05 02:00:00+00:00,19839.57,19867.49,19809.56,19853.4,8017.48555
2022-09-05 03:00:00+00:00,19852.73,19906.38,19813.07,19884.91,7515.48347
2022-09-05 04:00:00+00:00,19884.88,19913.09,19837.09,19886.99,7291.69193
2022-09-05 05:00:00+00:00,19886.99,19888.78,19681.22,19726.04,13386.16721
2022-09-05 06:00:00+00:00,19726.04,19802.0,19703.98,19787.2,8805.06161
2022-09-05 07:00:00+00:00,19786.75,19797.42,19706.41,19750.0,8581.21932
2022-09-05 08:00:00+00:00,19750.51,19792.76,19721.78,19781.65,7396.87913
2022-09-05 09:00:00+00:00,19781.65,19805.47,19729.0,19768.59,7505.74556
2022-09-05 10:00:00+00:00,19768.59,19787.68,19655.0,19691.07,10410.4663
2022-09-05 11:00:00+00:00,19691.07,19723.99,19633.83,19701.95,9974.8362
2022-09-05 12:00:00+00:00,19701.95,19755.31,19667.02,19727.37,10031.01343
2022-09-05 13:00:00+00:00,19726.45,19795.88,19710.51,19744.01,9370.69083
2022-09-05 14:00:00+00:00,19743.22,19880.0,19725.65,19843.21,10278.38284
2022-09-05 15:00:00+00:00,19843.81,19950.7,19832.3,19854.59,15526.80831
2022-09-05 16:00:00+00:00,19854.59,19912.4,19821.22,19845.97,10757.66577
2022-09-05 17:00:00+00:00,19845.97,19858.46,19790.78,19826.49,7421.89084
2022-09-05 18:00:00+00:00,19826.49,19846.65,19670.14,19741.39,12137.33988
2022-09-05 19:00:00+00:00,19741.78,19778.0,19692.0,19708.64,7460.33377
2022-09-05 20:00:00+00:00,19708.64,19794.99,19697.1,19739.7,7636.04202
2022-09-05 21:00:00+00:00,19740.62,19800.0,19700.0,19750.01,4805.35547
2022-09-05 22:00:00+00:00,19750.01,19820.77,19723.7,19804.57,8172.84173
2022-09-05 23:00:00+00:00,19805.95,19870.8,19752.88,19796.84,9990.32415
2022-09-06 00:00:00+00:00,19795.34,20174.58,19776.67,20101.01,18887.74022
2022-09-06 01:00:00+00:00,20100.26,20180.0,19755.05,19771.81,19653.50113
2022-09-06 02:00:00+00:00,19771.81,19828.78,19673.44,19816.58,19355.07434
2022-09-06 03:00:00+00:00,19816.36,19827.0,19701.55,19790.01,10850.51777
2022-09-06 04:00:00+00:00,19790.01,19855.49,19755.0,19761.82,9873.41296
2022-09-06 05:00:00+00:00,19761.95,19842.7,19730.74,19780.9,11391.48241
2022-09-06 06:00:00+00:00,19782.1,19894.58,19763.54,19858.23,11154.42064
2022-09-06 07:00:00+00:00,19858.23,19948.14,19846.84,19905.79,12193.82769
2022-09-06 08:00:00+00:00,19906.88,20027.29,19861.4,20016.57,12504.41357
2022-09-06 09:00:00+00:00,20017.81,20030.82,19877.08,19915.05,11783.19427
2022-09-06 10:00:00+00:00,19915.05,20003.64,19900.16,19914.91,9111.03394
2022-09-06 11:00:00+00:00,19915.44,19962.0,19860.66,19918.33,11088.95527
2022-09-06 12:00:00+00:00,19918.33,19993.67,19846.39,19854.93,13998.78785
2022-09-06 13:00:00+00:00,19852.88,19908.73,19710.0,19781.57,17262.90628
2022-09-06 14:00:00+00:00,19780.65,19864.75,19663.7,19838.81,21170.98111
2022-09-06 15:00:00+00:00,19838.81,19888.26,19772.89,19818.37,15159.18749
2022-09-06 16:00:00+00:00,19818.37,19855.0,19677.31,19747.25,14040.25042
2022-09-06 17:00:00+00:00,19747.25,19756.33,18900.0,19102.32,36618.67851
2022-09-06 18:00:00+00:00,19102.3,19135.48,18945.05,18958.66,18616.99875
2022-09-06 19:00:00+00:00,18958.66,19019.61,18733.97,18824.41,18571.29777
2022-09-06 20:00:00+00:00,18823.48,19011.22,18649.51,18982.41,17755.15199
2022-09-06 21:00:00+00:00,18983.59,19120.0,18922.3,18978.6,6955.24684
2022-09-06 22:00:00+00:00,18978.6,19000.0,18880.62,18909.14,8469.17668
2022-09-06 23:00:00+00:00,18908.09,18920.0,18782.13,18790.61,9848.81928
2022-09-07 00:00:00+00:00,18790.61,18873.17,18656.19,18833.11,15856.22484
2022-09-07 01:00:00+00:00,18833.11,18861.22,18764.15,18787.65,10727.61927
2022-09-07 02:00:00+00:00,18787.65,18828.53,18510.77,18611.13,15366.98897
2022-09-07 03:00:00+00:00,18610.75,18749.33,18608.16,18745.85,11261.60114
2022-09-07 04:00:00+00:00,18745.01,18760.6,18671.22,18721.62,9598.918
2022-09-07 05:00:00+00:00,18720.89,18799.68,18707.23,18759.07,8967.77585
2022-09-07 06:00:00+00:00,18759.31,18843.68,18726.48,18792.95,9070.45287
2022-09-07 07:00:00+00:00,18793.8,18823.97,18722.98,18800.43,10220.87606
2022-09-07 08:00:00+00:00,18799.61,18859.98,18768.0,18804.98,9204.16043
2022-09-07 09:00:00+00:00,18804.99,18823.67,18764.04,18788.19,7343.08074
2022-09-07 10:00:00+00:00,18788.19,18804.35,18730.01,18748.71,8188.96027
2022-09-07 11:00:00+00:00,18748.71,18782.54,18691.22,18739.59,9886.09963
2022-09-07 12:00:00+00:00,18739.78,18786.47,18674.33,18779.9,10656.08588
2022-09-07 13:00:00+00:00,18779.9,18931.8,18773.39,18840.36,18942.42079
2022-09-07 14:00:00+00:00,18840.93,18968.58,18814.22,18905.71,14846.05438
2022-09-07 15:00:00+00:00,18905.71,18936.17,18849.67,18871.35,11228.50534
2022-09-07 16:00:00+00:00,18870.6,18981.22,18850.42,18916.41,13195.70226
2022-09-07 17:00:00+00:00,18916.41,19031.88,18906.0,18998.95,12093.76272
2022-09-07 18:00:00+00:00,18998.95,19188.5,18960.0,19074.73,16534.64511
2022-09-07 19:00:00+00:00,19074.73,19200.0,18990.01,18992.38,14080.69585
2022-09-07 20:00:00+00:00,18992.37,19454.05,18987.89,19387.62,22878.3499
2022-09-07 21:00:00+00:00,19387.62,19464.06,19273.46,19364.28,9577.33864
2022-09-07 22:00:00+00:00,19364.28,19427.0,19314.05,19337.21,9982.01993
2022-09-07 23:00:00+00:00,19337.2,19353.08,19246.24,19292.84,7686.43993
2022-09-08 00:00:00+00:00,19292.85,19384.81,19230.96,19304.51,9421.3868
2022-09-08 01:00:00+00:00,19304.51,19330.02,19151.48,19183.59,8638.09015
2022-09-08 02:00:00+00:00,19183.18,19257.53,19182.35,19238.62,6918.06016
2022-09-08 03:00:00+00:00,19238.62,19260.0,19191.23,19218.4,6921.5607
2022-09-08 04:00:00+00:00,19218.4,19391.22,19211.16,19352.29,10159.21982
2022-09-08 05:00:00+00:00,19351.56,19366.96,19285.09,19302.79,7029.05661
2022-09-08 06:00:00+00:00,19302.6,19351.64,19224.0,19234.31,8804.88316
2022-09-08 07:00:00+00:00,19234.94,19267.35,19056.0,19171.66,17613.60172
2022-09-08 08:00:00+00:00,19171.6,19233.07,19144.29,19227.74,9485.10041
2022-09-08 09:00:00+00:00,19226.9,19240.38,19142.29,19185.04,8605.4149
2022-09-08 10:00:00+00:00,19185.77,19350.99,19172.63,19307.68,11371.83701
2022-09-08 11:00:00+00:00,19307.68,19397.71,19279.08,19311.15,8983.03667
2022-09-08 12:00:00+00:00,19311.6,19378.19,19099.91,19143.12,17276.27335
2022-09-08 13:00:00+00:00,19143.12,19358.94,19012.0,19227.67,23631.72004
2022-09-08 14:00:00+00:00,19227.67,19320.44,19093.6,19315.83,19413.37003
2022-09-08 15:00:00+00:00,19314.44,19349.46,19226.02,19250.81,13058.16418
2022-09-08 16:00:00+00:00,19250.81,19263.16,19093.13,19189.8,14205.33226
2022-09-08 17:00:00+00:00,19189.78,19246.26,19118.46,19199.28,12777.6069
2022-09-08 18:00:00+00:00,19198.57,19246.68,19168.0,19201.24,9962.24108
2022-09-08 19:00:00+00:00,19200.43,19354.04,19181.3,19352.38,9722.83423
2022-09-08 20:00:00+00:00,19352.38,19458.25,19328.2,19376.49,10821.03865
2022-09-08 21:00:00+00:00,19376.49,19383.37,19283.57,19331.89,4151.25745
2022-09-08 22:00:00+00:00,19331.89,19333.2,19251.9,19306.12,7295.27205
2022-09-08 23:00:00+00:00,19305.46,19342.29,19281.0,19319.77,6546.9244
2022-09-09 00:00:00+00:00,19320.54,19399.81,19291.75,19367.99,8654.49193
2022-09-09 01:00:00+00:00,19367.37,19392.81,19327.05,19334.01,6998.50358
2022-09-09 02:00:00+00:00,19334.86,19451.89,19331.53,19398.31,8927.52944
2022-09-09 03:00:00+00:00,19398.31,19956.12,19390.06,19950.73,20866.8486
2022-09-09 04:00:00+00:00,19949.59,20454.58,19928.47,20361.17,27567.46597
2022-09-09 05:00:00+00:00,20361.16,20688.0,20341.32,20534.0,22742.07192
2022-09-09 06:00:00+00:00,20533.97,20800.0,20470.78,20693.48,17902.52565
2022-09-09 07:00:00+00:00,20693.13,20763.99,20586.66,20631.76,16472.09927
2022-09-09 08:00:00+00:00,20631.76,20976.2,20625.26,20779.91,18669.1599
2022-09-09 09:00:00+00:00,20779.91,20792.71,20631.6,20747.46,15072.94265
2022-09-09 10:00:00+00:00,20747.46,21200.0,20715.0,21074.56,25861.30913
2022-09-09 11:00:00+00:00,21074.89,21090.83,20879.1,20937.72,18363.03383
2022-09-09 12:00:00+00:00,20937.72,21261.22,20918.44,21074.36,23141.72086
2022-09-09 13:00:00+00:00,21075.04,21096.3,20912.37,21004.97,21728.52383
2022-09-09 14:00:00+00:00,21003.75,21124.4,20964.42,21100.12,20358.07517
2022-09-09 15:00:00+00:00,21100.69,21337.72,21057.02,21266.79,24648.22974
2022-09-09 16:00:00+00:00,21266.76,21403.05,21143.53,21295.52,26768.93854
2022-09-09 17:00:00+00:00,21297.42,21437.9,21171.22,21246.72,21161.98848
2022-09-09 18:00:00+00:00,21245.55,21254.29,21129.0,21168.86,16647.30412
2022-09-09 19:00:00+00:00,21168.86,21314.02,21152.96,21291.62,15029.52419
2022-09-09 20:00:00+00:00,21291.62,21340.0,21205.81,21294.5,9878.99999
2022-09-09 21:00:00+00:00,21293.71,21334.42,21186.07,21250.38,6168.0954
2022-09-09 22:00:00+00:00,21250.38,21399.99,21225.2,21347.09,12784.08572
2022-09-09 23:00:00+00:00,21346.47,21597.22,21247.74,21360.11,22506.27861
2022-09-10 00:00:00+00:00,21361.62,21391.65,21163.25,21258.74,18546.09215
2022-09-10 01:00:00+00:00,21258.39,21346.2,21251.22,21289.63,9901.43136
2022-09-10 02:00:00+00:00,21289.63,21316.25,21195.08,21301.74,9371.31613
2022-09-10 03:00:00+00:00,21302.94,21376.49,21279.31,21303.07,8426.91104
2022-09-10 04:00:00+00:00,21301.88,21456.13,21292.3,21453.23,12277.50762
2022-09-10 05:00:00+00:00,21453.94,21672.24,21417.88,21543.98,19805.56587
2022-09-10 06:00:00+00:00,21544.66,21585.0,21462.39,21525.26,12200.30177
2022-09-10 07:00:00+00:00,21525.26,21560.93,21251.59,21283.87,15119.0247
2022-09-10 08:00:00+00:00,21283.89,21385.23,21278.54,21327.82,12273.03351
2022-09-10 09:00:00+00:00,21327.82,21393.99,21300.01,21321.97,9408.49911
2022-09-10 10:00:00+00:00,21322.5,21386.94,21253.5,21340.75,11598.5041
2022-09-10 11:00:00+00:00,21341.17,21375.6,21282.02,21285.11,9331.22774
2022-09-10 12:00:00+00:00,21285.11,21363.01,21169.25,21309.23,15873.8332
2022-09-10 13:00:00+00:00,21308.63,21313.15,21132.0,21174.38,12863.46587
2022-09-10 14:00:00+00:00,21172.82,21283.23,21111.13,21242.48,12413.59896
2022-09-10 15:00:00+00:00,21242.48,21296.1,21190.09,21219.36,11468.68974
2022-09-10 16:00:00+00:00,21220.18,21446.97,21171.44,21407.08,16491.44534
2022-09-10 17:00:00+00:00,21408.24,21423.8,21280.06,21287.12,10735.44534
2022-09-10 18:00:00+00:00,21287.84,21487.99,21281.1,21447.62,13029.20702
2022-09-10 19:00:00+00:00,21446.86,21646.0,21433.4,21579.1,13883.40578
2022-09-10 20:00:00+00:00,21579.1,21598.95,21361.64,21423.53,12546.24781
2022-09-10 21:00:00+00:00,21423.53,21796.18,21420.36,21606.07,11016.02678
2022-09-10 22:00:00+00:00,21606.07,21810.8,21580.0,21758.0,17082.44701
2022-09-10 23:00:00+00:00,21757.98,21792.63,21641.02,21648.34,12334.10709
2022-09-11 00:00:00+00:00,21647.21,21682.6,21537.58,21548.91,10049.83834
2022-09-11 01:00:00+00:00,21548.91,21671.32,21530.11,21610.85,10448.95624
2022-09-11 02:00:00+00:00,21610.15,21625.64,21450.01,21507.1,9854.97204
2022-09-11 03:00:00+00:00,21505.86,21565.11,21504.44,21542.42,7502.01819
2022-09-11 04:00:00+00:00,21542.42,21643.61,21537.18,21556.42,8822.66499
2022-09-11 05:00:00+00:00,21555.12,21617.53,21524.2,21590.3,8402.73532
2022-09-11 06:00:00+00:00,21590.3,21634.4,21350.0,21442.22,14291.14932
2022-09-11 07:00:00+00:00,21442.22,21620.95,21428.56,21611.49,11704.38756
2022-09-11 08:00:00+00:00,21610.82,21726.6,21557.38,21670.68,12618.30349
2022-09-11 09:00:00+00:00,21670.68,21698.35,21584.22,21604.0,9945.23222
2022-09-11 10:00:00+00:00,21604.14,21676.52,21571.43,21593.97,8961.43819
2022-09-11 11:00:00+00:00,21594.82,21698.36,21593.2,21613.03,11192.09236
2022-09-11 12:00:00+00:00,21613.03,21653.15,21500.0,21615.47,13756.46709
2022-09-11 13:00:00+00:00,21616.74,21627.32,21506.3,21542.93,11333.41072
2022-09-11 14:00:00+00:00,21542.93,21568.18,21455.0,21511.69,11872.53723
2022-09-11 15:00:00+00:00,21511.69,21753.75,21496.37,21643.16,16507.10279
2022-09-11 16:00:00+00:00,21642.07,21723.63,21591.79,21679.07,12322.90889
2022-09-11 17:00:00+00:00,21679.07,21860.0,21600.0,21628.35,16062.38028
2022-09-11 18:00:00+00:00,21628.35,21682.52,21530.0,21548.83,12359.72722
2022-09-11 19:00:00+00:00,21549.78,21629.55,21540.35,21617.99,9050.27545
2022-09-11 20:00:00+00:00,21617.99,21680.7,21456.67,21635.72,16364.93994
2022-09-11 21:00:00+00:00,21634.98,21736.49,21463.0,21511.51,10315.91105
2022-09-11 22:00:00+00:00,21511.51,21684.36,21509.97,21635.88,14271.1547
2022-09-11 23:00:00+00:00,21635.88,21850.0,21576.65,21826.87,12691.94787
2022-09-12 00:00:00+00:00,21826.87,21855.51,21632.89,21637.99,14759.33137
